[2026-02-06 19:27:35] local.INFO: Menu Request: {"user_id":19,"actual_role":"teacher","requested_role":"teacher","is_admin":false,"has_super_admin":true} 
[2026-02-06 19:27:35] local.INFO: Role Override Applied: teacher  
[2026-02-06 19:27:55] local.INFO: Menu Request: {"user_id":19,"actual_role":"teacher","requested_role":"teacher","is_admin":false,"has_super_admin":true} 
[2026-02-06 19:27:55] local.INFO: Role Override Applied: teacher  
[2026-02-06 19:28:33] local.INFO: Menu Request: {"user_id":19,"actual_role":"teacher","requested_role":"teacher","is_admin":false,"has_super_admin":true} 
[2026-02-06 19:28:33] local.INFO: Role Override Applied: teacher  
[2026-02-07 06:40:21] local.INFO: Menu Request: {"user_id":19,"actual_role":"teacher","requested_role":"teacher","is_admin":false,"has_super_admin":true} 
[2026-02-07 06:40:21] local.INFO: Role Override Applied: teacher  
[2026-02-07 07:00:53] local.INFO: Menu Request: {"user_id":19,"actual_role":"teacher","requested_role":"teacher","is_admin":false,"has_super_admin":true} 
[2026-02-07 07:00:53] local.INFO: Role Override Applied: teacher  
[2026-02-07 07:01:02] local.ERROR: Unsupported operand types: string + int {"userId":19,"exception":"[object] (TypeError(code: 0): Unsupported operand types: string + int at /Users/ahmedmosaad/Herd/myclass2026-main/app/Http/Controllers/QuQuestionController.php:242)
[stacktrace]
#0 [internal function]: App\\Http\\Controllers\\QuQuestionController->{closure:App\\Http\\Controllers\\QuQuestionController::apiIndex():236}(Object(App\\Models\\QuQuestion), 0)
#1 /Users/ahmedmosaad/Herd/myclass2026-main/vendor/laravel/framework/src/Illuminate/Collections/Arr.php(609): array_map(Object(Closure), Array, Array)
#2 /Users/ahmedmosaad/Herd/myclass2026-main/vendor/laravel/framework/src/Illuminate/Collections/Collection.php(800): Illuminate\\Support\\Arr::map(Array, Object(Closure))
#3 /Users/ahmedmosaad/Herd/myclass2026-main/vendor/laravel/framework/src/Illuminate/Database/Eloquent/Collection.php(388): Illuminate\\Support\\Collection->map(Object(Closure))
#4 /Users/ahmedmosaad/Herd/myclass2026-main/app/Http/Controllers/QuQuestionController.php(236): Illuminate\\Database\\Eloquent\\Collection->map(Object(Closure))
#5 /Users/ahmedmosaad/Herd/myclass2026-main/vendor/laravel/framework/src/Illuminate/Routing/ControllerDispatcher.php(47): App\\Http\\Controllers\\QuQuestionController->apiIndex(Object(Illuminate\\Http\\Request))
#6 /Users/ahmedmosaad/Herd/myclass2026-main/vendor/laravel/framework/src/Illuminate/Routing/Route.php(266): Illuminate\\Routing\\ControllerDispatcher->dispatch(Object(Illuminate\\Routing\\Route), Object(App\\Http\\Controllers\\QuQuestionController), 'apiIndex')
#7 /Users/ahmedmosaad/Herd/myclass2026-main/vendor/laravel/framework/src/Illuminate/Routing/Route.php(212): Illuminate\\Routing\\Route->runController()
#8 /Users/ahmedmosaad/Herd/myclass2026-main/vendor/laravel/framework/src/Illuminate/Routing/Router.php(808): Illuminate\\Routing\\Route->run()
#9 /Users/ahmedmosaad/Herd/myclass2026-main/vendor/laravel/framework/src/Illuminate/Pipeline/Pipeline.php(170): Illuminate\\Routing\\Router->{closure:Illuminate\\Routing\\Router::runRouteWithinStack():807}(Object(Illuminate\\Http\\Request))
#10 /Users/ahmedmosaad/Herd/myclass2026-main/app/Http/Middleware/TrackLastActive.php(28): Illuminate\\Pipeline\\Pipeline->{closure:Illuminate\\Pipeline\\Pipeline::prepareDestination():168}(Object(Illuminate\\Http\\Request))
#11 /Users/ahmedmosaad/Herd/myclass2026-main/vendor/laravel/framework/src/Illuminate/Pipeline/Pipeline.php(209): App\\Http\\Middleware\\TrackLastActive->handle(Object(Illuminate\\Http\\Request), Object(Closure))
#12 /Users/ahmedmosaad/Herd/myclass2026-main/app/Http/Middleware/LogPageVisit.php(23): Illuminate\\Pipeline\\Pipeline->{closure:{closure:Illuminate\\Pipeline\\Pipeline::carry():184}:185}(Object(Illuminate\\Http\\Request))
#13 /Users/ahmedmosaad/Herd/myclass2026-main/vendor/laravel/framework/src/Illuminate/Pipeline/Pipeline.php(209): App\\Http\\Middleware\\LogPageVisit->handle(Object(Illuminate\\Http\\Request), Object(Closure))
#14 /Users/ahmedmosaad/Herd/myclass2026-main/vendor/laravel/framework/src/Illuminate/Http/Middleware/AddLinkHeadersForPreloadedAssets.php(20): Illuminate\\Pipeline\\Pipeline->{closure:{closure:Illuminate\\Pipeline\\Pipeline::carry():184}:185}(Object(Illuminate\\Http\\Request))
#15 /Users/ahmedmosaad/Herd/myclass2026-main/vendor/laravel/framework/src/Illuminate/Pipeline/Pipeline.php(209): Illuminate\\Http\\Middleware\\AddLinkHeadersForPreloadedAssets->handle(Object(Illuminate\\Http\\Request), Object(Closure))
#16 /Users/ahmedmosaad/Herd/myclass2026-main/vendor/inertiajs/inertia-laravel/src/Middleware.php(86): Illuminate\\Pipeline\\Pipeline->{closure:{closure:Illuminate\\Pipeline\\Pipeline::carry():184}:185}(Object(Illuminate\\Http\\Request))
#17 /Users/ahmedmosaad/Herd/myclass2026-main/app/Http/Middleware/HandleInertiaRequests.php(94): Inertia\\Middleware->handle(Object(Illuminate\\Http\\Request), Object(Closure))
#18 /Users/ahmedmosaad/Herd/myclass2026-main/vendor/laravel/framework/src/Illuminate/Pipeline/Pipeline.php(209): App\\Http\\Middleware\\HandleInertiaRequests->handle(Object(Illuminate\\Http\\Request), Object(Closure))
#19 /Users/ahmedmosaad/Herd/myclass2026-main/vendor/laravel/jetstream/src/Http/Middleware/ShareInertiaData.php(69): Illuminate\\Pipeline\\Pipeline->{closure:{closure:Illuminate\\Pipeline\\Pipeline::carry():184}:185}(Object(Illuminate\\Http\\Request))
#20 /Users/ahmedmosaad/Herd/myclass2026-main/vendor/laravel/framework/src/Illuminate/Pipeline/Pipeline.php(209): Laravel\\Jetstream\\Http\\Middleware\\ShareInertiaData->handle(Object(Illuminate\\Http\\Request), Object(Closure))
#21 /Users/ahmedmosaad/Herd/myclass2026-main/vendor/laravel/framework/src/Illuminate/Foundation/Http/Middleware/VerifyCsrfToken.php(88): Illuminate\\Pipeline\\Pipeline->{closure:{closure:Illuminate\\Pipeline\\Pipeline::carry():184}:185}(Object(Illuminate\\Http\\Request))
#22 /Users/ahmedmosaad/Herd/myclass2026-main/vendor/laravel/framework/src/Illuminate/Pipeline/Pipeline.php(209): Illuminate\\Foundation\\Http\\Middleware\\VerifyCsrfToken->handle(Object(Illuminate\\Http\\Request), Object(Closure))
#23 /Users/ahmedmosaad/Herd/myclass2026-main/vendor/laravel/framework/src/Illuminate/Routing/Middleware/SubstituteBindings.php(51): Illuminate\\Pipeline\\Pipeline->{closure:{closure:Illuminate\\Pipeline\\Pipeline::carry():184}:185}(Object(Illuminate\\Http\\Request))
#24 /Users/ahmedmosaad/Herd/myclass2026-main/vendor/laravel/framework/src/Illuminate/Pipeline/Pipeline.php(209): Illuminate\\Routing\\Middleware\\SubstituteBindings->handle(Object(Illuminate\\Http\\Request), Object(Closure))
#25 /Users/ahmedmosaad/Herd/myclass2026-main/vendor/laravel/framework/src/Illuminate/Auth/Middleware/Authenticate.php(64): Illuminate\\Pipeline\\Pipeline->{closure:{closure:Illuminate\\Pipeline\\Pipeline::carry():184}:185}(Object(Illuminate\\Http\\Request))
#26 /Users/ahmedmosaad/Herd/myclass2026-main/vendor/laravel/framework/src/Illuminate/Pipeline/Pipeline.php(209): Illuminate\\Auth\\Middleware\\Authenticate->handle(Object(Illuminate\\Http\\Request), Object(Closure), 'sanctum')
#27 /Users/ahmedmosaad/Herd/myclass2026-main/vendor/laravel/framework/src/Illuminate/View/Middleware/ShareErrorsFromSession.php(49): Illuminate\\Pipeline\\Pipeline->{closure:{closure:Illuminate\\Pipeline\\Pipeline::carry():184}:185}(Object(Illuminate\\Http\\Request))
#28 /Users/ahmedmosaad/Herd/myclass2026-main/vendor/laravel/framework/src/Illuminate/Pipeline/Pipeline.php(209): Illuminate\\View\\Middleware\\ShareErrorsFromSession->handle(Object(Illuminate\\Http\\Request), Object(Closure))
#29 /Users/ahmedmosaad/Herd/myclass2026-main/vendor/laravel/framework/src/Illuminate/Session/Middleware/StartSession.php(121): Illuminate\\Pipeline\\Pipeline->{closure:{closure:Illuminate\\Pipeline\\Pipeline::carry():184}:185}(Object(Illuminate\\Http\\Request))
#30 /Users/ahmedmosaad/Herd/myclass2026-main/vendor/laravel/framework/src/Illuminate/Session/Middleware/StartSession.php(64): Illuminate\\Session\\Middleware\\StartSession->handleStatefulRequest(Object(Illuminate\\Http\\Request), Object(Illuminate\\Session\\Store), Object(Closure))
#31 /Users/ahmedmosaad/Herd/myclass2026-main/vendor/laravel/framework/src/Illuminate/Pipeline/Pipeline.php(209): Illuminate\\Session\\Middleware\\StartSession->handle(Object(Illuminate\\Http\\Request), Object(Closure))
#32 /Users/ahmedmosaad/Herd/myclass2026-main/vendor/laravel/framework/src/Illuminate/Cookie/Middleware/AddQueuedCookiesToResponse.php(37): Illuminate\\Pipeline\\Pipeline->{closure:{closure:Illuminate\\Pipeline\\Pipeline::carry():184}:185}(Object(Illuminate\\Http\\Request))
#33 /Users/ahmedmosaad/Herd/myclass2026-main/vendor/laravel/framework/src/Illuminate/Pipeline/Pipeline.php(209): Illuminate\\Cookie\\Middleware\\AddQueuedCookiesToResponse->handle(Object(Illuminate\\Http\\Request), Object(Closure))
#34 /Users/ahmedmosaad/Herd/myclass2026-main/vendor/laravel/framework/src/Illuminate/Cookie/Middleware/EncryptCookies.php(75): Illuminate\\Pipeline\\Pipeline->{closure:{closure:Illuminate\\Pipeline\\Pipeline::carry():184}:185}(Object(Illuminate\\Http\\Request))
#35 /Users/ahmedmosaad/Herd/myclass2026-main/vendor/laravel/framework/src/Illuminate/Pipeline/Pipeline.php(209): Illuminate\\Cookie\\Middleware\\EncryptCookies->handle(Object(Illuminate\\Http\\Request), Object(Closure))
#36 /Users/ahmedmosaad/Herd/myclass2026-main/vendor/laravel/framework/src/Illuminate/Pipeline/Pipeline.php(127): Illuminate\\Pipeline\\Pipeline->{closure:{closure:Illuminate\\Pipeline\\Pipeline::carry():184}:185}(Object(Illuminate\\Http\\Request))
#37 /Users/ahmedmosaad/Herd/myclass2026-main/vendor/laravel/framework/src/Illuminate/Routing/Router.php(807): Illuminate\\Pipeline\\Pipeline->then(Object(Closure))
#38 /Users/ahmedmosaad/Herd/myclass2026-main/vendor/laravel/framework/src/Illuminate/Routing/Router.php(786): Illuminate\\Routing\\Router->runRouteWithinStack(Object(Illuminate\\Routing\\Route), Object(Illuminate\\Http\\Request))
#39 /Users/ahmedmosaad/Herd/myclass2026-main/vendor/laravel/framework/src/Illuminate/Routing/Router.php(750): Illuminate\\Routing\\Router->runRoute(Object(Illuminate\\Http\\Request), Object(Illuminate\\Routing\\Route))
#40 /Users/ahmedmosaad/Herd/myclass2026-main/vendor/laravel/framework/src/Illuminate/Routing/Router.php(739): Illuminate\\Routing\\Router->dispatchToRoute(Object(Illuminate\\Http\\Request))
#41 /Users/ahmedmosaad/Herd/myclass2026-main/vendor/laravel/framework/src/Illuminate/Foundation/Http/Kernel.php(201): Illuminate\\Routing\\Router->dispatch(Object(Illuminate\\Http\\Request))
#42 /Users/ahmedmosaad/Herd/myclass2026-main/vendor/laravel/framework/src/Illuminate/Pipeline/Pipeline.php(170): Illuminate\\Foundation\\Http\\Kernel->{closure:Illuminate\\Foundation\\Http\\Kernel::dispatchToRouter():198}(Object(Illuminate\\Http\\Request))
#43 /Users/ahmedmosaad/Herd/myclass2026-main/vendor/laravel/framework/src/Illuminate/Foundation/Http/Middleware/TransformsRequest.php(21): Illuminate\\Pipeline\\Pipeline->{closure:Illuminate\\Pipeline\\Pipeline::prepareDestination():168}(Object(Illuminate\\Http\\Request))
#44 /Users/ahmedmosaad/Herd/myclass2026-main/vendor/laravel/framework/src/Illuminate/Foundation/Http/Middleware/ConvertEmptyStringsToNull.php(31): Illuminate\\Foundation\\Http\\Middleware\\TransformsRequest->handle(Object(Illuminate\\Http\\Request), Object(Closure))
#45 /Users/ahmedmosaad/Herd/myclass2026-main/vendor/laravel/framework/src/Illuminate/Pipeline/Pipeline.php(209): Illuminate\\Foundation\\Http\\Middleware\\ConvertEmptyStringsToNull->handle(Object(Illuminate\\Http\\Request), Object(Closure))
#46 /Users/ahmedmosaad/Herd/myclass2026-main/vendor/laravel/framework/src/Illuminate/Foundation/Http/Middleware/TransformsRequest.php(21): Illuminate\\Pipeline\\Pipeline->{closure:{closure:Illuminate\\Pipeline\\Pipeline::carry():184}:185}(Object(Illuminate\\Http\\Request))
#47 /Users/ahmedmosaad/Herd/myclass2026-main/vendor/laravel/framework/src/Illuminate/Foundation/Http/Middleware/TrimStrings.php(51): Illuminate\\Foundation\\Http\\Middleware\\TransformsRequest->handle(Object(Illuminate\\Http\\Request), Object(Closure))
#48 /Users/ahmedmosaad/Herd/myclass2026-main/vendor/laravel/framework/src/Illuminate/Pipeline/Pipeline.php(209): Illuminate\\Foundation\\Http\\Middleware\\TrimStrings->handle(Object(Illuminate\\Http\\Request), Object(Closure))
#49 /Users/ahmedmosaad/Herd/myclass2026-main/vendor/laravel/framework/src/Illuminate/Http/Middleware/ValidatePostSize.php(27): Illuminate\\Pipeline\\Pipeline->{closure:{closure:Illuminate\\Pipeline\\Pipeline::carry():184}:185}(Object(Illuminate\\Http\\Request))
#50 /Users/ahmedmosaad/Herd/myclass2026-main/vendor/laravel/framework/src/Illuminate/Pipeline/Pipeline.php(209): Illuminate\\Http\\Middleware\\ValidatePostSize->handle(Object(Illuminate\\Http\\Request), Object(Closure))
#51 /Users/ahmedmosaad/Herd/myclass2026-main/vendor/laravel/framework/src/Illuminate/Foundation/Http/Middleware/PreventRequestsDuringMaintenance.php(110): Illuminate\\Pipeline\\Pipeline->{closure:{closure:Illuminate\\Pipeline\\Pipeline::carry():184}:185}(Object(Illuminate\\Http\\Request))
#52 /Users/ahmedmosaad/Herd/myclass2026-main/vendor/laravel/framework/src/Illuminate/Pipeline/Pipeline.php(209): Illuminate\\Foundation\\Http\\Middleware\\PreventRequestsDuringMaintenance->handle(Object(Illuminate\\Http\\Request), Object(Closure))
#53 /Users/ahmedmosaad/Herd/myclass2026-main/vendor/laravel/framework/src/Illuminate/Http/Middleware/HandleCors.php(62): Illuminate\\Pipeline\\Pipeline->{closure:{closure:Illuminate\\Pipeline\\Pipeline::carry():184}:185}(Object(Illuminate\\Http\\Request))
#54 /Users/ahmedmosaad/Herd/myclass2026-main/vendor/laravel/framework/src/Illuminate/Pipeline/Pipeline.php(209): Illuminate\\Http\\Middleware\\HandleCors->handle(Object(Illuminate\\Http\\Request), Object(Closure))
#55 /Users/ahmedmosaad/Herd/myclass2026-main/vendor/laravel/framework/src/Illuminate/Http/Middleware/TrustProxies.php(58): Illuminate\\Pipeline\\Pipeline->{closure:{closure:Illuminate\\Pipeline\\Pipeline::carry():184}:185}(Object(Illuminate\\Http\\Request))
#56 /Users/ahmedmosaad/Herd/myclass2026-main/vendor/laravel/framework/src/Illuminate/Pipeline/Pipeline.php(209): Illuminate\\Http\\Middleware\\TrustProxies->handle(Object(Illuminate\\Http\\Request), Object(Closure))
#57 /Users/ahmedmosaad/Herd/myclass2026-main/vendor/laravel/framework/src/Illuminate/Foundation/Http/Middleware/InvokeDeferredCallbacks.php(22): Illuminate\\Pipeline\\Pipeline->{closure:{closure:Illuminate\\Pipeline\\Pipeline::carry():184}:185}(Object(Illuminate\\Http\\Request))
#58 /Users/ahmedmosaad/Herd/myclass2026-main/vendor/laravel/framework/src/Illuminate/Pipeline/Pipeline.php(209): Illuminate\\Foundation\\Http\\Middleware\\InvokeDeferredCallbacks->handle(Object(Illuminate\\Http\\Request), Object(Closure))
#59 /Users/ahmedmosaad/Herd/myclass2026-main/vendor/laravel/framework/src/Illuminate/Http/Middleware/ValidatePathEncoding.php(26): Illuminate\\Pipeline\\Pipeline->{closure:{closure:Illuminate\\Pipeline\\Pipeline::carry():184}:185}(Object(Illuminate\\Http\\Request))
#60 /Users/ahmedmosaad/Herd/myclass2026-main/vendor/laravel/framework/src/Illuminate/Pipeline/Pipeline.php(209): Illuminate\\Http\\Middleware\\ValidatePathEncoding->handle(Object(Illuminate\\Http\\Request), Object(Closure))
#61 /Users/ahmedmosaad/Herd/myclass2026-main/vendor/laravel/framework/src/Illuminate/Pipeline/Pipeline.php(127): Illuminate\\Pipeline\\Pipeline->{closure:{closure:Illuminate\\Pipeline\\Pipeline::carry():184}:185}(Object(Illuminate\\Http\\Request))
#62 /Users/ahmedmosaad/Herd/myclass2026-main/vendor/laravel/framework/src/Illuminate/Foundation/Http/Kernel.php(176): Illuminate\\Pipeline\\Pipeline->then(Object(Closure))
#63 /Users/ahmedmosaad/Herd/myclass2026-main/vendor/laravel/framework/src/Illuminate/Foundation/Http/Kernel.php(145): Illuminate\\Foundation\\Http\\Kernel->sendRequestThroughRouter(Object(Illuminate\\Http\\Request))
#64 /Users/ahmedmosaad/Herd/myclass2026-main/vendor/laravel/framework/src/Illuminate/Foundation/Application.php(1220): Illuminate\\Foundation\\Http\\Kernel->handle(Object(Illuminate\\Http\\Request))
#65 /Users/ahmedmosaad/Herd/myclass2026-main/public/index.php(20): Illuminate\\Foundation\\Application->handleRequest(Object(Illuminate\\Http\\Request))
#66 /Users/ahmedmosaad/Herd/myclass2026-main/vendor/laravel/framework/src/Illuminate/Foundation/resources/server.php(23): require_once('/Users/ahmedmos...')
#67 {main}
"} 
[2026-02-07 07:01:03] local.INFO: Menu Request: {"user_id":19,"actual_role":"teacher","requested_role":"teacher","is_admin":false,"has_super_admin":true} 
[2026-02-07 07:01:03] local.INFO: Role Override Applied: teacher  
[2026-02-07 07:01:03] local.ERROR: Unsupported operand types: string + int {"userId":19,"exception":"[object] (TypeError(code: 0): Unsupported operand types: string + int at /Users/ahmedmosaad/Herd/myclass2026-main/app/Http/Controllers/QuQuestionController.php:242)
[stacktrace]
#0 [internal function]: App\\Http\\Controllers\\QuQuestionController->{closure:App\\Http\\Controllers\\QuQuestionController::apiIndex():236}(Object(App\\Models\\QuQuestion), 0)
#1 /Users/ahmedmosaad/Herd/myclass2026-main/vendor/laravel/framework/src/Illuminate/Collections/Arr.php(609): array_map(Object(Closure), Array, Array)
#2 /Users/ahmedmosaad/Herd/myclass2026-main/vendor/laravel/framework/src/Illuminate/Collections/Collection.php(800): Illuminate\\Support\\Arr::map(Array, Object(Closure))
#3 /Users/ahmedmosaad/Herd/myclass2026-main/vendor/laravel/framework/src/Illuminate/Database/Eloquent/Collection.php(388): Illuminate\\Support\\Collection->map(Object(Closure))
#4 /Users/ahmedmosaad/Herd/myclass2026-main/app/Http/Controllers/QuQuestionController.php(236): Illuminate\\Database\\Eloquent\\Collection->map(Object(Closure))
#5 /Users/ahmedmosaad/Herd/myclass2026-main/vendor/laravel/framework/src/Illuminate/Routing/ControllerDispatcher.php(47): App\\Http\\Controllers\\QuQuestionController->apiIndex(Object(Illuminate\\Http\\Request))
#6 /Users/ahmedmosaad/Herd/myclass2026-main/vendor/laravel/framework/src/Illuminate/Routing/Route.php(266): Illuminate\\Routing\\ControllerDispatcher->dispatch(Object(Illuminate\\Routing\\Route), Object(App\\Http\\Controllers\\QuQuestionController), 'apiIndex')
#7 /Users/ahmedmosaad/Herd/myclass2026-main/vendor/laravel/framework/src/Illuminate/Routing/Route.php(212): Illuminate\\Routing\\Route->runController()
#8 /Users/ahmedmosaad/Herd/myclass2026-main/vendor/laravel/framework/src/Illuminate/Routing/Router.php(808): Illuminate\\Routing\\Route->run()
#9 /Users/ahmedmosaad/Herd/myclass2026-main/vendor/laravel/framework/src/Illuminate/Pipeline/Pipeline.php(170): Illuminate\\Routing\\Router->{closure:Illuminate\\Routing\\Router::runRouteWithinStack():807}(Object(Illuminate\\Http\\Request))
#10 /Users/ahmedmosaad/Herd/myclass2026-main/app/Http/Middleware/TrackLastActive.php(28): Illuminate\\Pipeline\\Pipeline->{closure:Illuminate\\Pipeline\\Pipeline::prepareDestination():168}(Object(Illuminate\\Http\\Request))
#11 /Users/ahmedmosaad/Herd/myclass2026-main/vendor/laravel/framework/src/Illuminate/Pipeline/Pipeline.php(209): App\\Http\\Middleware\\TrackLastActive->handle(Object(Illuminate\\Http\\Request), Object(Closure))
#12 /Users/ahmedmosaad/Herd/myclass2026-main/app/Http/Middleware/LogPageVisit.php(23): Illuminate\\Pipeline\\Pipeline->{closure:{closure:Illuminate\\Pipeline\\Pipeline::carry():184}:185}(Object(Illuminate\\Http\\Request))
#13 /Users/ahmedmosaad/Herd/myclass2026-main/vendor/laravel/framework/src/Illuminate/Pipeline/Pipeline.php(209): App\\Http\\Middleware\\LogPageVisit->handle(Object(Illuminate\\Http\\Request), Object(Closure))
#14 /Users/ahmedmosaad/Herd/myclass2026-main/vendor/laravel/framework/src/Illuminate/Http/Middleware/AddLinkHeadersForPreloadedAssets.php(20): Illuminate\\Pipeline\\Pipeline->{closure:{closure:Illuminate\\Pipeline\\Pipeline::carry():184}:185}(Object(Illuminate\\Http\\Request))
#15 /Users/ahmedmosaad/Herd/myclass2026-main/vendor/laravel/framework/src/Illuminate/Pipeline/Pipeline.php(209): Illuminate\\Http\\Middleware\\AddLinkHeadersForPreloadedAssets->handle(Object(Illuminate\\Http\\Request), Object(Closure))
#16 /Users/ahmedmosaad/Herd/myclass2026-main/vendor/inertiajs/inertia-laravel/src/Middleware.php(86): Illuminate\\Pipeline\\Pipeline->{closure:{closure:Illuminate\\Pipeline\\Pipeline::carry():184}:185}(Object(Illuminate\\Http\\Request))
#17 /Users/ahmedmosaad/Herd/myclass2026-main/app/Http/Middleware/HandleInertiaRequests.php(94): Inertia\\Middleware->handle(Object(Illuminate\\Http\\Request), Object(Closure))
#18 /Users/ahmedmosaad/Herd/myclass2026-main/vendor/laravel/framework/src/Illuminate/Pipeline/Pipeline.php(209): App\\Http\\Middleware\\HandleInertiaRequests->handle(Object(Illuminate\\Http\\Request), Object(Closure))
#19 /Users/ahmedmosaad/Herd/myclass2026-main/vendor/laravel/jetstream/src/Http/Middleware/ShareInertiaData.php(69): Illuminate\\Pipeline\\Pipeline->{closure:{closure:Illuminate\\Pipeline\\Pipeline::carry():184}:185}(Object(Illuminate\\Http\\Request))
#20 /Users/ahmedmosaad/Herd/myclass2026-main/vendor/laravel/framework/src/Illuminate/Pipeline/Pipeline.php(209): Laravel\\Jetstream\\Http\\Middleware\\ShareInertiaData->handle(Object(Illuminate\\Http\\Request), Object(Closure))
#21 /Users/ahmedmosaad/Herd/myclass2026-main/vendor/laravel/framework/src/Illuminate/Foundation/Http/Middleware/VerifyCsrfToken.php(88): Illuminate\\Pipeline\\Pipeline->{closure:{closure:Illuminate\\Pipeline\\Pipeline::carry():184}:185}(Object(Illuminate\\Http\\Request))
#22 /Users/ahmedmosaad/Herd/myclass2026-main/vendor/laravel/framework/src/Illuminate/Pipeline/Pipeline.php(209): Illuminate\\Foundation\\Http\\Middleware\\VerifyCsrfToken->handle(Object(Illuminate\\Http\\Request), Object(Closure))
#23 /Users/ahmedmosaad/Herd/myclass2026-main/vendor/laravel/framework/src/Illuminate/Routing/Middleware/SubstituteBindings.php(51): Illuminate\\Pipeline\\Pipeline->{closure:{closure:Illuminate\\Pipeline\\Pipeline::carry():184}:185}(Object(Illuminate\\Http\\Request))
#24 /Users/ahmedmosaad/Herd/myclass2026-main/vendor/laravel/framework/src/Illuminate/Pipeline/Pipeline.php(209): Illuminate\\Routing\\Middleware\\SubstituteBindings->handle(Object(Illuminate\\Http\\Request), Object(Closure))
#25 /Users/ahmedmosaad/Herd/myclass2026-main/vendor/laravel/framework/src/Illuminate/Auth/Middleware/Authenticate.php(64): Illuminate\\Pipeline\\Pipeline->{closure:{closure:Illuminate\\Pipeline\\Pipeline::carry():184}:185}(Object(Illuminate\\Http\\Request))
#26 /Users/ahmedmosaad/Herd/myclass2026-main/vendor/laravel/framework/src/Illuminate/Pipeline/Pipeline.php(209): Illuminate\\Auth\\Middleware\\Authenticate->handle(Object(Illuminate\\Http\\Request), Object(Closure), 'sanctum')
#27 /Users/ahmedmosaad/Herd/myclass2026-main/vendor/laravel/framework/src/Illuminate/View/Middleware/ShareErrorsFromSession.php(49): Illuminate\\Pipeline\\Pipeline->{closure:{closure:Illuminate\\Pipeline\\Pipeline::carry():184}:185}(Object(Illuminate\\Http\\Request))
#28 /Users/ahmedmosaad/Herd/myclass2026-main/vendor/laravel/framework/src/Illuminate/Pipeline/Pipeline.php(209): Illuminate\\View\\Middleware\\ShareErrorsFromSession->handle(Object(Illuminate\\Http\\Request), Object(Closure))
#29 /Users/ahmedmosaad/Herd/myclass2026-main/vendor/laravel/framework/src/Illuminate/Session/Middleware/StartSession.php(121): Illuminate\\Pipeline\\Pipeline->{closure:{closure:Illuminate\\Pipeline\\Pipeline::carry():184}:185}(Object(Illuminate\\Http\\Request))
#30 /Users/ahmedmosaad/Herd/myclass2026-main/vendor/laravel/framework/src/Illuminate/Session/Middleware/StartSession.php(64): Illuminate\\Session\\Middleware\\StartSession->handleStatefulRequest(Object(Illuminate\\Http\\Request), Object(Illuminate\\Session\\Store), Object(Closure))
#31 /Users/ahmedmosaad/Herd/myclass2026-main/vendor/laravel/framework/src/Illuminate/Pipeline/Pipeline.php(209): Illuminate\\Session\\Middleware\\StartSession->handle(Object(Illuminate\\Http\\Request), Object(Closure))
#32 /Users/ahmedmosaad/Herd/myclass2026-main/vendor/laravel/framework/src/Illuminate/Cookie/Middleware/AddQueuedCookiesToResponse.php(37): Illuminate\\Pipeline\\Pipeline->{closure:{closure:Illuminate\\Pipeline\\Pipeline::carry():184}:185}(Object(Illuminate\\Http\\Request))
#33 /Users/ahmedmosaad/Herd/myclass2026-main/vendor/laravel/framework/src/Illuminate/Pipeline/Pipeline.php(209): Illuminate\\Cookie\\Middleware\\AddQueuedCookiesToResponse->handle(Object(Illuminate\\Http\\Request), Object(Closure))
#34 /Users/ahmedmosaad/Herd/myclass2026-main/vendor/laravel/framework/src/Illuminate/Cookie/Middleware/EncryptCookies.php(75): Illuminate\\Pipeline\\Pipeline->{closure:{closure:Illuminate\\Pipeline\\Pipeline::carry():184}:185}(Object(Illuminate\\Http\\Request))
#35 /Users/ahmedmosaad/Herd/myclass2026-main/vendor/laravel/framework/src/Illuminate/Pipeline/Pipeline.php(209): Illuminate\\Cookie\\Middleware\\EncryptCookies->handle(Object(Illuminate\\Http\\Request), Object(Closure))
#36 /Users/ahmedmosaad/Herd/myclass2026-main/vendor/laravel/framework/src/Illuminate/Pipeline/Pipeline.php(127): Illuminate\\Pipeline\\Pipeline->{closure:{closure:Illuminate\\Pipeline\\Pipeline::carry():184}:185}(Object(Illuminate\\Http\\Request))
#37 /Users/ahmedmosaad/Herd/myclass2026-main/vendor/laravel/framework/src/Illuminate/Routing/Router.php(807): Illuminate\\Pipeline\\Pipeline->then(Object(Closure))
#38 /Users/ahmedmosaad/Herd/myclass2026-main/vendor/laravel/framework/src/Illuminate/Routing/Router.php(786): Illuminate\\Routing\\Router->runRouteWithinStack(Object(Illuminate\\Routing\\Route), Object(Illuminate\\Http\\Request))
#39 /Users/ahmedmosaad/Herd/myclass2026-main/vendor/laravel/framework/src/Illuminate/Routing/Router.php(750): Illuminate\\Routing\\Router->runRoute(Object(Illuminate\\Http\\Request), Object(Illuminate\\Routing\\Route))
#40 /Users/ahmedmosaad/Herd/myclass2026-main/vendor/laravel/framework/src/Illuminate/Routing/Router.php(739): Illuminate\\Routing\\Router->dispatchToRoute(Object(Illuminate\\Http\\Request))
#41 /Users/ahmedmosaad/Herd/myclass2026-main/vendor/laravel/framework/src/Illuminate/Foundation/Http/Kernel.php(201): Illuminate\\Routing\\Router->dispatch(Object(Illuminate\\Http\\Request))
#42 /Users/ahmedmosaad/Herd/myclass2026-main/vendor/laravel/framework/src/Illuminate/Pipeline/Pipeline.php(170): Illuminate\\Foundation\\Http\\Kernel->{closure:Illuminate\\Foundation\\Http\\Kernel::dispatchToRouter():198}(Object(Illuminate\\Http\\Request))
#43 /Users/ahmedmosaad/Herd/myclass2026-main/vendor/laravel/framework/src/Illuminate/Foundation/Http/Middleware/TransformsRequest.php(21): Illuminate\\Pipeline\\Pipeline->{closure:Illuminate\\Pipeline\\Pipeline::prepareDestination():168}(Object(Illuminate\\Http\\Request))
#44 /Users/ahmedmosaad/Herd/myclass2026-main/vendor/laravel/framework/src/Illuminate/Foundation/Http/Middleware/ConvertEmptyStringsToNull.php(31): Illuminate\\Foundation\\Http\\Middleware\\TransformsRequest->handle(Object(Illuminate\\Http\\Request), Object(Closure))
#45 /Users/ahmedmosaad/Herd/myclass2026-main/vendor/laravel/framework/src/Illuminate/Pipeline/Pipeline.php(209): Illuminate\\Foundation\\Http\\Middleware\\ConvertEmptyStringsToNull->handle(Object(Illuminate\\Http\\Request), Object(Closure))
#46 /Users/ahmedmosaad/Herd/myclass2026-main/vendor/laravel/framework/src/Illuminate/Foundation/Http/Middleware/TransformsRequest.php(21): Illuminate\\Pipeline\\Pipeline->{closure:{closure:Illuminate\\Pipeline\\Pipeline::carry():184}:185}(Object(Illuminate\\Http\\Request))
#47 /Users/ahmedmosaad/Herd/myclass2026-main/vendor/laravel/framework/src/Illuminate/Foundation/Http/Middleware/TrimStrings.php(51): Illuminate\\Foundation\\Http\\Middleware\\TransformsRequest->handle(Object(Illuminate\\Http\\Request), Object(Closure))
#48 /Users/ahmedmosaad/Herd/myclass2026-main/vendor/laravel/framework/src/Illuminate/Pipeline/Pipeline.php(209): Illuminate\\Foundation\\Http\\Middleware\\TrimStrings->handle(Object(Illuminate\\Http\\Request), Object(Closure))
#49 /Users/ahmedmosaad/Herd/myclass2026-main/vendor/laravel/framework/src/Illuminate/Http/Middleware/ValidatePostSize.php(27): Illuminate\\Pipeline\\Pipeline->{closure:{closure:Illuminate\\Pipeline\\Pipeline::carry():184}:185}(Object(Illuminate\\Http\\Request))
#50 /Users/ahmedmosaad/Herd/myclass2026-main/vendor/laravel/framework/src/Illuminate/Pipeline/Pipeline.php(209): Illuminate\\Http\\Middleware\\ValidatePostSize->handle(Object(Illuminate\\Http\\Request), Object(Closure))
#51 /Users/ahmedmosaad/Herd/myclass2026-main/vendor/laravel/framework/src/Illuminate/Foundation/Http/Middleware/PreventRequestsDuringMaintenance.php(110): Illuminate\\Pipeline\\Pipeline->{closure:{closure:Illuminate\\Pipeline\\Pipeline::carry():184}:185}(Object(Illuminate\\Http\\Request))
#52 /Users/ahmedmosaad/Herd/myclass2026-main/vendor/laravel/framework/src/Illuminate/Pipeline/Pipeline.php(209): Illuminate\\Foundation\\Http\\Middleware\\PreventRequestsDuringMaintenance->handle(Object(Illuminate\\Http\\Request), Object(Closure))
#53 /Users/ahmedmosaad/Herd/myclass2026-main/vendor/laravel/framework/src/Illuminate/Http/Middleware/HandleCors.php(62): Illuminate\\Pipeline\\Pipeline->{closure:{closure:Illuminate\\Pipeline\\Pipeline::carry():184}:185}(Object(Illuminate\\Http\\Request))
#54 /Users/ahmedmosaad/Herd/myclass2026-main/vendor/laravel/framework/src/Illuminate/Pipeline/Pipeline.php(209): Illuminate\\Http\\Middleware\\HandleCors->handle(Object(Illuminate\\Http\\Request), Object(Closure))
#55 /Users/ahmedmosaad/Herd/myclass2026-main/vendor/laravel/framework/src/Illuminate/Http/Middleware/TrustProxies.php(58): Illuminate\\Pipeline\\Pipeline->{closure:{closure:Illuminate\\Pipeline\\Pipeline::carry():184}:185}(Object(Illuminate\\Http\\Request))
#56 /Users/ahmedmosaad/Herd/myclass2026-main/vendor/laravel/framework/src/Illuminate/Pipeline/Pipeline.php(209): Illuminate\\Http\\Middleware\\TrustProxies->handle(Object(Illuminate\\Http\\Request), Object(Closure))
#57 /Users/ahmedmosaad/Herd/myclass2026-main/vendor/laravel/framework/src/Illuminate/Foundation/Http/Middleware/InvokeDeferredCallbacks.php(22): Illuminate\\Pipeline\\Pipeline->{closure:{closure:Illuminate\\Pipeline\\Pipeline::carry():184}:185}(Object(Illuminate\\Http\\Request))
#58 /Users/ahmedmosaad/Herd/myclass2026-main/vendor/laravel/framework/src/Illuminate/Pipeline/Pipeline.php(209): Illuminate\\Foundation\\Http\\Middleware\\InvokeDeferredCallbacks->handle(Object(Illuminate\\Http\\Request), Object(Closure))
#59 /Users/ahmedmosaad/Herd/myclass2026-main/vendor/laravel/framework/src/Illuminate/Http/Middleware/ValidatePathEncoding.php(26): Illuminate\\Pipeline\\Pipeline->{closure:{closure:Illuminate\\Pipeline\\Pipeline::carry():184}:185}(Object(Illuminate\\Http\\Request))
#60 /Users/ahmedmosaad/Herd/myclass2026-main/vendor/laravel/framework/src/Illuminate/Pipeline/Pipeline.php(209): Illuminate\\Http\\Middleware\\ValidatePathEncoding->handle(Object(Illuminate\\Http\\Request), Object(Closure))
#61 /Users/ahmedmosaad/Herd/myclass2026-main/vendor/laravel/framework/src/Illuminate/Pipeline/Pipeline.php(127): Illuminate\\Pipeline\\Pipeline->{closure:{closure:Illuminate\\Pipeline\\Pipeline::carry():184}:185}(Object(Illuminate\\Http\\Request))
#62 /Users/ahmedmosaad/Herd/myclass2026-main/vendor/laravel/framework/src/Illuminate/Foundation/Http/Kernel.php(176): Illuminate\\Pipeline\\Pipeline->then(Object(Closure))
#63 /Users/ahmedmosaad/Herd/myclass2026-main/vendor/laravel/framework/src/Illuminate/Foundation/Http/Kernel.php(145): Illuminate\\Foundation\\Http\\Kernel->sendRequestThroughRouter(Object(Illuminate\\Http\\Request))
#64 /Users/ahmedmosaad/Herd/myclass2026-main/vendor/laravel/framework/src/Illuminate/Foundation/Application.php(1220): Illuminate\\Foundation\\Http\\Kernel->handle(Object(Illuminate\\Http\\Request))
#65 /Users/ahmedmosaad/Herd/myclass2026-main/public/index.php(20): Illuminate\\Foundation\\Application->handleRequest(Object(Illuminate\\Http\\Request))
#66 /Users/ahmedmosaad/Herd/myclass2026-main/vendor/laravel/framework/src/Illuminate/Foundation/resources/server.php(23): require_once('/Users/ahmedmos...')
#67 {main}
"} 
[2026-02-07 07:01:13] local.INFO: Menu Request: {"user_id":19,"actual_role":"teacher","requested_role":"teacher","is_admin":false,"has_super_admin":true} 
[2026-02-07 07:01:13] local.INFO: Role Override Applied: teacher  
[2026-02-07 07:01:13] local.ERROR: Unsupported operand types: string + int {"userId":19,"exception":"[object] (TypeError(code: 0): Unsupported operand types: string + int at /Users/ahmedmosaad/Herd/myclass2026-main/app/Http/Controllers/QuQuestionController.php:242)
[stacktrace]
#0 [internal function]: App\\Http\\Controllers\\QuQuestionController->{closure:App\\Http\\Controllers\\QuQuestionController::apiIndex():236}(Object(App\\Models\\QuQuestion), 0)
#1 /Users/ahmedmosaad/Herd/myclass2026-main/vendor/laravel/framework/src/Illuminate/Collections/Arr.php(609): array_map(Object(Closure), Array, Array)
#2 /Users/ahmedmosaad/Herd/myclass2026-main/vendor/laravel/framework/src/Illuminate/Collections/Collection.php(800): Illuminate\\Support\\Arr::map(Array, Object(Closure))
#3 /Users/ahmedmosaad/Herd/myclass2026-main/vendor/laravel/framework/src/Illuminate/Database/Eloquent/Collection.php(388): Illuminate\\Support\\Collection->map(Object(Closure))
#4 /Users/ahmedmosaad/Herd/myclass2026-main/app/Http/Controllers/QuQuestionController.php(236): Illuminate\\Database\\Eloquent\\Collection->map(Object(Closure))
#5 /Users/ahmedmosaad/Herd/myclass2026-main/vendor/laravel/framework/src/Illuminate/Routing/ControllerDispatcher.php(47): App\\Http\\Controllers\\QuQuestionController->apiIndex(Object(Illuminate\\Http\\Request))
#6 /Users/ahmedmosaad/Herd/myclass2026-main/vendor/laravel/framework/src/Illuminate/Routing/Route.php(266): Illuminate\\Routing\\ControllerDispatcher->dispatch(Object(Illuminate\\Routing\\Route), Object(App\\Http\\Controllers\\QuQuestionController), 'apiIndex')
#7 /Users/ahmedmosaad/Herd/myclass2026-main/vendor/laravel/framework/src/Illuminate/Routing/Route.php(212): Illuminate\\Routing\\Route->runController()
#8 /Users/ahmedmosaad/Herd/myclass2026-main/vendor/laravel/framework/src/Illuminate/Routing/Router.php(808): Illuminate\\Routing\\Route->run()
#9 /Users/ahmedmosaad/Herd/myclass2026-main/vendor/laravel/framework/src/Illuminate/Pipeline/Pipeline.php(170): Illuminate\\Routing\\Router->{closure:Illuminate\\Routing\\Router::runRouteWithinStack():807}(Object(Illuminate\\Http\\Request))
#10 /Users/ahmedmosaad/Herd/myclass2026-main/app/Http/Middleware/TrackLastActive.php(28): Illuminate\\Pipeline\\Pipeline->{closure:Illuminate\\Pipeline\\Pipeline::prepareDestination():168}(Object(Illuminate\\Http\\Request))
#11 /Users/ahmedmosaad/Herd/myclass2026-main/vendor/laravel/framework/src/Illuminate/Pipeline/Pipeline.php(209): App\\Http\\Middleware\\TrackLastActive->handle(Object(Illuminate\\Http\\Request), Object(Closure))
#12 /Users/ahmedmosaad/Herd/myclass2026-main/app/Http/Middleware/LogPageVisit.php(23): Illuminate\\Pipeline\\Pipeline->{closure:{closure:Illuminate\\Pipeline\\Pipeline::carry():184}:185}(Object(Illuminate\\Http\\Request))
#13 /Users/ahmedmosaad/Herd/myclass2026-main/vendor/laravel/framework/src/Illuminate/Pipeline/Pipeline.php(209): App\\Http\\Middleware\\LogPageVisit->handle(Object(Illuminate\\Http\\Request), Object(Closure))
#14 /Users/ahmedmosaad/Herd/myclass2026-main/vendor/laravel/framework/src/Illuminate/Http/Middleware/AddLinkHeadersForPreloadedAssets.php(20): Illuminate\\Pipeline\\Pipeline->{closure:{closure:Illuminate\\Pipeline\\Pipeline::carry():184}:185}(Object(Illuminate\\Http\\Request))
#15 /Users/ahmedmosaad/Herd/myclass2026-main/vendor/laravel/framework/src/Illuminate/Pipeline/Pipeline.php(209): Illuminate\\Http\\Middleware\\AddLinkHeadersForPreloadedAssets->handle(Object(Illuminate\\Http\\Request), Object(Closure))
#16 /Users/ahmedmosaad/Herd/myclass2026-main/vendor/inertiajs/inertia-laravel/src/Middleware.php(86): Illuminate\\Pipeline\\Pipeline->{closure:{closure:Illuminate\\Pipeline\\Pipeline::carry():184}:185}(Object(Illuminate\\Http\\Request))
#17 /Users/ahmedmosaad/Herd/myclass2026-main/app/Http/Middleware/HandleInertiaRequests.php(94): Inertia\\Middleware->handle(Object(Illuminate\\Http\\Request), Object(Closure))
#18 /Users/ahmedmosaad/Herd/myclass2026-main/vendor/laravel/framework/src/Illuminate/Pipeline/Pipeline.php(209): App\\Http\\Middleware\\HandleInertiaRequests->handle(Object(Illuminate\\Http\\Request), Object(Closure))
#19 /Users/ahmedmosaad/Herd/myclass2026-main/vendor/laravel/jetstream/src/Http/Middleware/ShareInertiaData.php(69): Illuminate\\Pipeline\\Pipeline->{closure:{closure:Illuminate\\Pipeline\\Pipeline::carry():184}:185}(Object(Illuminate\\Http\\Request))
#20 /Users/ahmedmosaad/Herd/myclass2026-main/vendor/laravel/framework/src/Illuminate/Pipeline/Pipeline.php(209): Laravel\\Jetstream\\Http\\Middleware\\ShareInertiaData->handle(Object(Illuminate\\Http\\Request), Object(Closure))
#21 /Users/ahmedmosaad/Herd/myclass2026-main/vendor/laravel/framework/src/Illuminate/Foundation/Http/Middleware/VerifyCsrfToken.php(88): Illuminate\\Pipeline\\Pipeline->{closure:{closure:Illuminate\\Pipeline\\Pipeline::carry():184}:185}(Object(Illuminate\\Http\\Request))
#22 /Users/ahmedmosaad/Herd/myclass2026-main/vendor/laravel/framework/src/Illuminate/Pipeline/Pipeline.php(209): Illuminate\\Foundation\\Http\\Middleware\\VerifyCsrfToken->handle(Object(Illuminate\\Http\\Request), Object(Closure))
#23 /Users/ahmedmosaad/Herd/myclass2026-main/vendor/laravel/framework/src/Illuminate/Routing/Middleware/SubstituteBindings.php(51): Illuminate\\Pipeline\\Pipeline->{closure:{closure:Illuminate\\Pipeline\\Pipeline::carry():184}:185}(Object(Illuminate\\Http\\Request))
#24 /Users/ahmedmosaad/Herd/myclass2026-main/vendor/laravel/framework/src/Illuminate/Pipeline/Pipeline.php(209): Illuminate\\Routing\\Middleware\\SubstituteBindings->handle(Object(Illuminate\\Http\\Request), Object(Closure))
#25 /Users/ahmedmosaad/Herd/myclass2026-main/vendor/laravel/framework/src/Illuminate/Auth/Middleware/Authenticate.php(64): Illuminate\\Pipeline\\Pipeline->{closure:{closure:Illuminate\\Pipeline\\Pipeline::carry():184}:185}(Object(Illuminate\\Http\\Request))
#26 /Users/ahmedmosaad/Herd/myclass2026-main/vendor/laravel/framework/src/Illuminate/Pipeline/Pipeline.php(209): Illuminate\\Auth\\Middleware\\Authenticate->handle(Object(Illuminate\\Http\\Request), Object(Closure), 'sanctum')
#27 /Users/ahmedmosaad/Herd/myclass2026-main/vendor/laravel/framework/src/Illuminate/View/Middleware/ShareErrorsFromSession.php(49): Illuminate\\Pipeline\\Pipeline->{closure:{closure:Illuminate\\Pipeline\\Pipeline::carry():184}:185}(Object(Illuminate\\Http\\Request))
#28 /Users/ahmedmosaad/Herd/myclass2026-main/vendor/laravel/framework/src/Illuminate/Pipeline/Pipeline.php(209): Illuminate\\View\\Middleware\\ShareErrorsFromSession->handle(Object(Illuminate\\Http\\Request), Object(Closure))
#29 /Users/ahmedmosaad/Herd/myclass2026-main/vendor/laravel/framework/src/Illuminate/Session/Middleware/StartSession.php(121): Illuminate\\Pipeline\\Pipeline->{closure:{closure:Illuminate\\Pipeline\\Pipeline::carry():184}:185}(Object(Illuminate\\Http\\Request))
#30 /Users/ahmedmosaad/Herd/myclass2026-main/vendor/laravel/framework/src/Illuminate/Session/Middleware/StartSession.php(64): Illuminate\\Session\\Middleware\\StartSession->handleStatefulRequest(Object(Illuminate\\Http\\Request), Object(Illuminate\\Session\\Store), Object(Closure))
#31 /Users/ahmedmosaad/Herd/myclass2026-main/vendor/laravel/framework/src/Illuminate/Pipeline/Pipeline.php(209): Illuminate\\Session\\Middleware\\StartSession->handle(Object(Illuminate\\Http\\Request), Object(Closure))
#32 /Users/ahmedmosaad/Herd/myclass2026-main/vendor/laravel/framework/src/Illuminate/Cookie/Middleware/AddQueuedCookiesToResponse.php(37): Illuminate\\Pipeline\\Pipeline->{closure:{closure:Illuminate\\Pipeline\\Pipeline::carry():184}:185}(Object(Illuminate\\Http\\Request))
#33 /Users/ahmedmosaad/Herd/myclass2026-main/vendor/laravel/framework/src/Illuminate/Pipeline/Pipeline.php(209): Illuminate\\Cookie\\Middleware\\AddQueuedCookiesToResponse->handle(Object(Illuminate\\Http\\Request), Object(Closure))
#34 /Users/ahmedmosaad/Herd/myclass2026-main/vendor/laravel/framework/src/Illuminate/Cookie/Middleware/EncryptCookies.php(75): Illuminate\\Pipeline\\Pipeline->{closure:{closure:Illuminate\\Pipeline\\Pipeline::carry():184}:185}(Object(Illuminate\\Http\\Request))
#35 /Users/ahmedmosaad/Herd/myclass2026-main/vendor/laravel/framework/src/Illuminate/Pipeline/Pipeline.php(209): Illuminate\\Cookie\\Middleware\\EncryptCookies->handle(Object(Illuminate\\Http\\Request), Object(Closure))
#36 /Users/ahmedmosaad/Herd/myclass2026-main/vendor/laravel/framework/src/Illuminate/Pipeline/Pipeline.php(127): Illuminate\\Pipeline\\Pipeline->{closure:{closure:Illuminate\\Pipeline\\Pipeline::carry():184}:185}(Object(Illuminate\\Http\\Request))
#37 /Users/ahmedmosaad/Herd/myclass2026-main/vendor/laravel/framework/src/Illuminate/Routing/Router.php(807): Illuminate\\Pipeline\\Pipeline->then(Object(Closure))
#38 /Users/ahmedmosaad/Herd/myclass2026-main/vendor/laravel/framework/src/Illuminate/Routing/Router.php(786): Illuminate\\Routing\\Router->runRouteWithinStack(Object(Illuminate\\Routing\\Route), Object(Illuminate\\Http\\Request))
#39 /Users/ahmedmosaad/Herd/myclass2026-main/vendor/laravel/framework/src/Illuminate/Routing/Router.php(750): Illuminate\\Routing\\Router->runRoute(Object(Illuminate\\Http\\Request), Object(Illuminate\\Routing\\Route))
#40 /Users/ahmedmosaad/Herd/myclass2026-main/vendor/laravel/framework/src/Illuminate/Routing/Router.php(739): Illuminate\\Routing\\Router->dispatchToRoute(Object(Illuminate\\Http\\Request))
#41 /Users/ahmedmosaad/Herd/myclass2026-main/vendor/laravel/framework/src/Illuminate/Foundation/Http/Kernel.php(201): Illuminate\\Routing\\Router->dispatch(Object(Illuminate\\Http\\Request))
#42 /Users/ahmedmosaad/Herd/myclass2026-main/vendor/laravel/framework/src/Illuminate/Pipeline/Pipeline.php(170): Illuminate\\Foundation\\Http\\Kernel->{closure:Illuminate\\Foundation\\Http\\Kernel::dispatchToRouter():198}(Object(Illuminate\\Http\\Request))
#43 /Users/ahmedmosaad/Herd/myclass2026-main/vendor/laravel/framework/src/Illuminate/Foundation/Http/Middleware/TransformsRequest.php(21): Illuminate\\Pipeline\\Pipeline->{closure:Illuminate\\Pipeline\\Pipeline::prepareDestination():168}(Object(Illuminate\\Http\\Request))
#44 /Users/ahmedmosaad/Herd/myclass2026-main/vendor/laravel/framework/src/Illuminate/Foundation/Http/Middleware/ConvertEmptyStringsToNull.php(31): Illuminate\\Foundation\\Http\\Middleware\\TransformsRequest->handle(Object(Illuminate\\Http\\Request), Object(Closure))
#45 /Users/ahmedmosaad/Herd/myclass2026-main/vendor/laravel/framework/src/Illuminate/Pipeline/Pipeline.php(209): Illuminate\\Foundation\\Http\\Middleware\\ConvertEmptyStringsToNull->handle(Object(Illuminate\\Http\\Request), Object(Closure))
#46 /Users/ahmedmosaad/Herd/myclass2026-main/vendor/laravel/framework/src/Illuminate/Foundation/Http/Middleware/TransformsRequest.php(21): Illuminate\\Pipeline\\Pipeline->{closure:{closure:Illuminate\\Pipeline\\Pipeline::carry():184}:185}(Object(Illuminate\\Http\\Request))
#47 /Users/ahmedmosaad/Herd/myclass2026-main/vendor/laravel/framework/src/Illuminate/Foundation/Http/Middleware/TrimStrings.php(51): Illuminate\\Foundation\\Http\\Middleware\\TransformsRequest->handle(Object(Illuminate\\Http\\Request), Object(Closure))
#48 /Users/ahmedmosaad/Herd/myclass2026-main/vendor/laravel/framework/src/Illuminate/Pipeline/Pipeline.php(209): Illuminate\\Foundation\\Http\\Middleware\\TrimStrings->handle(Object(Illuminate\\Http\\Request), Object(Closure))
#49 /Users/ahmedmosaad/Herd/myclass2026-main/vendor/laravel/framework/src/Illuminate/Http/Middleware/ValidatePostSize.php(27): Illuminate\\Pipeline\\Pipeline->{closure:{closure:Illuminate\\Pipeline\\Pipeline::carry():184}:185}(Object(Illuminate\\Http\\Request))
#50 /Users/ahmedmosaad/Herd/myclass2026-main/vendor/laravel/framework/src/Illuminate/Pipeline/Pipeline.php(209): Illuminate\\Http\\Middleware\\ValidatePostSize->handle(Object(Illuminate\\Http\\Request), Object(Closure))
#51 /Users/ahmedmosaad/Herd/myclass2026-main/vendor/laravel/framework/src/Illuminate/Foundation/Http/Middleware/PreventRequestsDuringMaintenance.php(110): Illuminate\\Pipeline\\Pipeline->{closure:{closure:Illuminate\\Pipeline\\Pipeline::carry():184}:185}(Object(Illuminate\\Http\\Request))
#52 /Users/ahmedmosaad/Herd/myclass2026-main/vendor/laravel/framework/src/Illuminate/Pipeline/Pipeline.php(209): Illuminate\\Foundation\\Http\\Middleware\\PreventRequestsDuringMaintenance->handle(Object(Illuminate\\Http\\Request), Object(Closure))
#53 /Users/ahmedmosaad/Herd/myclass2026-main/vendor/laravel/framework/src/Illuminate/Http/Middleware/HandleCors.php(62): Illuminate\\Pipeline\\Pipeline->{closure:{closure:Illuminate\\Pipeline\\Pipeline::carry():184}:185}(Object(Illuminate\\Http\\Request))
#54 /Users/ahmedmosaad/Herd/myclass2026-main/vendor/laravel/framework/src/Illuminate/Pipeline/Pipeline.php(209): Illuminate\\Http\\Middleware\\HandleCors->handle(Object(Illuminate\\Http\\Request), Object(Closure))
#55 /Users/ahmedmosaad/Herd/myclass2026-main/vendor/laravel/framework/src/Illuminate/Http/Middleware/TrustProxies.php(58): Illuminate\\Pipeline\\Pipeline->{closure:{closure:Illuminate\\Pipeline\\Pipeline::carry():184}:185}(Object(Illuminate\\Http\\Request))
#56 /Users/ahmedmosaad/Herd/myclass2026-main/vendor/laravel/framework/src/Illuminate/Pipeline/Pipeline.php(209): Illuminate\\Http\\Middleware\\TrustProxies->handle(Object(Illuminate\\Http\\Request), Object(Closure))
#57 /Users/ahmedmosaad/Herd/myclass2026-main/vendor/laravel/framework/src/Illuminate/Foundation/Http/Middleware/InvokeDeferredCallbacks.php(22): Illuminate\\Pipeline\\Pipeline->{closure:{closure:Illuminate\\Pipeline\\Pipeline::carry():184}:185}(Object(Illuminate\\Http\\Request))
#58 /Users/ahmedmosaad/Herd/myclass2026-main/vendor/laravel/framework/src/Illuminate/Pipeline/Pipeline.php(209): Illuminate\\Foundation\\Http\\Middleware\\InvokeDeferredCallbacks->handle(Object(Illuminate\\Http\\Request), Object(Closure))
#59 /Users/ahmedmosaad/Herd/myclass2026-main/vendor/laravel/framework/src/Illuminate/Http/Middleware/ValidatePathEncoding.php(26): Illuminate\\Pipeline\\Pipeline->{closure:{closure:Illuminate\\Pipeline\\Pipeline::carry():184}:185}(Object(Illuminate\\Http\\Request))
#60 /Users/ahmedmosaad/Herd/myclass2026-main/vendor/laravel/framework/src/Illuminate/Pipeline/Pipeline.php(209): Illuminate\\Http\\Middleware\\ValidatePathEncoding->handle(Object(Illuminate\\Http\\Request), Object(Closure))
#61 /Users/ahmedmosaad/Herd/myclass2026-main/vendor/laravel/framework/src/Illuminate/Pipeline/Pipeline.php(127): Illuminate\\Pipeline\\Pipeline->{closure:{closure:Illuminate\\Pipeline\\Pipeline::carry():184}:185}(Object(Illuminate\\Http\\Request))
#62 /Users/ahmedmosaad/Herd/myclass2026-main/vendor/laravel/framework/src/Illuminate/Foundation/Http/Kernel.php(176): Illuminate\\Pipeline\\Pipeline->then(Object(Closure))
#63 /Users/ahmedmosaad/Herd/myclass2026-main/vendor/laravel/framework/src/Illuminate/Foundation/Http/Kernel.php(145): Illuminate\\Foundation\\Http\\Kernel->sendRequestThroughRouter(Object(Illuminate\\Http\\Request))
#64 /Users/ahmedmosaad/Herd/myclass2026-main/vendor/laravel/framework/src/Illuminate/Foundation/Application.php(1220): Illuminate\\Foundation\\Http\\Kernel->handle(Object(Illuminate\\Http\\Request))
#65 /Users/ahmedmosaad/Herd/myclass2026-main/public/index.php(20): Illuminate\\Foundation\\Application->handleRequest(Object(Illuminate\\Http\\Request))
#66 /Users/ahmedmosaad/Herd/myclass2026-main/vendor/laravel/framework/src/Illuminate/Foundation/resources/server.php(23): require_once('/Users/ahmedmos...')
#67 {main}
"} 
[2026-02-07 07:15:31] local.INFO: Menu Request: {"user_id":19,"actual_role":"teacher","requested_role":"teacher","is_admin":false,"has_super_admin":true} 
[2026-02-07 07:15:31] local.INFO: Role Override Applied: teacher  
[2026-02-07 07:15:31] local.ERROR: Unsupported operand types: string + int {"userId":19,"exception":"[object] (TypeError(code: 0): Unsupported operand types: string + int at /Users/ahmedmosaad/Herd/myclass2026-main/app/Http/Controllers/QuQuestionController.php:242)
[stacktrace]
#0 [internal function]: App\\Http\\Controllers\\QuQuestionController->{closure:App\\Http\\Controllers\\QuQuestionController::apiIndex():236}(Object(App\\Models\\QuQuestion), 0)
#1 /Users/ahmedmosaad/Herd/myclass2026-main/vendor/laravel/framework/src/Illuminate/Collections/Arr.php(609): array_map(Object(Closure), Array, Array)
#2 /Users/ahmedmosaad/Herd/myclass2026-main/vendor/laravel/framework/src/Illuminate/Collections/Collection.php(800): Illuminate\\Support\\Arr::map(Array, Object(Closure))
#3 /Users/ahmedmosaad/Herd/myclass2026-main/vendor/laravel/framework/src/Illuminate/Database/Eloquent/Collection.php(388): Illuminate\\Support\\Collection->map(Object(Closure))
#4 /Users/ahmedmosaad/Herd/myclass2026-main/app/Http/Controllers/QuQuestionController.php(236): Illuminate\\Database\\Eloquent\\Collection->map(Object(Closure))
#5 /Users/ahmedmosaad/Herd/myclass2026-main/vendor/laravel/framework/src/Illuminate/Routing/ControllerDispatcher.php(47): App\\Http\\Controllers\\QuQuestionController->apiIndex(Object(Illuminate\\Http\\Request))
#6 /Users/ahmedmosaad/Herd/myclass2026-main/vendor/laravel/framework/src/Illuminate/Routing/Route.php(266): Illuminate\\Routing\\ControllerDispatcher->dispatch(Object(Illuminate\\Routing\\Route), Object(App\\Http\\Controllers\\QuQuestionController), 'apiIndex')
#7 /Users/ahmedmosaad/Herd/myclass2026-main/vendor/laravel/framework/src/Illuminate/Routing/Route.php(212): Illuminate\\Routing\\Route->runController()
#8 /Users/ahmedmosaad/Herd/myclass2026-main/vendor/laravel/framework/src/Illuminate/Routing/Router.php(808): Illuminate\\Routing\\Route->run()
#9 /Users/ahmedmosaad/Herd/myclass2026-main/vendor/laravel/framework/src/Illuminate/Pipeline/Pipeline.php(170): Illuminate\\Routing\\Router->{closure:Illuminate\\Routing\\Router::runRouteWithinStack():807}(Object(Illuminate\\Http\\Request))
#10 /Users/ahmedmosaad/Herd/myclass2026-main/app/Http/Middleware/TrackLastActive.php(28): Illuminate\\Pipeline\\Pipeline->{closure:Illuminate\\Pipeline\\Pipeline::prepareDestination():168}(Object(Illuminate\\Http\\Request))
#11 /Users/ahmedmosaad/Herd/myclass2026-main/vendor/laravel/framework/src/Illuminate/Pipeline/Pipeline.php(209): App\\Http\\Middleware\\TrackLastActive->handle(Object(Illuminate\\Http\\Request), Object(Closure))
#12 /Users/ahmedmosaad/Herd/myclass2026-main/app/Http/Middleware/LogPageVisit.php(23): Illuminate\\Pipeline\\Pipeline->{closure:{closure:Illuminate\\Pipeline\\Pipeline::carry():184}:185}(Object(Illuminate\\Http\\Request))
#13 /Users/ahmedmosaad/Herd/myclass2026-main/vendor/laravel/framework/src/Illuminate/Pipeline/Pipeline.php(209): App\\Http\\Middleware\\LogPageVisit->handle(Object(Illuminate\\Http\\Request), Object(Closure))
#14 /Users/ahmedmosaad/Herd/myclass2026-main/vendor/laravel/framework/src/Illuminate/Http/Middleware/AddLinkHeadersForPreloadedAssets.php(20): Illuminate\\Pipeline\\Pipeline->{closure:{closure:Illuminate\\Pipeline\\Pipeline::carry():184}:185}(Object(Illuminate\\Http\\Request))
#15 /Users/ahmedmosaad/Herd/myclass2026-main/vendor/laravel/framework/src/Illuminate/Pipeline/Pipeline.php(209): Illuminate\\Http\\Middleware\\AddLinkHeadersForPreloadedAssets->handle(Object(Illuminate\\Http\\Request), Object(Closure))
#16 /Users/ahmedmosaad/Herd/myclass2026-main/vendor/inertiajs/inertia-laravel/src/Middleware.php(86): Illuminate\\Pipeline\\Pipeline->{closure:{closure:Illuminate\\Pipeline\\Pipeline::carry():184}:185}(Object(Illuminate\\Http\\Request))
#17 /Users/ahmedmosaad/Herd/myclass2026-main/app/Http/Middleware/HandleInertiaRequests.php(94): Inertia\\Middleware->handle(Object(Illuminate\\Http\\Request), Object(Closure))
#18 /Users/ahmedmosaad/Herd/myclass2026-main/vendor/laravel/framework/src/Illuminate/Pipeline/Pipeline.php(209): App\\Http\\Middleware\\HandleInertiaRequests->handle(Object(Illuminate\\Http\\Request), Object(Closure))
#19 /Users/ahmedmosaad/Herd/myclass2026-main/vendor/laravel/jetstream/src/Http/Middleware/ShareInertiaData.php(69): Illuminate\\Pipeline\\Pipeline->{closure:{closure:Illuminate\\Pipeline\\Pipeline::carry():184}:185}(Object(Illuminate\\Http\\Request))
#20 /Users/ahmedmosaad/Herd/myclass2026-main/vendor/laravel/framework/src/Illuminate/Pipeline/Pipeline.php(209): Laravel\\Jetstream\\Http\\Middleware\\ShareInertiaData->handle(Object(Illuminate\\Http\\Request), Object(Closure))
#21 /Users/ahmedmosaad/Herd/myclass2026-main/vendor/laravel/framework/src/Illuminate/Foundation/Http/Middleware/VerifyCsrfToken.php(88): Illuminate\\Pipeline\\Pipeline->{closure:{closure:Illuminate\\Pipeline\\Pipeline::carry():184}:185}(Object(Illuminate\\Http\\Request))
#22 /Users/ahmedmosaad/Herd/myclass2026-main/vendor/laravel/framework/src/Illuminate/Pipeline/Pipeline.php(209): Illuminate\\Foundation\\Http\\Middleware\\VerifyCsrfToken->handle(Object(Illuminate\\Http\\Request), Object(Closure))
#23 /Users/ahmedmosaad/Herd/myclass2026-main/vendor/laravel/framework/src/Illuminate/Routing/Middleware/SubstituteBindings.php(51): Illuminate\\Pipeline\\Pipeline->{closure:{closure:Illuminate\\Pipeline\\Pipeline::carry():184}:185}(Object(Illuminate\\Http\\Request))
#24 /Users/ahmedmosaad/Herd/myclass2026-main/vendor/laravel/framework/src/Illuminate/Pipeline/Pipeline.php(209): Illuminate\\Routing\\Middleware\\SubstituteBindings->handle(Object(Illuminate\\Http\\Request), Object(Closure))
#25 /Users/ahmedmosaad/Herd/myclass2026-main/vendor/laravel/framework/src/Illuminate/Auth/Middleware/Authenticate.php(64): Illuminate\\Pipeline\\Pipeline->{closure:{closure:Illuminate\\Pipeline\\Pipeline::carry():184}:185}(Object(Illuminate\\Http\\Request))
#26 /Users/ahmedmosaad/Herd/myclass2026-main/vendor/laravel/framework/src/Illuminate/Pipeline/Pipeline.php(209): Illuminate\\Auth\\Middleware\\Authenticate->handle(Object(Illuminate\\Http\\Request), Object(Closure), 'sanctum')
#27 /Users/ahmedmosaad/Herd/myclass2026-main/vendor/laravel/framework/src/Illuminate/View/Middleware/ShareErrorsFromSession.php(49): Illuminate\\Pipeline\\Pipeline->{closure:{closure:Illuminate\\Pipeline\\Pipeline::carry():184}:185}(Object(Illuminate\\Http\\Request))
#28 /Users/ahmedmosaad/Herd/myclass2026-main/vendor/laravel/framework/src/Illuminate/Pipeline/Pipeline.php(209): Illuminate\\View\\Middleware\\ShareErrorsFromSession->handle(Object(Illuminate\\Http\\Request), Object(Closure))
#29 /Users/ahmedmosaad/Herd/myclass2026-main/vendor/laravel/framework/src/Illuminate/Session/Middleware/StartSession.php(121): Illuminate\\Pipeline\\Pipeline->{closure:{closure:Illuminate\\Pipeline\\Pipeline::carry():184}:185}(Object(Illuminate\\Http\\Request))
#30 /Users/ahmedmosaad/Herd/myclass2026-main/vendor/laravel/framework/src/Illuminate/Session/Middleware/StartSession.php(64): Illuminate\\Session\\Middleware\\StartSession->handleStatefulRequest(Object(Illuminate\\Http\\Request), Object(Illuminate\\Session\\Store), Object(Closure))
#31 /Users/ahmedmosaad/Herd/myclass2026-main/vendor/laravel/framework/src/Illuminate/Pipeline/Pipeline.php(209): Illuminate\\Session\\Middleware\\StartSession->handle(Object(Illuminate\\Http\\Request), Object(Closure))
#32 /Users/ahmedmosaad/Herd/myclass2026-main/vendor/laravel/framework/src/Illuminate/Cookie/Middleware/AddQueuedCookiesToResponse.php(37): Illuminate\\Pipeline\\Pipeline->{closure:{closure:Illuminate\\Pipeline\\Pipeline::carry():184}:185}(Object(Illuminate\\Http\\Request))
#33 /Users/ahmedmosaad/Herd/myclass2026-main/vendor/laravel/framework/src/Illuminate/Pipeline/Pipeline.php(209): Illuminate\\Cookie\\Middleware\\AddQueuedCookiesToResponse->handle(Object(Illuminate\\Http\\Request), Object(Closure))
#34 /Users/ahmedmosaad/Herd/myclass2026-main/vendor/laravel/framework/src/Illuminate/Cookie/Middleware/EncryptCookies.php(75): Illuminate\\Pipeline\\Pipeline->{closure:{closure:Illuminate\\Pipeline\\Pipeline::carry():184}:185}(Object(Illuminate\\Http\\Request))
#35 /Users/ahmedmosaad/Herd/myclass2026-main/vendor/laravel/framework/src/Illuminate/Pipeline/Pipeline.php(209): Illuminate\\Cookie\\Middleware\\EncryptCookies->handle(Object(Illuminate\\Http\\Request), Object(Closure))
#36 /Users/ahmedmosaad/Herd/myclass2026-main/vendor/laravel/framework/src/Illuminate/Pipeline/Pipeline.php(127): Illuminate\\Pipeline\\Pipeline->{closure:{closure:Illuminate\\Pipeline\\Pipeline::carry():184}:185}(Object(Illuminate\\Http\\Request))
#37 /Users/ahmedmosaad/Herd/myclass2026-main/vendor/laravel/framework/src/Illuminate/Routing/Router.php(807): Illuminate\\Pipeline\\Pipeline->then(Object(Closure))
#38 /Users/ahmedmosaad/Herd/myclass2026-main/vendor/laravel/framework/src/Illuminate/Routing/Router.php(786): Illuminate\\Routing\\Router->runRouteWithinStack(Object(Illuminate\\Routing\\Route), Object(Illuminate\\Http\\Request))
#39 /Users/ahmedmosaad/Herd/myclass2026-main/vendor/laravel/framework/src/Illuminate/Routing/Router.php(750): Illuminate\\Routing\\Router->runRoute(Object(Illuminate\\Http\\Request), Object(Illuminate\\Routing\\Route))
#40 /Users/ahmedmosaad/Herd/myclass2026-main/vendor/laravel/framework/src/Illuminate/Routing/Router.php(739): Illuminate\\Routing\\Router->dispatchToRoute(Object(Illuminate\\Http\\Request))
#41 /Users/ahmedmosaad/Herd/myclass2026-main/vendor/laravel/framework/src/Illuminate/Foundation/Http/Kernel.php(201): Illuminate\\Routing\\Router->dispatch(Object(Illuminate\\Http\\Request))
#42 /Users/ahmedmosaad/Herd/myclass2026-main/vendor/laravel/framework/src/Illuminate/Pipeline/Pipeline.php(170): Illuminate\\Foundation\\Http\\Kernel->{closure:Illuminate\\Foundation\\Http\\Kernel::dispatchToRouter():198}(Object(Illuminate\\Http\\Request))
#43 /Users/ahmedmosaad/Herd/myclass2026-main/vendor/laravel/framework/src/Illuminate/Foundation/Http/Middleware/TransformsRequest.php(21): Illuminate\\Pipeline\\Pipeline->{closure:Illuminate\\Pipeline\\Pipeline::prepareDestination():168}(Object(Illuminate\\Http\\Request))
#44 /Users/ahmedmosaad/Herd/myclass2026-main/vendor/laravel/framework/src/Illuminate/Foundation/Http/Middleware/ConvertEmptyStringsToNull.php(31): Illuminate\\Foundation\\Http\\Middleware\\TransformsRequest->handle(Object(Illuminate\\Http\\Request), Object(Closure))
#45 /Users/ahmedmosaad/Herd/myclass2026-main/vendor/laravel/framework/src/Illuminate/Pipeline/Pipeline.php(209): Illuminate\\Foundation\\Http\\Middleware\\ConvertEmptyStringsToNull->handle(Object(Illuminate\\Http\\Request), Object(Closure))
#46 /Users/ahmedmosaad/Herd/myclass2026-main/vendor/laravel/framework/src/Illuminate/Foundation/Http/Middleware/TransformsRequest.php(21): Illuminate\\Pipeline\\Pipeline->{closure:{closure:Illuminate\\Pipeline\\Pipeline::carry():184}:185}(Object(Illuminate\\Http\\Request))
#47 /Users/ahmedmosaad/Herd/myclass2026-main/vendor/laravel/framework/src/Illuminate/Foundation/Http/Middleware/TrimStrings.php(51): Illuminate\\Foundation\\Http\\Middleware\\TransformsRequest->handle(Object(Illuminate\\Http\\Request), Object(Closure))
#48 /Users/ahmedmosaad/Herd/myclass2026-main/vendor/laravel/framework/src/Illuminate/Pipeline/Pipeline.php(209): Illuminate\\Foundation\\Http\\Middleware\\TrimStrings->handle(Object(Illuminate\\Http\\Request), Object(Closure))
#49 /Users/ahmedmosaad/Herd/myclass2026-main/vendor/laravel/framework/src/Illuminate/Http/Middleware/ValidatePostSize.php(27): Illuminate\\Pipeline\\Pipeline->{closure:{closure:Illuminate\\Pipeline\\Pipeline::carry():184}:185}(Object(Illuminate\\Http\\Request))
#50 /Users/ahmedmosaad/Herd/myclass2026-main/vendor/laravel/framework/src/Illuminate/Pipeline/Pipeline.php(209): Illuminate\\Http\\Middleware\\ValidatePostSize->handle(Object(Illuminate\\Http\\Request), Object(Closure))
#51 /Users/ahmedmosaad/Herd/myclass2026-main/vendor/laravel/framework/src/Illuminate/Foundation/Http/Middleware/PreventRequestsDuringMaintenance.php(110): Illuminate\\Pipeline\\Pipeline->{closure:{closure:Illuminate\\Pipeline\\Pipeline::carry():184}:185}(Object(Illuminate\\Http\\Request))
#52 /Users/ahmedmosaad/Herd/myclass2026-main/vendor/laravel/framework/src/Illuminate/Pipeline/Pipeline.php(209): Illuminate\\Foundation\\Http\\Middleware\\PreventRequestsDuringMaintenance->handle(Object(Illuminate\\Http\\Request), Object(Closure))
#53 /Users/ahmedmosaad/Herd/myclass2026-main/vendor/laravel/framework/src/Illuminate/Http/Middleware/HandleCors.php(62): Illuminate\\Pipeline\\Pipeline->{closure:{closure:Illuminate\\Pipeline\\Pipeline::carry():184}:185}(Object(Illuminate\\Http\\Request))
#54 /Users/ahmedmosaad/Herd/myclass2026-main/vendor/laravel/framework/src/Illuminate/Pipeline/Pipeline.php(209): Illuminate\\Http\\Middleware\\HandleCors->handle(Object(Illuminate\\Http\\Request), Object(Closure))
#55 /Users/ahmedmosaad/Herd/myclass2026-main/vendor/laravel/framework/src/Illuminate/Http/Middleware/TrustProxies.php(58): Illuminate\\Pipeline\\Pipeline->{closure:{closure:Illuminate\\Pipeline\\Pipeline::carry():184}:185}(Object(Illuminate\\Http\\Request))
#56 /Users/ahmedmosaad/Herd/myclass2026-main/vendor/laravel/framework/src/Illuminate/Pipeline/Pipeline.php(209): Illuminate\\Http\\Middleware\\TrustProxies->handle(Object(Illuminate\\Http\\Request), Object(Closure))
#57 /Users/ahmedmosaad/Herd/myclass2026-main/vendor/laravel/framework/src/Illuminate/Foundation/Http/Middleware/InvokeDeferredCallbacks.php(22): Illuminate\\Pipeline\\Pipeline->{closure:{closure:Illuminate\\Pipeline\\Pipeline::carry():184}:185}(Object(Illuminate\\Http\\Request))
#58 /Users/ahmedmosaad/Herd/myclass2026-main/vendor/laravel/framework/src/Illuminate/Pipeline/Pipeline.php(209): Illuminate\\Foundation\\Http\\Middleware\\InvokeDeferredCallbacks->handle(Object(Illuminate\\Http\\Request), Object(Closure))
#59 /Users/ahmedmosaad/Herd/myclass2026-main/vendor/laravel/framework/src/Illuminate/Http/Middleware/ValidatePathEncoding.php(26): Illuminate\\Pipeline\\Pipeline->{closure:{closure:Illuminate\\Pipeline\\Pipeline::carry():184}:185}(Object(Illuminate\\Http\\Request))
#60 /Users/ahmedmosaad/Herd/myclass2026-main/vendor/laravel/framework/src/Illuminate/Pipeline/Pipeline.php(209): Illuminate\\Http\\Middleware\\ValidatePathEncoding->handle(Object(Illuminate\\Http\\Request), Object(Closure))
#61 /Users/ahmedmosaad/Herd/myclass2026-main/vendor/laravel/framework/src/Illuminate/Pipeline/Pipeline.php(127): Illuminate\\Pipeline\\Pipeline->{closure:{closure:Illuminate\\Pipeline\\Pipeline::carry():184}:185}(Object(Illuminate\\Http\\Request))
#62 /Users/ahmedmosaad/Herd/myclass2026-main/vendor/laravel/framework/src/Illuminate/Foundation/Http/Kernel.php(176): Illuminate\\Pipeline\\Pipeline->then(Object(Closure))
#63 /Users/ahmedmosaad/Herd/myclass2026-main/vendor/laravel/framework/src/Illuminate/Foundation/Http/Kernel.php(145): Illuminate\\Foundation\\Http\\Kernel->sendRequestThroughRouter(Object(Illuminate\\Http\\Request))
#64 /Users/ahmedmosaad/Herd/myclass2026-main/vendor/laravel/framework/src/Illuminate/Foundation/Application.php(1220): Illuminate\\Foundation\\Http\\Kernel->handle(Object(Illuminate\\Http\\Request))
#65 /Users/ahmedmosaad/Herd/myclass2026-main/public/index.php(20): Illuminate\\Foundation\\Application->handleRequest(Object(Illuminate\\Http\\Request))
#66 /Users/ahmedmosaad/Herd/myclass2026-main/vendor/laravel/framework/src/Illuminate/Foundation/resources/server.php(23): require_once('/Users/ahmedmos...')
#67 {main}
"} 
[2026-02-07 07:15:31] local.ERROR: Unsupported operand types: string + int {"userId":19,"exception":"[object] (TypeError(code: 0): Unsupported operand types: string + int at /Users/ahmedmosaad/Herd/myclass2026-main/app/Http/Controllers/QuQuestionController.php:242)
[stacktrace]
#0 [internal function]: App\\Http\\Controllers\\QuQuestionController->{closure:App\\Http\\Controllers\\QuQuestionController::apiIndex():236}(Object(App\\Models\\QuQuestion), 0)
#1 /Users/ahmedmosaad/Herd/myclass2026-main/vendor/laravel/framework/src/Illuminate/Collections/Arr.php(609): array_map(Object(Closure), Array, Array)
#2 /Users/ahmedmosaad/Herd/myclass2026-main/vendor/laravel/framework/src/Illuminate/Collections/Collection.php(800): Illuminate\\Support\\Arr::map(Array, Object(Closure))
#3 /Users/ahmedmosaad/Herd/myclass2026-main/vendor/laravel/framework/src/Illuminate/Database/Eloquent/Collection.php(388): Illuminate\\Support\\Collection->map(Object(Closure))
#4 /Users/ahmedmosaad/Herd/myclass2026-main/app/Http/Controllers/QuQuestionController.php(236): Illuminate\\Database\\Eloquent\\Collection->map(Object(Closure))
#5 /Users/ahmedmosaad/Herd/myclass2026-main/vendor/laravel/framework/src/Illuminate/Routing/ControllerDispatcher.php(47): App\\Http\\Controllers\\QuQuestionController->apiIndex(Object(Illuminate\\Http\\Request))
#6 /Users/ahmedmosaad/Herd/myclass2026-main/vendor/laravel/framework/src/Illuminate/Routing/Route.php(266): Illuminate\\Routing\\ControllerDispatcher->dispatch(Object(Illuminate\\Routing\\Route), Object(App\\Http\\Controllers\\QuQuestionController), 'apiIndex')
#7 /Users/ahmedmosaad/Herd/myclass2026-main/vendor/laravel/framework/src/Illuminate/Routing/Route.php(212): Illuminate\\Routing\\Route->runController()
#8 /Users/ahmedmosaad/Herd/myclass2026-main/vendor/laravel/framework/src/Illuminate/Routing/Router.php(808): Illuminate\\Routing\\Route->run()
#9 /Users/ahmedmosaad/Herd/myclass2026-main/vendor/laravel/framework/src/Illuminate/Pipeline/Pipeline.php(170): Illuminate\\Routing\\Router->{closure:Illuminate\\Routing\\Router::runRouteWithinStack():807}(Object(Illuminate\\Http\\Request))
#10 /Users/ahmedmosaad/Herd/myclass2026-main/app/Http/Middleware/TrackLastActive.php(28): Illuminate\\Pipeline\\Pipeline->{closure:Illuminate\\Pipeline\\Pipeline::prepareDestination():168}(Object(Illuminate\\Http\\Request))
#11 /Users/ahmedmosaad/Herd/myclass2026-main/vendor/laravel/framework/src/Illuminate/Pipeline/Pipeline.php(209): App\\Http\\Middleware\\TrackLastActive->handle(Object(Illuminate\\Http\\Request), Object(Closure))
#12 /Users/ahmedmosaad/Herd/myclass2026-main/app/Http/Middleware/LogPageVisit.php(23): Illuminate\\Pipeline\\Pipeline->{closure:{closure:Illuminate\\Pipeline\\Pipeline::carry():184}:185}(Object(Illuminate\\Http\\Request))
#13 /Users/ahmedmosaad/Herd/myclass2026-main/vendor/laravel/framework/src/Illuminate/Pipeline/Pipeline.php(209): App\\Http\\Middleware\\LogPageVisit->handle(Object(Illuminate\\Http\\Request), Object(Closure))
#14 /Users/ahmedmosaad/Herd/myclass2026-main/vendor/laravel/framework/src/Illuminate/Http/Middleware/AddLinkHeadersForPreloadedAssets.php(20): Illuminate\\Pipeline\\Pipeline->{closure:{closure:Illuminate\\Pipeline\\Pipeline::carry():184}:185}(Object(Illuminate\\Http\\Request))
#15 /Users/ahmedmosaad/Herd/myclass2026-main/vendor/laravel/framework/src/Illuminate/Pipeline/Pipeline.php(209): Illuminate\\Http\\Middleware\\AddLinkHeadersForPreloadedAssets->handle(Object(Illuminate\\Http\\Request), Object(Closure))
#16 /Users/ahmedmosaad/Herd/myclass2026-main/vendor/inertiajs/inertia-laravel/src/Middleware.php(86): Illuminate\\Pipeline\\Pipeline->{closure:{closure:Illuminate\\Pipeline\\Pipeline::carry():184}:185}(Object(Illuminate\\Http\\Request))
#17 /Users/ahmedmosaad/Herd/myclass2026-main/app/Http/Middleware/HandleInertiaRequests.php(94): Inertia\\Middleware->handle(Object(Illuminate\\Http\\Request), Object(Closure))
#18 /Users/ahmedmosaad/Herd/myclass2026-main/vendor/laravel/framework/src/Illuminate/Pipeline/Pipeline.php(209): App\\Http\\Middleware\\HandleInertiaRequests->handle(Object(Illuminate\\Http\\Request), Object(Closure))
#19 /Users/ahmedmosaad/Herd/myclass2026-main/vendor/laravel/jetstream/src/Http/Middleware/ShareInertiaData.php(69): Illuminate\\Pipeline\\Pipeline->{closure:{closure:Illuminate\\Pipeline\\Pipeline::carry():184}:185}(Object(Illuminate\\Http\\Request))
#20 /Users/ahmedmosaad/Herd/myclass2026-main/vendor/laravel/framework/src/Illuminate/Pipeline/Pipeline.php(209): Laravel\\Jetstream\\Http\\Middleware\\ShareInertiaData->handle(Object(Illuminate\\Http\\Request), Object(Closure))
#21 /Users/ahmedmosaad/Herd/myclass2026-main/vendor/laravel/framework/src/Illuminate/Foundation/Http/Middleware/VerifyCsrfToken.php(88): Illuminate\\Pipeline\\Pipeline->{closure:{closure:Illuminate\\Pipeline\\Pipeline::carry():184}:185}(Object(Illuminate\\Http\\Request))
#22 /Users/ahmedmosaad/Herd/myclass2026-main/vendor/laravel/framework/src/Illuminate/Pipeline/Pipeline.php(209): Illuminate\\Foundation\\Http\\Middleware\\VerifyCsrfToken->handle(Object(Illuminate\\Http\\Request), Object(Closure))
#23 /Users/ahmedmosaad/Herd/myclass2026-main/vendor/laravel/framework/src/Illuminate/Routing/Middleware/SubstituteBindings.php(51): Illuminate\\Pipeline\\Pipeline->{closure:{closure:Illuminate\\Pipeline\\Pipeline::carry():184}:185}(Object(Illuminate\\Http\\Request))
#24 /Users/ahmedmosaad/Herd/myclass2026-main/vendor/laravel/framework/src/Illuminate/Pipeline/Pipeline.php(209): Illuminate\\Routing\\Middleware\\SubstituteBindings->handle(Object(Illuminate\\Http\\Request), Object(Closure))
#25 /Users/ahmedmosaad/Herd/myclass2026-main/vendor/laravel/framework/src/Illuminate/Auth/Middleware/Authenticate.php(64): Illuminate\\Pipeline\\Pipeline->{closure:{closure:Illuminate\\Pipeline\\Pipeline::carry():184}:185}(Object(Illuminate\\Http\\Request))
#26 /Users/ahmedmosaad/Herd/myclass2026-main/vendor/laravel/framework/src/Illuminate/Pipeline/Pipeline.php(209): Illuminate\\Auth\\Middleware\\Authenticate->handle(Object(Illuminate\\Http\\Request), Object(Closure), 'sanctum')
#27 /Users/ahmedmosaad/Herd/myclass2026-main/vendor/laravel/framework/src/Illuminate/View/Middleware/ShareErrorsFromSession.php(49): Illuminate\\Pipeline\\Pipeline->{closure:{closure:Illuminate\\Pipeline\\Pipeline::carry():184}:185}(Object(Illuminate\\Http\\Request))
#28 /Users/ahmedmosaad/Herd/myclass2026-main/vendor/laravel/framework/src/Illuminate/Pipeline/Pipeline.php(209): Illuminate\\View\\Middleware\\ShareErrorsFromSession->handle(Object(Illuminate\\Http\\Request), Object(Closure))
#29 /Users/ahmedmosaad/Herd/myclass2026-main/vendor/laravel/framework/src/Illuminate/Session/Middleware/StartSession.php(121): Illuminate\\Pipeline\\Pipeline->{closure:{closure:Illuminate\\Pipeline\\Pipeline::carry():184}:185}(Object(Illuminate\\Http\\Request))
#30 /Users/ahmedmosaad/Herd/myclass2026-main/vendor/laravel/framework/src/Illuminate/Session/Middleware/StartSession.php(64): Illuminate\\Session\\Middleware\\StartSession->handleStatefulRequest(Object(Illuminate\\Http\\Request), Object(Illuminate\\Session\\Store), Object(Closure))
#31 /Users/ahmedmosaad/Herd/myclass2026-main/vendor/laravel/framework/src/Illuminate/Pipeline/Pipeline.php(209): Illuminate\\Session\\Middleware\\StartSession->handle(Object(Illuminate\\Http\\Request), Object(Closure))
#32 /Users/ahmedmosaad/Herd/myclass2026-main/vendor/laravel/framework/src/Illuminate/Cookie/Middleware/AddQueuedCookiesToResponse.php(37): Illuminate\\Pipeline\\Pipeline->{closure:{closure:Illuminate\\Pipeline\\Pipeline::carry():184}:185}(Object(Illuminate\\Http\\Request))
#33 /Users/ahmedmosaad/Herd/myclass2026-main/vendor/laravel/framework/src/Illuminate/Pipeline/Pipeline.php(209): Illuminate\\Cookie\\Middleware\\AddQueuedCookiesToResponse->handle(Object(Illuminate\\Http\\Request), Object(Closure))
#34 /Users/ahmedmosaad/Herd/myclass2026-main/vendor/laravel/framework/src/Illuminate/Cookie/Middleware/EncryptCookies.php(75): Illuminate\\Pipeline\\Pipeline->{closure:{closure:Illuminate\\Pipeline\\Pipeline::carry():184}:185}(Object(Illuminate\\Http\\Request))
#35 /Users/ahmedmosaad/Herd/myclass2026-main/vendor/laravel/framework/src/Illuminate/Pipeline/Pipeline.php(209): Illuminate\\Cookie\\Middleware\\EncryptCookies->handle(Object(Illuminate\\Http\\Request), Object(Closure))
#36 /Users/ahmedmosaad/Herd/myclass2026-main/vendor/laravel/framework/src/Illuminate/Pipeline/Pipeline.php(127): Illuminate\\Pipeline\\Pipeline->{closure:{closure:Illuminate\\Pipeline\\Pipeline::carry():184}:185}(Object(Illuminate\\Http\\Request))
#37 /Users/ahmedmosaad/Herd/myclass2026-main/vendor/laravel/framework/src/Illuminate/Routing/Router.php(807): Illuminate\\Pipeline\\Pipeline->then(Object(Closure))
#38 /Users/ahmedmosaad/Herd/myclass2026-main/vendor/laravel/framework/src/Illuminate/Routing/Router.php(786): Illuminate\\Routing\\Router->runRouteWithinStack(Object(Illuminate\\Routing\\Route), Object(Illuminate\\Http\\Request))
#39 /Users/ahmedmosaad/Herd/myclass2026-main/vendor/laravel/framework/src/Illuminate/Routing/Router.php(750): Illuminate\\Routing\\Router->runRoute(Object(Illuminate\\Http\\Request), Object(Illuminate\\Routing\\Route))
#40 /Users/ahmedmosaad/Herd/myclass2026-main/vendor/laravel/framework/src/Illuminate/Routing/Router.php(739): Illuminate\\Routing\\Router->dispatchToRoute(Object(Illuminate\\Http\\Request))
#41 /Users/ahmedmosaad/Herd/myclass2026-main/vendor/laravel/framework/src/Illuminate/Foundation/Http/Kernel.php(201): Illuminate\\Routing\\Router->dispatch(Object(Illuminate\\Http\\Request))
#42 /Users/ahmedmosaad/Herd/myclass2026-main/vendor/laravel/framework/src/Illuminate/Pipeline/Pipeline.php(170): Illuminate\\Foundation\\Http\\Kernel->{closure:Illuminate\\Foundation\\Http\\Kernel::dispatchToRouter():198}(Object(Illuminate\\Http\\Request))
#43 /Users/ahmedmosaad/Herd/myclass2026-main/vendor/laravel/framework/src/Illuminate/Foundation/Http/Middleware/TransformsRequest.php(21): Illuminate\\Pipeline\\Pipeline->{closure:Illuminate\\Pipeline\\Pipeline::prepareDestination():168}(Object(Illuminate\\Http\\Request))
#44 /Users/ahmedmosaad/Herd/myclass2026-main/vendor/laravel/framework/src/Illuminate/Foundation/Http/Middleware/ConvertEmptyStringsToNull.php(31): Illuminate\\Foundation\\Http\\Middleware\\TransformsRequest->handle(Object(Illuminate\\Http\\Request), Object(Closure))
#45 /Users/ahmedmosaad/Herd/myclass2026-main/vendor/laravel/framework/src/Illuminate/Pipeline/Pipeline.php(209): Illuminate\\Foundation\\Http\\Middleware\\ConvertEmptyStringsToNull->handle(Object(Illuminate\\Http\\Request), Object(Closure))
#46 /Users/ahmedmosaad/Herd/myclass2026-main/vendor/laravel/framework/src/Illuminate/Foundation/Http/Middleware/TransformsRequest.php(21): Illuminate\\Pipeline\\Pipeline->{closure:{closure:Illuminate\\Pipeline\\Pipeline::carry():184}:185}(Object(Illuminate\\Http\\Request))
#47 /Users/ahmedmosaad/Herd/myclass2026-main/vendor/laravel/framework/src/Illuminate/Foundation/Http/Middleware/TrimStrings.php(51): Illuminate\\Foundation\\Http\\Middleware\\TransformsRequest->handle(Object(Illuminate\\Http\\Request), Object(Closure))
#48 /Users/ahmedmosaad/Herd/myclass2026-main/vendor/laravel/framework/src/Illuminate/Pipeline/Pipeline.php(209): Illuminate\\Foundation\\Http\\Middleware\\TrimStrings->handle(Object(Illuminate\\Http\\Request), Object(Closure))
#49 /Users/ahmedmosaad/Herd/myclass2026-main/vendor/laravel/framework/src/Illuminate/Http/Middleware/ValidatePostSize.php(27): Illuminate\\Pipeline\\Pipeline->{closure:{closure:Illuminate\\Pipeline\\Pipeline::carry():184}:185}(Object(Illuminate\\Http\\Request))
#50 /Users/ahmedmosaad/Herd/myclass2026-main/vendor/laravel/framework/src/Illuminate/Pipeline/Pipeline.php(209): Illuminate\\Http\\Middleware\\ValidatePostSize->handle(Object(Illuminate\\Http\\Request), Object(Closure))
#51 /Users/ahmedmosaad/Herd/myclass2026-main/vendor/laravel/framework/src/Illuminate/Foundation/Http/Middleware/PreventRequestsDuringMaintenance.php(110): Illuminate\\Pipeline\\Pipeline->{closure:{closure:Illuminate\\Pipeline\\Pipeline::carry():184}:185}(Object(Illuminate\\Http\\Request))
#52 /Users/ahmedmosaad/Herd/myclass2026-main/vendor/laravel/framework/src/Illuminate/Pipeline/Pipeline.php(209): Illuminate\\Foundation\\Http\\Middleware\\PreventRequestsDuringMaintenance->handle(Object(Illuminate\\Http\\Request), Object(Closure))
#53 /Users/ahmedmosaad/Herd/myclass2026-main/vendor/laravel/framework/src/Illuminate/Http/Middleware/HandleCors.php(62): Illuminate\\Pipeline\\Pipeline->{closure:{closure:Illuminate\\Pipeline\\Pipeline::carry():184}:185}(Object(Illuminate\\Http\\Request))
#54 /Users/ahmedmosaad/Herd/myclass2026-main/vendor/laravel/framework/src/Illuminate/Pipeline/Pipeline.php(209): Illuminate\\Http\\Middleware\\HandleCors->handle(Object(Illuminate\\Http\\Request), Object(Closure))
#55 /Users/ahmedmosaad/Herd/myclass2026-main/vendor/laravel/framework/src/Illuminate/Http/Middleware/TrustProxies.php(58): Illuminate\\Pipeline\\Pipeline->{closure:{closure:Illuminate\\Pipeline\\Pipeline::carry():184}:185}(Object(Illuminate\\Http\\Request))
#56 /Users/ahmedmosaad/Herd/myclass2026-main/vendor/laravel/framework/src/Illuminate/Pipeline/Pipeline.php(209): Illuminate\\Http\\Middleware\\TrustProxies->handle(Object(Illuminate\\Http\\Request), Object(Closure))
#57 /Users/ahmedmosaad/Herd/myclass2026-main/vendor/laravel/framework/src/Illuminate/Foundation/Http/Middleware/InvokeDeferredCallbacks.php(22): Illuminate\\Pipeline\\Pipeline->{closure:{closure:Illuminate\\Pipeline\\Pipeline::carry():184}:185}(Object(Illuminate\\Http\\Request))
#58 /Users/ahmedmosaad/Herd/myclass2026-main/vendor/laravel/framework/src/Illuminate/Pipeline/Pipeline.php(209): Illuminate\\Foundation\\Http\\Middleware\\InvokeDeferredCallbacks->handle(Object(Illuminate\\Http\\Request), Object(Closure))
#59 /Users/ahmedmosaad/Herd/myclass2026-main/vendor/laravel/framework/src/Illuminate/Http/Middleware/ValidatePathEncoding.php(26): Illuminate\\Pipeline\\Pipeline->{closure:{closure:Illuminate\\Pipeline\\Pipeline::carry():184}:185}(Object(Illuminate\\Http\\Request))
#60 /Users/ahmedmosaad/Herd/myclass2026-main/vendor/laravel/framework/src/Illuminate/Pipeline/Pipeline.php(209): Illuminate\\Http\\Middleware\\ValidatePathEncoding->handle(Object(Illuminate\\Http\\Request), Object(Closure))
#61 /Users/ahmedmosaad/Herd/myclass2026-main/vendor/laravel/framework/src/Illuminate/Pipeline/Pipeline.php(127): Illuminate\\Pipeline\\Pipeline->{closure:{closure:Illuminate\\Pipeline\\Pipeline::carry():184}:185}(Object(Illuminate\\Http\\Request))
#62 /Users/ahmedmosaad/Herd/myclass2026-main/vendor/laravel/framework/src/Illuminate/Foundation/Http/Kernel.php(176): Illuminate\\Pipeline\\Pipeline->then(Object(Closure))
#63 /Users/ahmedmosaad/Herd/myclass2026-main/vendor/laravel/framework/src/Illuminate/Foundation/Http/Kernel.php(145): Illuminate\\Foundation\\Http\\Kernel->sendRequestThroughRouter(Object(Illuminate\\Http\\Request))
#64 /Users/ahmedmosaad/Herd/myclass2026-main/vendor/laravel/framework/src/Illuminate/Foundation/Application.php(1220): Illuminate\\Foundation\\Http\\Kernel->handle(Object(Illuminate\\Http\\Request))
#65 /Users/ahmedmosaad/Herd/myclass2026-main/public/index.php(20): Illuminate\\Foundation\\Application->handleRequest(Object(Illuminate\\Http\\Request))
#66 /Users/ahmedmosaad/Herd/myclass2026-main/vendor/laravel/framework/src/Illuminate/Foundation/resources/server.php(23): require_once('/Users/ahmedmos...')
#67 {main}
"} 
[2026-02-07 07:15:35] local.INFO: Menu Request: {"user_id":19,"actual_role":"teacher","requested_role":"teacher","is_admin":false,"has_super_admin":true} 
[2026-02-07 07:15:35] local.INFO: Role Override Applied: teacher  
[2026-02-07 07:15:35] local.ERROR: Unsupported operand types: string + int {"userId":19,"exception":"[object] (TypeError(code: 0): Unsupported operand types: string + int at /Users/ahmedmosaad/Herd/myclass2026-main/app/Http/Controllers/QuQuestionController.php:242)
[stacktrace]
#0 [internal function]: App\\Http\\Controllers\\QuQuestionController->{closure:App\\Http\\Controllers\\QuQuestionController::apiIndex():236}(Object(App\\Models\\QuQuestion), 0)
#1 /Users/ahmedmosaad/Herd/myclass2026-main/vendor/laravel/framework/src/Illuminate/Collections/Arr.php(609): array_map(Object(Closure), Array, Array)
#2 /Users/ahmedmosaad/Herd/myclass2026-main/vendor/laravel/framework/src/Illuminate/Collections/Collection.php(800): Illuminate\\Support\\Arr::map(Array, Object(Closure))
#3 /Users/ahmedmosaad/Herd/myclass2026-main/vendor/laravel/framework/src/Illuminate/Database/Eloquent/Collection.php(388): Illuminate\\Support\\Collection->map(Object(Closure))
#4 /Users/ahmedmosaad/Herd/myclass2026-main/app/Http/Controllers/QuQuestionController.php(236): Illuminate\\Database\\Eloquent\\Collection->map(Object(Closure))
#5 /Users/ahmedmosaad/Herd/myclass2026-main/vendor/laravel/framework/src/Illuminate/Routing/ControllerDispatcher.php(47): App\\Http\\Controllers\\QuQuestionController->apiIndex(Object(Illuminate\\Http\\Request))
#6 /Users/ahmedmosaad/Herd/myclass2026-main/vendor/laravel/framework/src/Illuminate/Routing/Route.php(266): Illuminate\\Routing\\ControllerDispatcher->dispatch(Object(Illuminate\\Routing\\Route), Object(App\\Http\\Controllers\\QuQuestionController), 'apiIndex')
#7 /Users/ahmedmosaad/Herd/myclass2026-main/vendor/laravel/framework/src/Illuminate/Routing/Route.php(212): Illuminate\\Routing\\Route->runController()
#8 /Users/ahmedmosaad/Herd/myclass2026-main/vendor/laravel/framework/src/Illuminate/Routing/Router.php(808): Illuminate\\Routing\\Route->run()
#9 /Users/ahmedmosaad/Herd/myclass2026-main/vendor/laravel/framework/src/Illuminate/Pipeline/Pipeline.php(170): Illuminate\\Routing\\Router->{closure:Illuminate\\Routing\\Router::runRouteWithinStack():807}(Object(Illuminate\\Http\\Request))
#10 /Users/ahmedmosaad/Herd/myclass2026-main/app/Http/Middleware/TrackLastActive.php(28): Illuminate\\Pipeline\\Pipeline->{closure:Illuminate\\Pipeline\\Pipeline::prepareDestination():168}(Object(Illuminate\\Http\\Request))
#11 /Users/ahmedmosaad/Herd/myclass2026-main/vendor/laravel/framework/src/Illuminate/Pipeline/Pipeline.php(209): App\\Http\\Middleware\\TrackLastActive->handle(Object(Illuminate\\Http\\Request), Object(Closure))
#12 /Users/ahmedmosaad/Herd/myclass2026-main/app/Http/Middleware/LogPageVisit.php(23): Illuminate\\Pipeline\\Pipeline->{closure:{closure:Illuminate\\Pipeline\\Pipeline::carry():184}:185}(Object(Illuminate\\Http\\Request))
#13 /Users/ahmedmosaad/Herd/myclass2026-main/vendor/laravel/framework/src/Illuminate/Pipeline/Pipeline.php(209): App\\Http\\Middleware\\LogPageVisit->handle(Object(Illuminate\\Http\\Request), Object(Closure))
#14 /Users/ahmedmosaad/Herd/myclass2026-main/vendor/laravel/framework/src/Illuminate/Http/Middleware/AddLinkHeadersForPreloadedAssets.php(20): Illuminate\\Pipeline\\Pipeline->{closure:{closure:Illuminate\\Pipeline\\Pipeline::carry():184}:185}(Object(Illuminate\\Http\\Request))
#15 /Users/ahmedmosaad/Herd/myclass2026-main/vendor/laravel/framework/src/Illuminate/Pipeline/Pipeline.php(209): Illuminate\\Http\\Middleware\\AddLinkHeadersForPreloadedAssets->handle(Object(Illuminate\\Http\\Request), Object(Closure))
#16 /Users/ahmedmosaad/Herd/myclass2026-main/vendor/inertiajs/inertia-laravel/src/Middleware.php(86): Illuminate\\Pipeline\\Pipeline->{closure:{closure:Illuminate\\Pipeline\\Pipeline::carry():184}:185}(Object(Illuminate\\Http\\Request))
#17 /Users/ahmedmosaad/Herd/myclass2026-main/app/Http/Middleware/HandleInertiaRequests.php(94): Inertia\\Middleware->handle(Object(Illuminate\\Http\\Request), Object(Closure))
#18 /Users/ahmedmosaad/Herd/myclass2026-main/vendor/laravel/framework/src/Illuminate/Pipeline/Pipeline.php(209): App\\Http\\Middleware\\HandleInertiaRequests->handle(Object(Illuminate\\Http\\Request), Object(Closure))
#19 /Users/ahmedmosaad/Herd/myclass2026-main/vendor/laravel/jetstream/src/Http/Middleware/ShareInertiaData.php(69): Illuminate\\Pipeline\\Pipeline->{closure:{closure:Illuminate\\Pipeline\\Pipeline::carry():184}:185}(Object(Illuminate\\Http\\Request))
#20 /Users/ahmedmosaad/Herd/myclass2026-main/vendor/laravel/framework/src/Illuminate/Pipeline/Pipeline.php(209): Laravel\\Jetstream\\Http\\Middleware\\ShareInertiaData->handle(Object(Illuminate\\Http\\Request), Object(Closure))
#21 /Users/ahmedmosaad/Herd/myclass2026-main/vendor/laravel/framework/src/Illuminate/Foundation/Http/Middleware/VerifyCsrfToken.php(88): Illuminate\\Pipeline\\Pipeline->{closure:{closure:Illuminate\\Pipeline\\Pipeline::carry():184}:185}(Object(Illuminate\\Http\\Request))
#22 /Users/ahmedmosaad/Herd/myclass2026-main/vendor/laravel/framework/src/Illuminate/Pipeline/Pipeline.php(209): Illuminate\\Foundation\\Http\\Middleware\\VerifyCsrfToken->handle(Object(Illuminate\\Http\\Request), Object(Closure))
#23 /Users/ahmedmosaad/Herd/myclass2026-main/vendor/laravel/framework/src/Illuminate/Routing/Middleware/SubstituteBindings.php(51): Illuminate\\Pipeline\\Pipeline->{closure:{closure:Illuminate\\Pipeline\\Pipeline::carry():184}:185}(Object(Illuminate\\Http\\Request))
#24 /Users/ahmedmosaad/Herd/myclass2026-main/vendor/laravel/framework/src/Illuminate/Pipeline/Pipeline.php(209): Illuminate\\Routing\\Middleware\\SubstituteBindings->handle(Object(Illuminate\\Http\\Request), Object(Closure))
#25 /Users/ahmedmosaad/Herd/myclass2026-main/vendor/laravel/framework/src/Illuminate/Auth/Middleware/Authenticate.php(64): Illuminate\\Pipeline\\Pipeline->{closure:{closure:Illuminate\\Pipeline\\Pipeline::carry():184}:185}(Object(Illuminate\\Http\\Request))
#26 /Users/ahmedmosaad/Herd/myclass2026-main/vendor/laravel/framework/src/Illuminate/Pipeline/Pipeline.php(209): Illuminate\\Auth\\Middleware\\Authenticate->handle(Object(Illuminate\\Http\\Request), Object(Closure), 'sanctum')
#27 /Users/ahmedmosaad/Herd/myclass2026-main/vendor/laravel/framework/src/Illuminate/View/Middleware/ShareErrorsFromSession.php(49): Illuminate\\Pipeline\\Pipeline->{closure:{closure:Illuminate\\Pipeline\\Pipeline::carry():184}:185}(Object(Illuminate\\Http\\Request))
#28 /Users/ahmedmosaad/Herd/myclass2026-main/vendor/laravel/framework/src/Illuminate/Pipeline/Pipeline.php(209): Illuminate\\View\\Middleware\\ShareErrorsFromSession->handle(Object(Illuminate\\Http\\Request), Object(Closure))
#29 /Users/ahmedmosaad/Herd/myclass2026-main/vendor/laravel/framework/src/Illuminate/Session/Middleware/StartSession.php(121): Illuminate\\Pipeline\\Pipeline->{closure:{closure:Illuminate\\Pipeline\\Pipeline::carry():184}:185}(Object(Illuminate\\Http\\Request))
#30 /Users/ahmedmosaad/Herd/myclass2026-main/vendor/laravel/framework/src/Illuminate/Session/Middleware/StartSession.php(64): Illuminate\\Session\\Middleware\\StartSession->handleStatefulRequest(Object(Illuminate\\Http\\Request), Object(Illuminate\\Session\\Store), Object(Closure))
#31 /Users/ahmedmosaad/Herd/myclass2026-main/vendor/laravel/framework/src/Illuminate/Pipeline/Pipeline.php(209): Illuminate\\Session\\Middleware\\StartSession->handle(Object(Illuminate\\Http\\Request), Object(Closure))
#32 /Users/ahmedmosaad/Herd/myclass2026-main/vendor/laravel/framework/src/Illuminate/Cookie/Middleware/AddQueuedCookiesToResponse.php(37): Illuminate\\Pipeline\\Pipeline->{closure:{closure:Illuminate\\Pipeline\\Pipeline::carry():184}:185}(Object(Illuminate\\Http\\Request))
#33 /Users/ahmedmosaad/Herd/myclass2026-main/vendor/laravel/framework/src/Illuminate/Pipeline/Pipeline.php(209): Illuminate\\Cookie\\Middleware\\AddQueuedCookiesToResponse->handle(Object(Illuminate\\Http\\Request), Object(Closure))
#34 /Users/ahmedmosaad/Herd/myclass2026-main/vendor/laravel/framework/src/Illuminate/Cookie/Middleware/EncryptCookies.php(75): Illuminate\\Pipeline\\Pipeline->{closure:{closure:Illuminate\\Pipeline\\Pipeline::carry():184}:185}(Object(Illuminate\\Http\\Request))
#35 /Users/ahmedmosaad/Herd/myclass2026-main/vendor/laravel/framework/src/Illuminate/Pipeline/Pipeline.php(209): Illuminate\\Cookie\\Middleware\\EncryptCookies->handle(Object(Illuminate\\Http\\Request), Object(Closure))
#36 /Users/ahmedmosaad/Herd/myclass2026-main/vendor/laravel/framework/src/Illuminate/Pipeline/Pipeline.php(127): Illuminate\\Pipeline\\Pipeline->{closure:{closure:Illuminate\\Pipeline\\Pipeline::carry():184}:185}(Object(Illuminate\\Http\\Request))
#37 /Users/ahmedmosaad/Herd/myclass2026-main/vendor/laravel/framework/src/Illuminate/Routing/Router.php(807): Illuminate\\Pipeline\\Pipeline->then(Object(Closure))
#38 /Users/ahmedmosaad/Herd/myclass2026-main/vendor/laravel/framework/src/Illuminate/Routing/Router.php(786): Illuminate\\Routing\\Router->runRouteWithinStack(Object(Illuminate\\Routing\\Route), Object(Illuminate\\Http\\Request))
#39 /Users/ahmedmosaad/Herd/myclass2026-main/vendor/laravel/framework/src/Illuminate/Routing/Router.php(750): Illuminate\\Routing\\Router->runRoute(Object(Illuminate\\Http\\Request), Object(Illuminate\\Routing\\Route))
#40 /Users/ahmedmosaad/Herd/myclass2026-main/vendor/laravel/framework/src/Illuminate/Routing/Router.php(739): Illuminate\\Routing\\Router->dispatchToRoute(Object(Illuminate\\Http\\Request))
#41 /Users/ahmedmosaad/Herd/myclass2026-main/vendor/laravel/framework/src/Illuminate/Foundation/Http/Kernel.php(201): Illuminate\\Routing\\Router->dispatch(Object(Illuminate\\Http\\Request))
#42 /Users/ahmedmosaad/Herd/myclass2026-main/vendor/laravel/framework/src/Illuminate/Pipeline/Pipeline.php(170): Illuminate\\Foundation\\Http\\Kernel->{closure:Illuminate\\Foundation\\Http\\Kernel::dispatchToRouter():198}(Object(Illuminate\\Http\\Request))
#43 /Users/ahmedmosaad/Herd/myclass2026-main/vendor/laravel/framework/src/Illuminate/Foundation/Http/Middleware/TransformsRequest.php(21): Illuminate\\Pipeline\\Pipeline->{closure:Illuminate\\Pipeline\\Pipeline::prepareDestination():168}(Object(Illuminate\\Http\\Request))
#44 /Users/ahmedmosaad/Herd/myclass2026-main/vendor/laravel/framework/src/Illuminate/Foundation/Http/Middleware/ConvertEmptyStringsToNull.php(31): Illuminate\\Foundation\\Http\\Middleware\\TransformsRequest->handle(Object(Illuminate\\Http\\Request), Object(Closure))
#45 /Users/ahmedmosaad/Herd/myclass2026-main/vendor/laravel/framework/src/Illuminate/Pipeline/Pipeline.php(209): Illuminate\\Foundation\\Http\\Middleware\\ConvertEmptyStringsToNull->handle(Object(Illuminate\\Http\\Request), Object(Closure))
#46 /Users/ahmedmosaad/Herd/myclass2026-main/vendor/laravel/framework/src/Illuminate/Foundation/Http/Middleware/TransformsRequest.php(21): Illuminate\\Pipeline\\Pipeline->{closure:{closure:Illuminate\\Pipeline\\Pipeline::carry():184}:185}(Object(Illuminate\\Http\\Request))
#47 /Users/ahmedmosaad/Herd/myclass2026-main/vendor/laravel/framework/src/Illuminate/Foundation/Http/Middleware/TrimStrings.php(51): Illuminate\\Foundation\\Http\\Middleware\\TransformsRequest->handle(Object(Illuminate\\Http\\Request), Object(Closure))
#48 /Users/ahmedmosaad/Herd/myclass2026-main/vendor/laravel/framework/src/Illuminate/Pipeline/Pipeline.php(209): Illuminate\\Foundation\\Http\\Middleware\\TrimStrings->handle(Object(Illuminate\\Http\\Request), Object(Closure))
#49 /Users/ahmedmosaad/Herd/myclass2026-main/vendor/laravel/framework/src/Illuminate/Http/Middleware/ValidatePostSize.php(27): Illuminate\\Pipeline\\Pipeline->{closure:{closure:Illuminate\\Pipeline\\Pipeline::carry():184}:185}(Object(Illuminate\\Http\\Request))
#50 /Users/ahmedmosaad/Herd/myclass2026-main/vendor/laravel/framework/src/Illuminate/Pipeline/Pipeline.php(209): Illuminate\\Http\\Middleware\\ValidatePostSize->handle(Object(Illuminate\\Http\\Request), Object(Closure))
#51 /Users/ahmedmosaad/Herd/myclass2026-main/vendor/laravel/framework/src/Illuminate/Foundation/Http/Middleware/PreventRequestsDuringMaintenance.php(110): Illuminate\\Pipeline\\Pipeline->{closure:{closure:Illuminate\\Pipeline\\Pipeline::carry():184}:185}(Object(Illuminate\\Http\\Request))
#52 /Users/ahmedmosaad/Herd/myclass2026-main/vendor/laravel/framework/src/Illuminate/Pipeline/Pipeline.php(209): Illuminate\\Foundation\\Http\\Middleware\\PreventRequestsDuringMaintenance->handle(Object(Illuminate\\Http\\Request), Object(Closure))
#53 /Users/ahmedmosaad/Herd/myclass2026-main/vendor/laravel/framework/src/Illuminate/Http/Middleware/HandleCors.php(62): Illuminate\\Pipeline\\Pipeline->{closure:{closure:Illuminate\\Pipeline\\Pipeline::carry():184}:185}(Object(Illuminate\\Http\\Request))
#54 /Users/ahmedmosaad/Herd/myclass2026-main/vendor/laravel/framework/src/Illuminate/Pipeline/Pipeline.php(209): Illuminate\\Http\\Middleware\\HandleCors->handle(Object(Illuminate\\Http\\Request), Object(Closure))
#55 /Users/ahmedmosaad/Herd/myclass2026-main/vendor/laravel/framework/src/Illuminate/Http/Middleware/TrustProxies.php(58): Illuminate\\Pipeline\\Pipeline->{closure:{closure:Illuminate\\Pipeline\\Pipeline::carry():184}:185}(Object(Illuminate\\Http\\Request))
#56 /Users/ahmedmosaad/Herd/myclass2026-main/vendor/laravel/framework/src/Illuminate/Pipeline/Pipeline.php(209): Illuminate\\Http\\Middleware\\TrustProxies->handle(Object(Illuminate\\Http\\Request), Object(Closure))
#57 /Users/ahmedmosaad/Herd/myclass2026-main/vendor/laravel/framework/src/Illuminate/Foundation/Http/Middleware/InvokeDeferredCallbacks.php(22): Illuminate\\Pipeline\\Pipeline->{closure:{closure:Illuminate\\Pipeline\\Pipeline::carry():184}:185}(Object(Illuminate\\Http\\Request))
#58 /Users/ahmedmosaad/Herd/myclass2026-main/vendor/laravel/framework/src/Illuminate/Pipeline/Pipeline.php(209): Illuminate\\Foundation\\Http\\Middleware\\InvokeDeferredCallbacks->handle(Object(Illuminate\\Http\\Request), Object(Closure))
#59 /Users/ahmedmosaad/Herd/myclass2026-main/vendor/laravel/framework/src/Illuminate/Http/Middleware/ValidatePathEncoding.php(26): Illuminate\\Pipeline\\Pipeline->{closure:{closure:Illuminate\\Pipeline\\Pipeline::carry():184}:185}(Object(Illuminate\\Http\\Request))
#60 /Users/ahmedmosaad/Herd/myclass2026-main/vendor/laravel/framework/src/Illuminate/Pipeline/Pipeline.php(209): Illuminate\\Http\\Middleware\\ValidatePathEncoding->handle(Object(Illuminate\\Http\\Request), Object(Closure))
#61 /Users/ahmedmosaad/Herd/myclass2026-main/vendor/laravel/framework/src/Illuminate/Pipeline/Pipeline.php(127): Illuminate\\Pipeline\\Pipeline->{closure:{closure:Illuminate\\Pipeline\\Pipeline::carry():184}:185}(Object(Illuminate\\Http\\Request))
#62 /Users/ahmedmosaad/Herd/myclass2026-main/vendor/laravel/framework/src/Illuminate/Foundation/Http/Kernel.php(176): Illuminate\\Pipeline\\Pipeline->then(Object(Closure))
#63 /Users/ahmedmosaad/Herd/myclass2026-main/vendor/laravel/framework/src/Illuminate/Foundation/Http/Kernel.php(145): Illuminate\\Foundation\\Http\\Kernel->sendRequestThroughRouter(Object(Illuminate\\Http\\Request))
#64 /Users/ahmedmosaad/Herd/myclass2026-main/vendor/laravel/framework/src/Illuminate/Foundation/Application.php(1220): Illuminate\\Foundation\\Http\\Kernel->handle(Object(Illuminate\\Http\\Request))
#65 /Users/ahmedmosaad/Herd/myclass2026-main/public/index.php(20): Illuminate\\Foundation\\Application->handleRequest(Object(Illuminate\\Http\\Request))
#66 /Users/ahmedmosaad/Herd/myclass2026-main/vendor/laravel/framework/src/Illuminate/Foundation/resources/server.php(23): require_once('/Users/ahmedmos...')
#67 {main}
"} 
[2026-02-07 07:15:35] local.ERROR: Unsupported operand types: string + int {"userId":19,"exception":"[object] (TypeError(code: 0): Unsupported operand types: string + int at /Users/ahmedmosaad/Herd/myclass2026-main/app/Http/Controllers/QuQuestionController.php:242)
[stacktrace]
#0 [internal function]: App\\Http\\Controllers\\QuQuestionController->{closure:App\\Http\\Controllers\\QuQuestionController::apiIndex():236}(Object(App\\Models\\QuQuestion), 0)
#1 /Users/ahmedmosaad/Herd/myclass2026-main/vendor/laravel/framework/src/Illuminate/Collections/Arr.php(609): array_map(Object(Closure), Array, Array)
#2 /Users/ahmedmosaad/Herd/myclass2026-main/vendor/laravel/framework/src/Illuminate/Collections/Collection.php(800): Illuminate\\Support\\Arr::map(Array, Object(Closure))
#3 /Users/ahmedmosaad/Herd/myclass2026-main/vendor/laravel/framework/src/Illuminate/Database/Eloquent/Collection.php(388): Illuminate\\Support\\Collection->map(Object(Closure))
#4 /Users/ahmedmosaad/Herd/myclass2026-main/app/Http/Controllers/QuQuestionController.php(236): Illuminate\\Database\\Eloquent\\Collection->map(Object(Closure))
#5 /Users/ahmedmosaad/Herd/myclass2026-main/vendor/laravel/framework/src/Illuminate/Routing/ControllerDispatcher.php(47): App\\Http\\Controllers\\QuQuestionController->apiIndex(Object(Illuminate\\Http\\Request))
#6 /Users/ahmedmosaad/Herd/myclass2026-main/vendor/laravel/framework/src/Illuminate/Routing/Route.php(266): Illuminate\\Routing\\ControllerDispatcher->dispatch(Object(Illuminate\\Routing\\Route), Object(App\\Http\\Controllers\\QuQuestionController), 'apiIndex')
#7 /Users/ahmedmosaad/Herd/myclass2026-main/vendor/laravel/framework/src/Illuminate/Routing/Route.php(212): Illuminate\\Routing\\Route->runController()
#8 /Users/ahmedmosaad/Herd/myclass2026-main/vendor/laravel/framework/src/Illuminate/Routing/Router.php(808): Illuminate\\Routing\\Route->run()
#9 /Users/ahmedmosaad/Herd/myclass2026-main/vendor/laravel/framework/src/Illuminate/Pipeline/Pipeline.php(170): Illuminate\\Routing\\Router->{closure:Illuminate\\Routing\\Router::runRouteWithinStack():807}(Object(Illuminate\\Http\\Request))
#10 /Users/ahmedmosaad/Herd/myclass2026-main/app/Http/Middleware/TrackLastActive.php(28): Illuminate\\Pipeline\\Pipeline->{closure:Illuminate\\Pipeline\\Pipeline::prepareDestination():168}(Object(Illuminate\\Http\\Request))
#11 /Users/ahmedmosaad/Herd/myclass2026-main/vendor/laravel/framework/src/Illuminate/Pipeline/Pipeline.php(209): App\\Http\\Middleware\\TrackLastActive->handle(Object(Illuminate\\Http\\Request), Object(Closure))
#12 /Users/ahmedmosaad/Herd/myclass2026-main/app/Http/Middleware/LogPageVisit.php(23): Illuminate\\Pipeline\\Pipeline->{closure:{closure:Illuminate\\Pipeline\\Pipeline::carry():184}:185}(Object(Illuminate\\Http\\Request))
#13 /Users/ahmedmosaad/Herd/myclass2026-main/vendor/laravel/framework/src/Illuminate/Pipeline/Pipeline.php(209): App\\Http\\Middleware\\LogPageVisit->handle(Object(Illuminate\\Http\\Request), Object(Closure))
#14 /Users/ahmedmosaad/Herd/myclass2026-main/vendor/laravel/framework/src/Illuminate/Http/Middleware/AddLinkHeadersForPreloadedAssets.php(20): Illuminate\\Pipeline\\Pipeline->{closure:{closure:Illuminate\\Pipeline\\Pipeline::carry():184}:185}(Object(Illuminate\\Http\\Request))
#15 /Users/ahmedmosaad/Herd/myclass2026-main/vendor/laravel/framework/src/Illuminate/Pipeline/Pipeline.php(209): Illuminate\\Http\\Middleware\\AddLinkHeadersForPreloadedAssets->handle(Object(Illuminate\\Http\\Request), Object(Closure))
#16 /Users/ahmedmosaad/Herd/myclass2026-main/vendor/inertiajs/inertia-laravel/src/Middleware.php(86): Illuminate\\Pipeline\\Pipeline->{closure:{closure:Illuminate\\Pipeline\\Pipeline::carry():184}:185}(Object(Illuminate\\Http\\Request))
#17 /Users/ahmedmosaad/Herd/myclass2026-main/app/Http/Middleware/HandleInertiaRequests.php(94): Inertia\\Middleware->handle(Object(Illuminate\\Http\\Request), Object(Closure))
#18 /Users/ahmedmosaad/Herd/myclass2026-main/vendor/laravel/framework/src/Illuminate/Pipeline/Pipeline.php(209): App\\Http\\Middleware\\HandleInertiaRequests->handle(Object(Illuminate\\Http\\Request), Object(Closure))
#19 /Users/ahmedmosaad/Herd/myclass2026-main/vendor/laravel/jetstream/src/Http/Middleware/ShareInertiaData.php(69): Illuminate\\Pipeline\\Pipeline->{closure:{closure:Illuminate\\Pipeline\\Pipeline::carry():184}:185}(Object(Illuminate\\Http\\Request))
#20 /Users/ahmedmosaad/Herd/myclass2026-main/vendor/laravel/framework/src/Illuminate/Pipeline/Pipeline.php(209): Laravel\\Jetstream\\Http\\Middleware\\ShareInertiaData->handle(Object(Illuminate\\Http\\Request), Object(Closure))
#21 /Users/ahmedmosaad/Herd/myclass2026-main/vendor/laravel/framework/src/Illuminate/Foundation/Http/Middleware/VerifyCsrfToken.php(88): Illuminate\\Pipeline\\Pipeline->{closure:{closure:Illuminate\\Pipeline\\Pipeline::carry():184}:185}(Object(Illuminate\\Http\\Request))
#22 /Users/ahmedmosaad/Herd/myclass2026-main/vendor/laravel/framework/src/Illuminate/Pipeline/Pipeline.php(209): Illuminate\\Foundation\\Http\\Middleware\\VerifyCsrfToken->handle(Object(Illuminate\\Http\\Request), Object(Closure))
#23 /Users/ahmedmosaad/Herd/myclass2026-main/vendor/laravel/framework/src/Illuminate/Routing/Middleware/SubstituteBindings.php(51): Illuminate\\Pipeline\\Pipeline->{closure:{closure:Illuminate\\Pipeline\\Pipeline::carry():184}:185}(Object(Illuminate\\Http\\Request))
#24 /Users/ahmedmosaad/Herd/myclass2026-main/vendor/laravel/framework/src/Illuminate/Pipeline/Pipeline.php(209): Illuminate\\Routing\\Middleware\\SubstituteBindings->handle(Object(Illuminate\\Http\\Request), Object(Closure))
#25 /Users/ahmedmosaad/Herd/myclass2026-main/vendor/laravel/framework/src/Illuminate/Auth/Middleware/Authenticate.php(64): Illuminate\\Pipeline\\Pipeline->{closure:{closure:Illuminate\\Pipeline\\Pipeline::carry():184}:185}(Object(Illuminate\\Http\\Request))
#26 /Users/ahmedmosaad/Herd/myclass2026-main/vendor/laravel/framework/src/Illuminate/Pipeline/Pipeline.php(209): Illuminate\\Auth\\Middleware\\Authenticate->handle(Object(Illuminate\\Http\\Request), Object(Closure), 'sanctum')
#27 /Users/ahmedmosaad/Herd/myclass2026-main/vendor/laravel/framework/src/Illuminate/View/Middleware/ShareErrorsFromSession.php(49): Illuminate\\Pipeline\\Pipeline->{closure:{closure:Illuminate\\Pipeline\\Pipeline::carry():184}:185}(Object(Illuminate\\Http\\Request))
#28 /Users/ahmedmosaad/Herd/myclass2026-main/vendor/laravel/framework/src/Illuminate/Pipeline/Pipeline.php(209): Illuminate\\View\\Middleware\\ShareErrorsFromSession->handle(Object(Illuminate\\Http\\Request), Object(Closure))
#29 /Users/ahmedmosaad/Herd/myclass2026-main/vendor/laravel/framework/src/Illuminate/Session/Middleware/StartSession.php(121): Illuminate\\Pipeline\\Pipeline->{closure:{closure:Illuminate\\Pipeline\\Pipeline::carry():184}:185}(Object(Illuminate\\Http\\Request))
#30 /Users/ahmedmosaad/Herd/myclass2026-main/vendor/laravel/framework/src/Illuminate/Session/Middleware/StartSession.php(64): Illuminate\\Session\\Middleware\\StartSession->handleStatefulRequest(Object(Illuminate\\Http\\Request), Object(Illuminate\\Session\\Store), Object(Closure))
#31 /Users/ahmedmosaad/Herd/myclass2026-main/vendor/laravel/framework/src/Illuminate/Pipeline/Pipeline.php(209): Illuminate\\Session\\Middleware\\StartSession->handle(Object(Illuminate\\Http\\Request), Object(Closure))
#32 /Users/ahmedmosaad/Herd/myclass2026-main/vendor/laravel/framework/src/Illuminate/Cookie/Middleware/AddQueuedCookiesToResponse.php(37): Illuminate\\Pipeline\\Pipeline->{closure:{closure:Illuminate\\Pipeline\\Pipeline::carry():184}:185}(Object(Illuminate\\Http\\Request))
#33 /Users/ahmedmosaad/Herd/myclass2026-main/vendor/laravel/framework/src/Illuminate/Pipeline/Pipeline.php(209): Illuminate\\Cookie\\Middleware\\AddQueuedCookiesToResponse->handle(Object(Illuminate\\Http\\Request), Object(Closure))
#34 /Users/ahmedmosaad/Herd/myclass2026-main/vendor/laravel/framework/src/Illuminate/Cookie/Middleware/EncryptCookies.php(75): Illuminate\\Pipeline\\Pipeline->{closure:{closure:Illuminate\\Pipeline\\Pipeline::carry():184}:185}(Object(Illuminate\\Http\\Request))
#35 /Users/ahmedmosaad/Herd/myclass2026-main/vendor/laravel/framework/src/Illuminate/Pipeline/Pipeline.php(209): Illuminate\\Cookie\\Middleware\\EncryptCookies->handle(Object(Illuminate\\Http\\Request), Object(Closure))
#36 /Users/ahmedmosaad/Herd/myclass2026-main/vendor/laravel/framework/src/Illuminate/Pipeline/Pipeline.php(127): Illuminate\\Pipeline\\Pipeline->{closure:{closure:Illuminate\\Pipeline\\Pipeline::carry():184}:185}(Object(Illuminate\\Http\\Request))
#37 /Users/ahmedmosaad/Herd/myclass2026-main/vendor/laravel/framework/src/Illuminate/Routing/Router.php(807): Illuminate\\Pipeline\\Pipeline->then(Object(Closure))
#38 /Users/ahmedmosaad/Herd/myclass2026-main/vendor/laravel/framework/src/Illuminate/Routing/Router.php(786): Illuminate\\Routing\\Router->runRouteWithinStack(Object(Illuminate\\Routing\\Route), Object(Illuminate\\Http\\Request))
#39 /Users/ahmedmosaad/Herd/myclass2026-main/vendor/laravel/framework/src/Illuminate/Routing/Router.php(750): Illuminate\\Routing\\Router->runRoute(Object(Illuminate\\Http\\Request), Object(Illuminate\\Routing\\Route))
#40 /Users/ahmedmosaad/Herd/myclass2026-main/vendor/laravel/framework/src/Illuminate/Routing/Router.php(739): Illuminate\\Routing\\Router->dispatchToRoute(Object(Illuminate\\Http\\Request))
#41 /Users/ahmedmosaad/Herd/myclass2026-main/vendor/laravel/framework/src/Illuminate/Foundation/Http/Kernel.php(201): Illuminate\\Routing\\Router->dispatch(Object(Illuminate\\Http\\Request))
#42 /Users/ahmedmosaad/Herd/myclass2026-main/vendor/laravel/framework/src/Illuminate/Pipeline/Pipeline.php(170): Illuminate\\Foundation\\Http\\Kernel->{closure:Illuminate\\Foundation\\Http\\Kernel::dispatchToRouter():198}(Object(Illuminate\\Http\\Request))
#43 /Users/ahmedmosaad/Herd/myclass2026-main/vendor/laravel/framework/src/Illuminate/Foundation/Http/Middleware/TransformsRequest.php(21): Illuminate\\Pipeline\\Pipeline->{closure:Illuminate\\Pipeline\\Pipeline::prepareDestination():168}(Object(Illuminate\\Http\\Request))
#44 /Users/ahmedmosaad/Herd/myclass2026-main/vendor/laravel/framework/src/Illuminate/Foundation/Http/Middleware/ConvertEmptyStringsToNull.php(31): Illuminate\\Foundation\\Http\\Middleware\\TransformsRequest->handle(Object(Illuminate\\Http\\Request), Object(Closure))
#45 /Users/ahmedmosaad/Herd/myclass2026-main/vendor/laravel/framework/src/Illuminate/Pipeline/Pipeline.php(209): Illuminate\\Foundation\\Http\\Middleware\\ConvertEmptyStringsToNull->handle(Object(Illuminate\\Http\\Request), Object(Closure))
#46 /Users/ahmedmosaad/Herd/myclass2026-main/vendor/laravel/framework/src/Illuminate/Foundation/Http/Middleware/TransformsRequest.php(21): Illuminate\\Pipeline\\Pipeline->{closure:{closure:Illuminate\\Pipeline\\Pipeline::carry():184}:185}(Object(Illuminate\\Http\\Request))
#47 /Users/ahmedmosaad/Herd/myclass2026-main/vendor/laravel/framework/src/Illuminate/Foundation/Http/Middleware/TrimStrings.php(51): Illuminate\\Foundation\\Http\\Middleware\\TransformsRequest->handle(Object(Illuminate\\Http\\Request), Object(Closure))
#48 /Users/ahmedmosaad/Herd/myclass2026-main/vendor/laravel/framework/src/Illuminate/Pipeline/Pipeline.php(209): Illuminate\\Foundation\\Http\\Middleware\\TrimStrings->handle(Object(Illuminate\\Http\\Request), Object(Closure))
#49 /Users/ahmedmosaad/Herd/myclass2026-main/vendor/laravel/framework/src/Illuminate/Http/Middleware/ValidatePostSize.php(27): Illuminate\\Pipeline\\Pipeline->{closure:{closure:Illuminate\\Pipeline\\Pipeline::carry():184}:185}(Object(Illuminate\\Http\\Request))
#50 /Users/ahmedmosaad/Herd/myclass2026-main/vendor/laravel/framework/src/Illuminate/Pipeline/Pipeline.php(209): Illuminate\\Http\\Middleware\\ValidatePostSize->handle(Object(Illuminate\\Http\\Request), Object(Closure))
#51 /Users/ahmedmosaad/Herd/myclass2026-main/vendor/laravel/framework/src/Illuminate/Foundation/Http/Middleware/PreventRequestsDuringMaintenance.php(110): Illuminate\\Pipeline\\Pipeline->{closure:{closure:Illuminate\\Pipeline\\Pipeline::carry():184}:185}(Object(Illuminate\\Http\\Request))
#52 /Users/ahmedmosaad/Herd/myclass2026-main/vendor/laravel/framework/src/Illuminate/Pipeline/Pipeline.php(209): Illuminate\\Foundation\\Http\\Middleware\\PreventRequestsDuringMaintenance->handle(Object(Illuminate\\Http\\Request), Object(Closure))
#53 /Users/ahmedmosaad/Herd/myclass2026-main/vendor/laravel/framework/src/Illuminate/Http/Middleware/HandleCors.php(62): Illuminate\\Pipeline\\Pipeline->{closure:{closure:Illuminate\\Pipeline\\Pipeline::carry():184}:185}(Object(Illuminate\\Http\\Request))
#54 /Users/ahmedmosaad/Herd/myclass2026-main/vendor/laravel/framework/src/Illuminate/Pipeline/Pipeline.php(209): Illuminate\\Http\\Middleware\\HandleCors->handle(Object(Illuminate\\Http\\Request), Object(Closure))
#55 /Users/ahmedmosaad/Herd/myclass2026-main/vendor/laravel/framework/src/Illuminate/Http/Middleware/TrustProxies.php(58): Illuminate\\Pipeline\\Pipeline->{closure:{closure:Illuminate\\Pipeline\\Pipeline::carry():184}:185}(Object(Illuminate\\Http\\Request))
#56 /Users/ahmedmosaad/Herd/myclass2026-main/vendor/laravel/framework/src/Illuminate/Pipeline/Pipeline.php(209): Illuminate\\Http\\Middleware\\TrustProxies->handle(Object(Illuminate\\Http\\Request), Object(Closure))
#57 /Users/ahmedmosaad/Herd/myclass2026-main/vendor/laravel/framework/src/Illuminate/Foundation/Http/Middleware/InvokeDeferredCallbacks.php(22): Illuminate\\Pipeline\\Pipeline->{closure:{closure:Illuminate\\Pipeline\\Pipeline::carry():184}:185}(Object(Illuminate\\Http\\Request))
#58 /Users/ahmedmosaad/Herd/myclass2026-main/vendor/laravel/framework/src/Illuminate/Pipeline/Pipeline.php(209): Illuminate\\Foundation\\Http\\Middleware\\InvokeDeferredCallbacks->handle(Object(Illuminate\\Http\\Request), Object(Closure))
#59 /Users/ahmedmosaad/Herd/myclass2026-main/vendor/laravel/framework/src/Illuminate/Http/Middleware/ValidatePathEncoding.php(26): Illuminate\\Pipeline\\Pipeline->{closure:{closure:Illuminate\\Pipeline\\Pipeline::carry():184}:185}(Object(Illuminate\\Http\\Request))
#60 /Users/ahmedmosaad/Herd/myclass2026-main/vendor/laravel/framework/src/Illuminate/Pipeline/Pipeline.php(209): Illuminate\\Http\\Middleware\\ValidatePathEncoding->handle(Object(Illuminate\\Http\\Request), Object(Closure))
#61 /Users/ahmedmosaad/Herd/myclass2026-main/vendor/laravel/framework/src/Illuminate/Pipeline/Pipeline.php(127): Illuminate\\Pipeline\\Pipeline->{closure:{closure:Illuminate\\Pipeline\\Pipeline::carry():184}:185}(Object(Illuminate\\Http\\Request))
#62 /Users/ahmedmosaad/Herd/myclass2026-main/vendor/laravel/framework/src/Illuminate/Foundation/Http/Kernel.php(176): Illuminate\\Pipeline\\Pipeline->then(Object(Closure))
#63 /Users/ahmedmosaad/Herd/myclass2026-main/vendor/laravel/framework/src/Illuminate/Foundation/Http/Kernel.php(145): Illuminate\\Foundation\\Http\\Kernel->sendRequestThroughRouter(Object(Illuminate\\Http\\Request))
#64 /Users/ahmedmosaad/Herd/myclass2026-main/vendor/laravel/framework/src/Illuminate/Foundation/Application.php(1220): Illuminate\\Foundation\\Http\\Kernel->handle(Object(Illuminate\\Http\\Request))
#65 /Users/ahmedmosaad/Herd/myclass2026-main/public/index.php(20): Illuminate\\Foundation\\Application->handleRequest(Object(Illuminate\\Http\\Request))
#66 /Users/ahmedmosaad/Herd/myclass2026-main/vendor/laravel/framework/src/Illuminate/Foundation/resources/server.php(23): require_once('/Users/ahmedmos...')
#67 {main}
"} 
[2026-02-07 07:17:26] local.INFO: Menu Request: {"user_id":19,"actual_role":"teacher","requested_role":"teacher","is_admin":false,"has_super_admin":true} 
[2026-02-07 07:17:26] local.INFO: Role Override Applied: teacher  
[2026-02-07 07:19:49] local.INFO: Menu Request: {"user_id":19,"actual_role":"teacher","requested_role":"teacher","is_admin":false,"has_super_admin":true} 
[2026-02-07 07:19:49] local.INFO: Role Override Applied: teacher  
[2026-02-07 07:32:29] local.INFO: Menu Request: {"user_id":19,"actual_role":"teacher","requested_role":"teacher","is_admin":false,"has_super_admin":true} 
[2026-02-07 07:32:29] local.INFO: Role Override Applied: teacher  
[2026-02-07 07:49:28] local.INFO: Menu Request: {"user_id":19,"actual_role":"teacher","requested_role":"teacher","is_admin":false,"has_super_admin":true} 
[2026-02-07 07:49:28] local.INFO: Role Override Applied: teacher  
[2026-02-07 07:49:29] local.INFO: Menu Request: {"user_id":19,"actual_role":"teacher","requested_role":"teacher","is_admin":false,"has_super_admin":true} 
[2026-02-07 07:49:29] local.INFO: Role Override Applied: teacher  
[2026-02-07 07:51:55] local.INFO: Menu Request: {"user_id":19,"actual_role":"teacher","requested_role":"teacher","is_admin":false,"has_super_admin":true} 
[2026-02-07 07:51:55] local.INFO: Role Override Applied: teacher  
[2026-02-07 07:52:08] local.INFO: Menu Request: {"user_id":19,"actual_role":"teacher","requested_role":"teacher","is_admin":false,"has_super_admin":true} 
[2026-02-07 07:52:08] local.INFO: Role Override Applied: teacher  
[2026-02-07 07:52:44] local.INFO: Menu Request: {"user_id":19,"actual_role":"teacher","requested_role":"teacher","is_admin":false,"has_super_admin":true} 
[2026-02-07 07:52:44] local.INFO: Role Override Applied: teacher  
[2026-02-07 07:52:45] local.INFO: Menu Request: {"user_id":19,"actual_role":"teacher","requested_role":"teacher","is_admin":false,"has_super_admin":true} 
[2026-02-07 07:52:45] local.INFO: Role Override Applied: teacher  
[2026-02-07 07:52:47] local.INFO: Menu Request: {"user_id":19,"actual_role":"teacher","requested_role":"teacher","is_admin":false,"has_super_admin":true} 
[2026-02-07 07:52:47] local.INFO: Role Override Applied: teacher  
[2026-02-07 07:52:47] local.INFO: Menu Request: {"user_id":19,"actual_role":"teacher","requested_role":"teacher","is_admin":false,"has_super_admin":true} 
[2026-02-07 07:52:47] local.INFO: Role Override Applied: teacher  
[2026-02-07 07:55:26] local.INFO: Menu Request: {"user_id":19,"actual_role":"teacher","requested_role":"teacher","is_admin":false,"has_super_admin":true} 
[2026-02-07 07:55:26] local.INFO: Role Override Applied: teacher  
[2026-02-07 07:55:26] local.INFO: Menu Request: {"user_id":19,"actual_role":"teacher","requested_role":"teacher","is_admin":false,"has_super_admin":true} 
[2026-02-07 07:55:26] local.INFO: Role Override Applied: teacher  
[2026-02-07 07:55:37] local.INFO: Menu Request: {"user_id":19,"actual_role":"teacher","requested_role":"teacher","is_admin":false,"has_super_admin":true} 
[2026-02-07 07:55:37] local.INFO: Role Override Applied: teacher  
[2026-02-07 07:55:37] local.INFO: Menu Request: {"user_id":19,"actual_role":"teacher","requested_role":"teacher","is_admin":false,"has_super_admin":true} 
[2026-02-07 07:55:37] local.INFO: Role Override Applied: teacher  
[2026-02-07 07:55:54] local.INFO: Menu Request: {"user_id":19,"actual_role":"teacher","requested_role":"teacher","is_admin":false,"has_super_admin":true} 
[2026-02-07 07:55:54] local.INFO: Role Override Applied: teacher  
[2026-02-07 07:55:54] local.INFO: Menu Request: {"user_id":19,"actual_role":"teacher","requested_role":"teacher","is_admin":false,"has_super_admin":true} 
[2026-02-07 07:55:54] local.INFO: Role Override Applied: teacher  
[2026-02-07 07:56:03] local.INFO: Menu Request: {"user_id":19,"actual_role":"teacher","requested_role":"teacher","is_admin":false,"has_super_admin":true} 
[2026-02-07 07:56:03] local.INFO: Role Override Applied: teacher  
[2026-02-07 07:56:04] local.INFO: Menu Request: {"user_id":19,"actual_role":"teacher","requested_role":"teacher","is_admin":false,"has_super_admin":true} 
[2026-02-07 07:56:04] local.INFO: Role Override Applied: teacher  
[2026-02-07 07:56:09] local.INFO: Menu Request: {"user_id":19,"actual_role":"teacher","requested_role":"teacher","is_admin":false,"has_super_admin":true} 
[2026-02-07 07:56:09] local.INFO: Role Override Applied: teacher  
[2026-02-07 07:56:09] local.INFO: Menu Request: {"user_id":19,"actual_role":"teacher","requested_role":"teacher","is_admin":false,"has_super_admin":true} 
[2026-02-07 07:56:09] local.INFO: Role Override Applied: teacher  
[2026-02-07 07:56:15] local.INFO: Menu Request: {"user_id":19,"actual_role":"teacher","requested_role":"teacher","is_admin":false,"has_super_admin":true} 
[2026-02-07 07:56:15] local.INFO: Role Override Applied: teacher  
[2026-02-07 07:56:15] local.INFO: Menu Request: {"user_id":19,"actual_role":"teacher","requested_role":"teacher","is_admin":false,"has_super_admin":true} 
[2026-02-07 07:56:15] local.INFO: Role Override Applied: teacher  
[2026-02-07 07:57:03] local.INFO: Menu Request: {"user_id":19,"actual_role":"teacher","requested_role":"teacher","is_admin":false,"has_super_admin":true} 
[2026-02-07 07:57:03] local.INFO: Role Override Applied: teacher  
[2026-02-07 07:57:03] local.INFO: Menu Request: {"user_id":19,"actual_role":"teacher","requested_role":"teacher","is_admin":false,"has_super_admin":true} 
[2026-02-07 07:57:03] local.INFO: Role Override Applied: teacher  
[2026-02-07 07:57:15] local.INFO: Menu Request: {"user_id":19,"actual_role":"teacher","requested_role":"teacher","is_admin":false,"has_super_admin":true} 
[2026-02-07 07:57:15] local.INFO: Role Override Applied: teacher  
[2026-02-07 07:57:15] local.INFO: Menu Request: {"user_id":19,"actual_role":"teacher","requested_role":"teacher","is_admin":false,"has_super_admin":true} 
[2026-02-07 07:57:15] local.INFO: Role Override Applied: teacher  
[2026-02-07 07:57:46] local.INFO: Menu Request: {"user_id":19,"actual_role":"teacher","requested_role":"teacher","is_admin":false,"has_super_admin":true} 
[2026-02-07 07:57:46] local.INFO: Role Override Applied: teacher  
[2026-02-07 07:57:46] local.INFO: Menu Request: {"user_id":19,"actual_role":"teacher","requested_role":"teacher","is_admin":false,"has_super_admin":true} 
[2026-02-07 07:57:46] local.INFO: Role Override Applied: teacher  
[2026-02-07 08:31:35] local.INFO: Menu Request: {"user_id":19,"actual_role":"teacher","requested_role":"teacher","is_admin":false,"has_super_admin":true} 
[2026-02-07 08:31:35] local.INFO: Role Override Applied: teacher  
[2026-02-07 08:31:35] local.INFO: Menu Request: {"user_id":19,"actual_role":"teacher","requested_role":"teacher","is_admin":false,"has_super_admin":true} 
[2026-02-07 08:31:35] local.INFO: Role Override Applied: teacher  
[2026-02-07 08:32:05] local.INFO: Menu Request: {"user_id":19,"actual_role":"teacher","requested_role":"teacher","is_admin":false,"has_super_admin":true} 
[2026-02-07 08:32:05] local.INFO: Role Override Applied: teacher  
[2026-02-07 08:32:06] local.INFO: Menu Request: {"user_id":19,"actual_role":"teacher","requested_role":"teacher","is_admin":false,"has_super_admin":true} 
[2026-02-07 08:32:06] local.INFO: Role Override Applied: teacher  
[2026-02-07 08:32:26] local.INFO: Menu Request: {"user_id":19,"actual_role":"teacher","requested_role":"teacher","is_admin":false,"has_super_admin":true} 
[2026-02-07 08:32:26] local.INFO: Role Override Applied: teacher  
[2026-02-07 08:32:26] local.INFO: Menu Request: {"user_id":19,"actual_role":"teacher","requested_role":"teacher","is_admin":false,"has_super_admin":true} 
[2026-02-07 08:32:26] local.INFO: Role Override Applied: teacher  
[2026-02-07 08:32:39] local.INFO: Menu Request: {"user_id":19,"actual_role":"teacher","requested_role":"teacher","is_admin":false,"has_super_admin":true} 
[2026-02-07 08:32:39] local.INFO: Role Override Applied: teacher  
[2026-02-07 08:33:08] local.INFO: Menu Request: {"user_id":19,"actual_role":"teacher","requested_role":"teacher","is_admin":false,"has_super_admin":true} 
[2026-02-07 08:33:08] local.INFO: Role Override Applied: teacher  
[2026-02-07 08:33:31] local.INFO: Menu Request: {"user_id":19,"actual_role":"teacher","requested_role":"teacher","is_admin":false,"has_super_admin":true} 
[2026-02-07 08:33:31] local.INFO: Role Override Applied: teacher  
[2026-02-07 08:37:48] local.INFO: Menu Request: {"user_id":19,"actual_role":"teacher","requested_role":"teacher","is_admin":false,"has_super_admin":true} 
[2026-02-07 08:37:48] local.INFO: Role Override Applied: teacher  
[2026-02-07 08:39:23] local.INFO: Menu Request: {"user_id":19,"actual_role":"teacher","requested_role":"teacher","is_admin":false,"has_super_admin":true} 
[2026-02-07 08:39:23] local.INFO: Role Override Applied: teacher  
[2026-02-07 08:39:47] local.INFO: Menu Request: {"user_id":19,"actual_role":"teacher","requested_role":"teacher","is_admin":false,"has_super_admin":true} 
[2026-02-07 08:39:47] local.INFO: Role Override Applied: teacher  
[2026-02-07 08:43:49] local.INFO: Menu Request: {"user_id":19,"actual_role":"teacher","requested_role":"teacher","is_admin":false,"has_super_admin":true} 
[2026-02-07 08:43:49] local.INFO: Role Override Applied: teacher  
[2026-02-07 08:43:51] local.INFO: Menu Request: {"user_id":19,"actual_role":"teacher","requested_role":"teacher","is_admin":false,"has_super_admin":true} 
[2026-02-07 08:43:51] local.INFO: Role Override Applied: teacher  
[2026-02-07 08:44:04] local.INFO: Menu Request: {"user_id":19,"actual_role":"teacher","requested_role":"teacher","is_admin":false,"has_super_admin":true} 
[2026-02-07 08:44:04] local.INFO: Role Override Applied: teacher  
[2026-02-07 09:17:42] local.INFO: Menu Request: {"user_id":19,"actual_role":"teacher","requested_role":"teacher","is_admin":false,"has_super_admin":true} 
[2026-02-07 09:17:42] local.INFO: Role Override Applied: teacher  
[2026-02-07 09:18:59] local.INFO: Menu Request: {"user_id":19,"actual_role":"teacher","requested_role":"teacher","is_admin":false,"has_super_admin":true} 
[2026-02-07 09:18:59] local.INFO: Role Override Applied: teacher  
[2026-02-07 09:19:00] local.INFO: Menu Request: {"user_id":19,"actual_role":"teacher","requested_role":"teacher","is_admin":false,"has_super_admin":true} 
[2026-02-07 09:19:00] local.INFO: Role Override Applied: teacher  
[2026-02-07 09:19:02] local.ERROR: syntax error, unexpected single-quoted string "" {"exception":"[object] (ParseError(code: 0): syntax error, unexpected single-quoted string \"\" at /Users/ahmedmosaad/Herd/myclass2026-main/routes/modules/Academics/QuExams/web.php:15)
[stacktrace]
#0 /Users/ahmedmosaad/Herd/myclass2026-main/routes/web.php(680): require()
#1 /Users/ahmedmosaad/Herd/myclass2026-main/vendor/laravel/framework/src/Illuminate/Routing/RouteFileRegistrar.php(35): require('/Users/ahmedmos...')
#2 /Users/ahmedmosaad/Herd/myclass2026-main/vendor/laravel/framework/src/Illuminate/Routing/Router.php(513): Illuminate\\Routing\\RouteFileRegistrar->register('/Users/ahmedmos...')
#3 /Users/ahmedmosaad/Herd/myclass2026-main/vendor/laravel/framework/src/Illuminate/Routing/Router.php(467): Illuminate\\Routing\\Router->loadRoutes('/Users/ahmedmos...')
#4 /Users/ahmedmosaad/Herd/myclass2026-main/vendor/laravel/framework/src/Illuminate/Routing/RouteRegistrar.php(207): Illuminate\\Routing\\Router->group(Array, '/Users/ahmedmos...')
#5 /Users/ahmedmosaad/Herd/myclass2026-main/vendor/laravel/framework/src/Illuminate/Foundation/Configuration/ApplicationBuilder.php(244): Illuminate\\Routing\\RouteRegistrar->group('/Users/ahmedmos...')
#6 /Users/ahmedmosaad/Herd/myclass2026-main/vendor/laravel/framework/src/Illuminate/Container/BoundMethod.php(36): Illuminate\\Foundation\\Configuration\\ApplicationBuilder->{closure:Illuminate\\Foundation\\Configuration\\ApplicationBuilder::buildRoutingCallback():205}()
#7 /Users/ahmedmosaad/Herd/myclass2026-main/vendor/laravel/framework/src/Illuminate/Container/Util.php(43): Illuminate\\Container\\BoundMethod::{closure:Illuminate\\Container\\BoundMethod::call():35}()
#8 /Users/ahmedmosaad/Herd/myclass2026-main/vendor/laravel/framework/src/Illuminate/Container/BoundMethod.php(84): Illuminate\\Container\\Util::unwrapIfClosure(Object(Closure))
#9 /Users/ahmedmosaad/Herd/myclass2026-main/vendor/laravel/framework/src/Illuminate/Container/BoundMethod.php(35): Illuminate\\Container\\BoundMethod::callBoundMethod(Object(Illuminate\\Foundation\\Application), Object(Closure), Object(Closure))
#10 /Users/ahmedmosaad/Herd/myclass2026-main/vendor/laravel/framework/src/Illuminate/Container/Container.php(754): Illuminate\\Container\\BoundMethod::call(Object(Illuminate\\Foundation\\Application), Object(Closure), Array, NULL)
#11 /Users/ahmedmosaad/Herd/myclass2026-main/vendor/laravel/framework/src/Illuminate/Foundation/Support/Providers/RouteServiceProvider.php(162): Illuminate\\Container\\Container->call(Object(Closure))
#12 /Users/ahmedmosaad/Herd/myclass2026-main/vendor/laravel/framework/src/Illuminate/Foundation/Support/Providers/RouteServiceProvider.php(59): Illuminate\\Foundation\\Support\\Providers\\RouteServiceProvider->loadRoutes()
#13 /Users/ahmedmosaad/Herd/myclass2026-main/vendor/laravel/framework/src/Illuminate/Container/BoundMethod.php(36): Illuminate\\Foundation\\Support\\Providers\\RouteServiceProvider->{closure:Illuminate\\Foundation\\Support\\Providers\\RouteServiceProvider::register():53}()
#14 /Users/ahmedmosaad/Herd/myclass2026-main/vendor/laravel/framework/src/Illuminate/Container/Util.php(43): Illuminate\\Container\\BoundMethod::{closure:Illuminate\\Container\\BoundMethod::call():35}()
#15 /Users/ahmedmosaad/Herd/myclass2026-main/vendor/laravel/framework/src/Illuminate/Container/BoundMethod.php(84): Illuminate\\Container\\Util::unwrapIfClosure(Object(Closure))
#16 /Users/ahmedmosaad/Herd/myclass2026-main/vendor/laravel/framework/src/Illuminate/Container/BoundMethod.php(35): Illuminate\\Container\\BoundMethod::callBoundMethod(Object(Illuminate\\Foundation\\Application), Object(Closure), Object(Closure))
#17 /Users/ahmedmosaad/Herd/myclass2026-main/vendor/laravel/framework/src/Illuminate/Container/Container.php(754): Illuminate\\Container\\BoundMethod::call(Object(Illuminate\\Foundation\\Application), Object(Closure), Array, NULL)
#18 /Users/ahmedmosaad/Herd/myclass2026-main/vendor/laravel/framework/src/Illuminate/Support/ServiceProvider.php(144): Illuminate\\Container\\Container->call(Object(Closure))
#19 /Users/ahmedmosaad/Herd/myclass2026-main/vendor/laravel/framework/src/Illuminate/Foundation/Application.php(1154): Illuminate\\Support\\ServiceProvider->callBootedCallbacks()
#20 /Users/ahmedmosaad/Herd/myclass2026-main/vendor/laravel/framework/src/Illuminate/Foundation/Application.php(1132): Illuminate\\Foundation\\Application->bootProvider(Object(Illuminate\\Foundation\\Support\\Providers\\RouteServiceProvider))
#21 [internal function]: Illuminate\\Foundation\\Application->{closure:Illuminate\\Foundation\\Application::boot():1131}(Object(Illuminate\\Foundation\\Support\\Providers\\RouteServiceProvider), 'Illuminate\\\\Foun...')
#22 /Users/ahmedmosaad/Herd/myclass2026-main/vendor/laravel/framework/src/Illuminate/Foundation/Application.php(1131): array_walk(Array, Object(Closure))
#23 /Users/ahmedmosaad/Herd/myclass2026-main/vendor/laravel/framework/src/Illuminate/Foundation/Bootstrap/BootProviders.php(17): Illuminate\\Foundation\\Application->boot()
#24 /Users/ahmedmosaad/Herd/myclass2026-main/vendor/laravel/framework/src/Illuminate/Foundation/Application.php(342): Illuminate\\Foundation\\Bootstrap\\BootProviders->bootstrap(Object(Illuminate\\Foundation\\Application))
#25 /Users/ahmedmosaad/Herd/myclass2026-main/vendor/laravel/framework/src/Illuminate/Foundation/Http/Kernel.php(187): Illuminate\\Foundation\\Application->bootstrapWith(Array)
#26 /Users/ahmedmosaad/Herd/myclass2026-main/vendor/laravel/framework/src/Illuminate/Foundation/Http/Kernel.php(171): Illuminate\\Foundation\\Http\\Kernel->bootstrap()
#27 /Users/ahmedmosaad/Herd/myclass2026-main/vendor/laravel/framework/src/Illuminate/Foundation/Http/Kernel.php(145): Illuminate\\Foundation\\Http\\Kernel->sendRequestThroughRouter(Object(Illuminate\\Http\\Request))
#28 /Users/ahmedmosaad/Herd/myclass2026-main/vendor/laravel/framework/src/Illuminate/Foundation/Application.php(1220): Illuminate\\Foundation\\Http\\Kernel->handle(Object(Illuminate\\Http\\Request))
#29 /Users/ahmedmosaad/Herd/myclass2026-main/public/index.php(20): Illuminate\\Foundation\\Application->handleRequest(Object(Illuminate\\Http\\Request))
#30 /Users/ahmedmosaad/Herd/myclass2026-main/vendor/laravel/framework/src/Illuminate/Foundation/resources/server.php(23): require_once('/Users/ahmedmos...')
#31 {main}
"} 
[2026-02-07 09:19:02] local.ERROR: include(assets/images/icon-copy.svg): Failed to open stream: No such file or directory {"exception":"[object] (ErrorException(code: 0): include(assets/images/icon-copy.svg): Failed to open stream: No such file or directory at /Users/ahmedmosaad/Herd/myclass2026-main/vendor/symfony/error-handler/ErrorRenderer/HtmlErrorRenderer.php:341)
[stacktrace]
#0 /Users/ahmedmosaad/Herd/myclass2026-main/vendor/laravel/framework/src/Illuminate/Foundation/Bootstrap/HandleExceptions.php(256): Illuminate\\Foundation\\Bootstrap\\HandleExceptions->handleError(2, 'include(assets/...', '/Users/ahmedmos...', 341)
#1 /Users/ahmedmosaad/Herd/myclass2026-main/vendor/symfony/error-handler/ErrorRenderer/HtmlErrorRenderer.php(341): Illuminate\\Foundation\\Bootstrap\\HandleExceptions->{closure:Illuminate\\Foundation\\Bootstrap\\HandleExceptions::forwardsTo():255}(2, 'include(assets/...', '/Users/ahmedmos...', 341)
#2 /Users/ahmedmosaad/Herd/myclass2026-main/vendor/symfony/error-handler/ErrorRenderer/HtmlErrorRenderer.php(341): include('/Users/ahmedmos...')
#3 /Users/ahmedmosaad/Herd/myclass2026-main/vendor/symfony/error-handler/Resources/views/trace.html.php(29): Symfony\\Component\\ErrorHandler\\ErrorRenderer\\HtmlErrorRenderer->include('assets/images/i...')
#4 /Users/ahmedmosaad/Herd/myclass2026-main/vendor/symfony/error-handler/ErrorRenderer/HtmlErrorRenderer.php(341): include('/Users/ahmedmos...')
#5 /Users/ahmedmosaad/Herd/myclass2026-main/vendor/symfony/error-handler/Resources/views/traces.html.php(48): Symfony\\Component\\ErrorHandler\\ErrorRenderer\\HtmlErrorRenderer->include('views/trace.htm...', Array)
#6 /Users/ahmedmosaad/Herd/myclass2026-main/vendor/symfony/error-handler/ErrorRenderer/HtmlErrorRenderer.php(341): include('/Users/ahmedmos...')
#7 /Users/ahmedmosaad/Herd/myclass2026-main/vendor/symfony/error-handler/Resources/views/exception.html.php(54): Symfony\\Component\\ErrorHandler\\ErrorRenderer\\HtmlErrorRenderer->include('views/traces.ht...', Array)
#8 /Users/ahmedmosaad/Herd/myclass2026-main/vendor/symfony/error-handler/ErrorRenderer/HtmlErrorRenderer.php(341): include('/Users/ahmedmos...')
#9 /Users/ahmedmosaad/Herd/myclass2026-main/vendor/symfony/error-handler/Resources/views/exception_full.html.php(35): Symfony\\Component\\ErrorHandler\\ErrorRenderer\\HtmlErrorRenderer->include('views/exception...', Array)
#10 /Users/ahmedmosaad/Herd/myclass2026-main/vendor/symfony/error-handler/ErrorRenderer/HtmlErrorRenderer.php(341): include('/Users/ahmedmos...')
#11 /Users/ahmedmosaad/Herd/myclass2026-main/vendor/symfony/error-handler/ErrorRenderer/HtmlErrorRenderer.php(140): Symfony\\Component\\ErrorHandler\\ErrorRenderer\\HtmlErrorRenderer->include('views/exception...', Array)
#12 /Users/ahmedmosaad/Herd/myclass2026-main/vendor/symfony/error-handler/ErrorRenderer/HtmlErrorRenderer.php(72): Symfony\\Component\\ErrorHandler\\ErrorRenderer\\HtmlErrorRenderer->renderException(Object(Symfony\\Component\\ErrorHandler\\Exception\\FlattenException))
#13 /Users/ahmedmosaad/Herd/myclass2026-main/vendor/laravel/framework/src/Illuminate/Foundation/Exceptions/Handler.php(879): Symfony\\Component\\ErrorHandler\\ErrorRenderer\\HtmlErrorRenderer->render(Object(Symfony\\Component\\ErrorHandler\\Exception\\FlattenException))
#14 /Users/ahmedmosaad/Herd/myclass2026-main/vendor/laravel/framework/src/Illuminate/Foundation/Exceptions/Handler.php(853): Illuminate\\Foundation\\Exceptions\\Handler->renderExceptionWithSymfony(Object(ErrorException), true)
#15 /Users/ahmedmosaad/Herd/myclass2026-main/vendor/laravel/framework/src/Illuminate/Foundation/Exceptions/Handler.php(828): Illuminate\\Foundation\\Exceptions\\Handler->renderExceptionContent(Object(ErrorException))
#16 /Users/ahmedmosaad/Herd/myclass2026-main/vendor/laravel/framework/src/Illuminate/Foundation/Exceptions/Handler.php(807): Illuminate\\Foundation\\Exceptions\\Handler->convertExceptionToResponse(Object(ParseError))
#17 /Users/ahmedmosaad/Herd/myclass2026-main/vendor/laravel/framework/src/Illuminate/Foundation/Exceptions/Handler.php(706): Illuminate\\Foundation\\Exceptions\\Handler->prepareResponse(Object(Illuminate\\Http\\Request), Object(ParseError))
#18 /Users/ahmedmosaad/Herd/myclass2026-main/vendor/laravel/framework/src/Illuminate/Foundation/Exceptions/Handler.php(594): Illuminate\\Foundation\\Exceptions\\Handler->renderExceptionResponse(Object(Illuminate\\Http\\Request), Object(ParseError))
#19 /Users/ahmedmosaad/Herd/myclass2026-main/vendor/laravel/framework/src/Illuminate/Foundation/Http/Kernel.php(575): Illuminate\\Foundation\\Exceptions\\Handler->render(Object(Illuminate\\Http\\Request), Object(ParseError))
#20 /Users/ahmedmosaad/Herd/myclass2026-main/vendor/laravel/framework/src/Illuminate/Foundation/Http/Kernel.php(149): Illuminate\\Foundation\\Http\\Kernel->renderException(Object(Illuminate\\Http\\Request), Object(ParseError))
#21 /Users/ahmedmosaad/Herd/myclass2026-main/vendor/laravel/framework/src/Illuminate/Foundation/Application.php(1220): Illuminate\\Foundation\\Http\\Kernel->handle(Object(Illuminate\\Http\\Request))
#22 /Users/ahmedmosaad/Herd/myclass2026-main/public/index.php(20): Illuminate\\Foundation\\Application->handleRequest(Object(Illuminate\\Http\\Request))
#23 /Users/ahmedmosaad/Herd/myclass2026-main/vendor/laravel/framework/src/Illuminate/Foundation/resources/server.php(23): require_once('/Users/ahmedmos...')
#24 {main}
"} 
[2026-02-07 09:19:02] local.ERROR: Uncaught ErrorException: include(assets/images/icon-copy.svg): Failed to open stream: No such file or directory in /Users/ahmedmosaad/Herd/myclass2026-main/vendor/symfony/error-handler/ErrorRenderer/HtmlErrorRenderer.php:341
Stack trace:
#0 /Users/ahmedmosaad/Herd/myclass2026-main/vendor/laravel/framework/src/Illuminate/Foundation/Bootstrap/HandleExceptions.php(256): Illuminate\Foundation\Bootstrap\HandleExceptions->handleError(2, 'include(assets/...', '/Users/ahmedmos...', 341)
#1 /Users/ahmedmosaad/Herd/myclass2026-main/vendor/symfony/error-handler/ErrorRenderer/HtmlErrorRenderer.php(341): Illuminate\Foundation\Bootstrap\HandleExceptions->{closure:Illuminate\Foundation\Bootstrap\HandleExceptions::forwardsTo():255}(2, 'include(assets/...', '/Users/ahmedmos...', 341)
#2 /Users/ahmedmosaad/Herd/myclass2026-main/vendor/symfony/error-handler/ErrorRenderer/HtmlErrorRenderer.php(341): include('/Users/ahmedmos...')
#3 /Users/ahmedmosaad/Herd/myclass2026-main/vendor/symfony/error-handler/Resources/views/trace.html.php(29): Symfony\Component\ErrorHandler\ErrorRenderer\HtmlErrorRenderer->include('assets/images/i...')
#4 /Users/ahmedmosaad/Herd/myclass2026-main/vendor/symfony/error-handler/ErrorRenderer/HtmlErrorRenderer.php(341): include('/Users/ahmedmos...')
#5 /Users/ahmedmosaad/Herd/myclass2026-main/vendor/symfony/error-handler/Resources/views/traces.html.php(48): Symfony\Component\ErrorHandler\ErrorRenderer\HtmlErrorRenderer->include('views/trace.htm...', Array)
#6 /Users/ahmedmosaad/Herd/myclass2026-main/vendor/symfony/error-handler/ErrorRenderer/HtmlErrorRenderer.php(341): include('/Users/ahmedmos...')
#7 /Users/ahmedmosaad/Herd/myclass2026-main/vendor/symfony/error-handler/Resources/views/exception.html.php(54): Symfony\Component\ErrorHandler\ErrorRenderer\HtmlErrorRenderer->include('views/traces.ht...', Array)
#8 /Users/ahmedmosaad/Herd/myclass2026-main/vendor/symfony/error-handler/ErrorRenderer/HtmlErrorRenderer.php(341): include('/Users/ahmedmos...')
#9 /Users/ahmedmosaad/Herd/myclass2026-main/vendor/symfony/error-handler/Resources/views/exception_full.html.php(35): Symfony\Component\ErrorHandler\ErrorRenderer\HtmlErrorRenderer->include('views/exception...', Array)
#10 /Users/ahmedmosaad/Herd/myclass2026-main/vendor/symfony/error-handler/ErrorRenderer/HtmlErrorRenderer.php(341): include('/Users/ahmedmos...')
#11 /Users/ahmedmosaad/Herd/myclass2026-main/vendor/symfony/error-handler/ErrorRenderer/HtmlErrorRenderer.php(140): Symfony\Component\ErrorHandler\ErrorRenderer\HtmlErrorRenderer->include('views/exception...', Array)
#12 /Users/ahmedmosaad/Herd/myclass2026-main/vendor/symfony/error-handler/ErrorRenderer/HtmlErrorRenderer.php(72): Symfony\Component\ErrorHandler\ErrorRenderer\HtmlErrorRenderer->renderException(Object(Symfony\Component\ErrorHandler\Exception\FlattenException))
#13 /Users/ahmedmosaad/Herd/myclass2026-main/vendor/laravel/framework/src/Illuminate/Foundation/Exceptions/Handler.php(879): Symfony\Component\ErrorHandler\ErrorRenderer\HtmlErrorRenderer->render(Object(Symfony\Component\ErrorHandler\Exception\FlattenException))
#14 /Users/ahmedmosaad/Herd/myclass2026-main/vendor/laravel/framework/src/Illuminate/Foundation/Exceptions/Handler.php(853): Illuminate\Foundation\Exceptions\Handler->renderExceptionWithSymfony(Object(ErrorException), true)
#15 /Users/ahmedmosaad/Herd/myclass2026-main/vendor/laravel/framework/src/Illuminate/Foundation/Exceptions/Handler.php(828): Illuminate\Foundation\Exceptions\Handler->renderExceptionContent(Object(ErrorException))
#16 /Users/ahmedmosaad/Herd/myclass2026-main/vendor/laravel/framework/src/Illuminate/Foundation/Exceptions/Handler.php(807): Illuminate\Foundation\Exceptions\Handler->convertExceptionToResponse(Object(ErrorException))
#17 /Users/ahmedmosaad/Herd/myclass2026-main/vendor/laravel/framework/src/Illuminate/Foundation/Exceptions/Handler.php(706): Illuminate\Foundation\Exceptions\Handler->prepareResponse(Object(Illuminate\Http\Request), Object(ErrorException))
#18 /Users/ahmedmosaad/Herd/myclass2026-main/vendor/laravel/framework/src/Illuminate/Foundation/Exceptions/Handler.php(594): Illuminate\Foundation\Exceptions\Handler->renderExceptionResponse(Object(Illuminate\Http\Request), Object(ErrorException))
#19 /Users/ahmedmosaad/Herd/myclass2026-main/vendor/laravel/framework/src/Illuminate/Foundation/Bootstrap/HandleExceptions.php(219): Illuminate\Foundation\Exceptions\Handler->render(Object(Illuminate\Http\Request), Object(ErrorException))
#20 /Users/ahmedmosaad/Herd/myclass2026-main/vendor/laravel/framework/src/Illuminate/Foundation/Bootstrap/HandleExceptions.php(196): Illuminate\Foundation\Bootstrap\HandleExceptions->renderHttpResponse(Object(ErrorException))
#21 /Users/ahmedmosaad/Herd/myclass2026-main/vendor/laravel/framework/src/Illuminate/Foundation/Bootstrap/HandleExceptions.php(256): Illuminate\Foundation\Bootstrap\HandleExceptions->handleException(Object(ErrorException))
#22 [internal function]: Illuminate\Foundation\Bootstrap\HandleExceptions->{closure:Illuminate\Foundation\Bootstrap\HandleExceptions::forwardsTo():255}(Object(ErrorException))
#23 {main}
  thrown {"exception":"[object] (Symfony\\Component\\ErrorHandler\\Error\\FatalError(code: 0): Uncaught ErrorException: include(assets/images/icon-copy.svg): Failed to open stream: No such file or directory in /Users/ahmedmosaad/Herd/myclass2026-main/vendor/symfony/error-handler/ErrorRenderer/HtmlErrorRenderer.php:341
Stack trace:
#0 /Users/ahmedmosaad/Herd/myclass2026-main/vendor/laravel/framework/src/Illuminate/Foundation/Bootstrap/HandleExceptions.php(256): Illuminate\\Foundation\\Bootstrap\\HandleExceptions->handleError(2, 'include(assets/...', '/Users/ahmedmos...', 341)
#1 /Users/ahmedmosaad/Herd/myclass2026-main/vendor/symfony/error-handler/ErrorRenderer/HtmlErrorRenderer.php(341): Illuminate\\Foundation\\Bootstrap\\HandleExceptions->{closure:Illuminate\\Foundation\\Bootstrap\\HandleExceptions::forwardsTo():255}(2, 'include(assets/...', '/Users/ahmedmos...', 341)
#2 /Users/ahmedmosaad/Herd/myclass2026-main/vendor/symfony/error-handler/ErrorRenderer/HtmlErrorRenderer.php(341): include('/Users/ahmedmos...')
#3 /Users/ahmedmosaad/Herd/myclass2026-main/vendor/symfony/error-handler/Resources/views/trace.html.php(29): Symfony\\Component\\ErrorHandler\\ErrorRenderer\\HtmlErrorRenderer->include('assets/images/i...')
#4 /Users/ahmedmosaad/Herd/myclass2026-main/vendor/symfony/error-handler/ErrorRenderer/HtmlErrorRenderer.php(341): include('/Users/ahmedmos...')
#5 /Users/ahmedmosaad/Herd/myclass2026-main/vendor/symfony/error-handler/Resources/views/traces.html.php(48): Symfony\\Component\\ErrorHandler\\ErrorRenderer\\HtmlErrorRenderer->include('views/trace.htm...', Array)
#6 /Users/ahmedmosaad/Herd/myclass2026-main/vendor/symfony/error-handler/ErrorRenderer/HtmlErrorRenderer.php(341): include('/Users/ahmedmos...')
#7 /Users/ahmedmosaad/Herd/myclass2026-main/vendor/symfony/error-handler/Resources/views/exception.html.php(54): Symfony\\Component\\ErrorHandler\\ErrorRenderer\\HtmlErrorRenderer->include('views/traces.ht...', Array)
#8 /Users/ahmedmosaad/Herd/myclass2026-main/vendor/symfony/error-handler/ErrorRenderer/HtmlErrorRenderer.php(341): include('/Users/ahmedmos...')
#9 /Users/ahmedmosaad/Herd/myclass2026-main/vendor/symfony/error-handler/Resources/views/exception_full.html.php(35): Symfony\\Component\\ErrorHandler\\ErrorRenderer\\HtmlErrorRenderer->include('views/exception...', Array)
#10 /Users/ahmedmosaad/Herd/myclass2026-main/vendor/symfony/error-handler/ErrorRenderer/HtmlErrorRenderer.php(341): include('/Users/ahmedmos...')
#11 /Users/ahmedmosaad/Herd/myclass2026-main/vendor/symfony/error-handler/ErrorRenderer/HtmlErrorRenderer.php(140): Symfony\\Component\\ErrorHandler\\ErrorRenderer\\HtmlErrorRenderer->include('views/exception...', Array)
#12 /Users/ahmedmosaad/Herd/myclass2026-main/vendor/symfony/error-handler/ErrorRenderer/HtmlErrorRenderer.php(72): Symfony\\Component\\ErrorHandler\\ErrorRenderer\\HtmlErrorRenderer->renderException(Object(Symfony\\Component\\ErrorHandler\\Exception\\FlattenException))
#13 /Users/ahmedmosaad/Herd/myclass2026-main/vendor/laravel/framework/src/Illuminate/Foundation/Exceptions/Handler.php(879): Symfony\\Component\\ErrorHandler\\ErrorRenderer\\HtmlErrorRenderer->render(Object(Symfony\\Component\\ErrorHandler\\Exception\\FlattenException))
#14 /Users/ahmedmosaad/Herd/myclass2026-main/vendor/laravel/framework/src/Illuminate/Foundation/Exceptions/Handler.php(853): Illuminate\\Foundation\\Exceptions\\Handler->renderExceptionWithSymfony(Object(ErrorException), true)
#15 /Users/ahmedmosaad/Herd/myclass2026-main/vendor/laravel/framework/src/Illuminate/Foundation/Exceptions/Handler.php(828): Illuminate\\Foundation\\Exceptions\\Handler->renderExceptionContent(Object(ErrorException))
#16 /Users/ahmedmosaad/Herd/myclass2026-main/vendor/laravel/framework/src/Illuminate/Foundation/Exceptions/Handler.php(807): Illuminate\\Foundation\\Exceptions\\Handler->convertExceptionToResponse(Object(ErrorException))
#17 /Users/ahmedmosaad/Herd/myclass2026-main/vendor/laravel/framework/src/Illuminate/Foundation/Exceptions/Handler.php(706): Illuminate\\Foundation\\Exceptions\\Handler->prepareResponse(Object(Illuminate\\Http\\Request), Object(ErrorException))
#18 /Users/ahmedmosaad/Herd/myclass2026-main/vendor/laravel/framework/src/Illuminate/Foundation/Exceptions/Handler.php(594): Illuminate\\Foundation\\Exceptions\\Handler->renderExceptionResponse(Object(Illuminate\\Http\\Request), Object(ErrorException))
#19 /Users/ahmedmosaad/Herd/myclass2026-main/vendor/laravel/framework/src/Illuminate/Foundation/Bootstrap/HandleExceptions.php(219): Illuminate\\Foundation\\Exceptions\\Handler->render(Object(Illuminate\\Http\\Request), Object(ErrorException))
#20 /Users/ahmedmosaad/Herd/myclass2026-main/vendor/laravel/framework/src/Illuminate/Foundation/Bootstrap/HandleExceptions.php(196): Illuminate\\Foundation\\Bootstrap\\HandleExceptions->renderHttpResponse(Object(ErrorException))
#21 /Users/ahmedmosaad/Herd/myclass2026-main/vendor/laravel/framework/src/Illuminate/Foundation/Bootstrap/HandleExceptions.php(256): Illuminate\\Foundation\\Bootstrap\\HandleExceptions->handleException(Object(ErrorException))
#22 [internal function]: Illuminate\\Foundation\\Bootstrap\\HandleExceptions->{closure:Illuminate\\Foundation\\Bootstrap\\HandleExceptions::forwardsTo():255}(Object(ErrorException))
#23 {main}
  thrown at /Users/ahmedmosaad/Herd/myclass2026-main/vendor/symfony/error-handler/ErrorRenderer/HtmlErrorRenderer.php:341)
[stacktrace]
#0 {main}
"} 
[2026-02-07 09:19:02] local.ERROR: syntax error, unexpected single-quoted string "" {"exception":"[object] (ParseError(code: 0): syntax error, unexpected single-quoted string \"\" at /Users/ahmedmosaad/Herd/myclass2026-main/routes/modules/Academics/QuExams/web.php:15)
[stacktrace]
#0 /Users/ahmedmosaad/Herd/myclass2026-main/routes/web.php(680): require()
#1 /Users/ahmedmosaad/Herd/myclass2026-main/vendor/laravel/framework/src/Illuminate/Routing/RouteFileRegistrar.php(35): require('/Users/ahmedmos...')
#2 /Users/ahmedmosaad/Herd/myclass2026-main/vendor/laravel/framework/src/Illuminate/Routing/Router.php(513): Illuminate\\Routing\\RouteFileRegistrar->register('/Users/ahmedmos...')
#3 /Users/ahmedmosaad/Herd/myclass2026-main/vendor/laravel/framework/src/Illuminate/Routing/Router.php(467): Illuminate\\Routing\\Router->loadRoutes('/Users/ahmedmos...')
#4 /Users/ahmedmosaad/Herd/myclass2026-main/vendor/laravel/framework/src/Illuminate/Routing/RouteRegistrar.php(207): Illuminate\\Routing\\Router->group(Array, '/Users/ahmedmos...')
#5 /Users/ahmedmosaad/Herd/myclass2026-main/vendor/laravel/framework/src/Illuminate/Foundation/Configuration/ApplicationBuilder.php(244): Illuminate\\Routing\\RouteRegistrar->group('/Users/ahmedmos...')
#6 /Users/ahmedmosaad/Herd/myclass2026-main/vendor/laravel/framework/src/Illuminate/Container/BoundMethod.php(36): Illuminate\\Foundation\\Configuration\\ApplicationBuilder->{closure:Illuminate\\Foundation\\Configuration\\ApplicationBuilder::buildRoutingCallback():205}()
#7 /Users/ahmedmosaad/Herd/myclass2026-main/vendor/laravel/framework/src/Illuminate/Container/Util.php(43): Illuminate\\Container\\BoundMethod::{closure:Illuminate\\Container\\BoundMethod::call():35}()
#8 /Users/ahmedmosaad/Herd/myclass2026-main/vendor/laravel/framework/src/Illuminate/Container/BoundMethod.php(84): Illuminate\\Container\\Util::unwrapIfClosure(Object(Closure))
#9 /Users/ahmedmosaad/Herd/myclass2026-main/vendor/laravel/framework/src/Illuminate/Container/BoundMethod.php(35): Illuminate\\Container\\BoundMethod::callBoundMethod(Object(Illuminate\\Foundation\\Application), Object(Closure), Object(Closure))
#10 /Users/ahmedmosaad/Herd/myclass2026-main/vendor/laravel/framework/src/Illuminate/Container/Container.php(754): Illuminate\\Container\\BoundMethod::call(Object(Illuminate\\Foundation\\Application), Object(Closure), Array, NULL)
#11 /Users/ahmedmosaad/Herd/myclass2026-main/vendor/laravel/framework/src/Illuminate/Foundation/Support/Providers/RouteServiceProvider.php(162): Illuminate\\Container\\Container->call(Object(Closure))
#12 /Users/ahmedmosaad/Herd/myclass2026-main/vendor/laravel/framework/src/Illuminate/Foundation/Support/Providers/RouteServiceProvider.php(59): Illuminate\\Foundation\\Support\\Providers\\RouteServiceProvider->loadRoutes()
#13 /Users/ahmedmosaad/Herd/myclass2026-main/vendor/laravel/framework/src/Illuminate/Container/BoundMethod.php(36): Illuminate\\Foundation\\Support\\Providers\\RouteServiceProvider->{closure:Illuminate\\Foundation\\Support\\Providers\\RouteServiceProvider::register():53}()
#14 /Users/ahmedmosaad/Herd/myclass2026-main/vendor/laravel/framework/src/Illuminate/Container/Util.php(43): Illuminate\\Container\\BoundMethod::{closure:Illuminate\\Container\\BoundMethod::call():35}()
#15 /Users/ahmedmosaad/Herd/myclass2026-main/vendor/laravel/framework/src/Illuminate/Container/BoundMethod.php(84): Illuminate\\Container\\Util::unwrapIfClosure(Object(Closure))
#16 /Users/ahmedmosaad/Herd/myclass2026-main/vendor/laravel/framework/src/Illuminate/Container/BoundMethod.php(35): Illuminate\\Container\\BoundMethod::callBoundMethod(Object(Illuminate\\Foundation\\Application), Object(Closure), Object(Closure))
#17 /Users/ahmedmosaad/Herd/myclass2026-main/vendor/laravel/framework/src/Illuminate/Container/Container.php(754): Illuminate\\Container\\BoundMethod::call(Object(Illuminate\\Foundation\\Application), Object(Closure), Array, NULL)
#18 /Users/ahmedmosaad/Herd/myclass2026-main/vendor/laravel/framework/src/Illuminate/Support/ServiceProvider.php(144): Illuminate\\Container\\Container->call(Object(Closure))
#19 /Users/ahmedmosaad/Herd/myclass2026-main/vendor/laravel/framework/src/Illuminate/Foundation/Application.php(1154): Illuminate\\Support\\ServiceProvider->callBootedCallbacks()
#20 /Users/ahmedmosaad/Herd/myclass2026-main/vendor/laravel/framework/src/Illuminate/Foundation/Application.php(1132): Illuminate\\Foundation\\Application->bootProvider(Object(Illuminate\\Foundation\\Support\\Providers\\RouteServiceProvider))
#21 [internal function]: Illuminate\\Foundation\\Application->{closure:Illuminate\\Foundation\\Application::boot():1131}(Object(Illuminate\\Foundation\\Support\\Providers\\RouteServiceProvider), 'Illuminate\\\\Foun...')
#22 /Users/ahmedmosaad/Herd/myclass2026-main/vendor/laravel/framework/src/Illuminate/Foundation/Application.php(1131): array_walk(Array, Object(Closure))
#23 /Users/ahmedmosaad/Herd/myclass2026-main/vendor/laravel/framework/src/Illuminate/Foundation/Bootstrap/BootProviders.php(17): Illuminate\\Foundation\\Application->boot()
#24 /Users/ahmedmosaad/Herd/myclass2026-main/vendor/laravel/framework/src/Illuminate/Foundation/Application.php(342): Illuminate\\Foundation\\Bootstrap\\BootProviders->bootstrap(Object(Illuminate\\Foundation\\Application))
#25 /Users/ahmedmosaad/Herd/myclass2026-main/vendor/laravel/framework/src/Illuminate/Foundation/Http/Kernel.php(187): Illuminate\\Foundation\\Application->bootstrapWith(Array)
#26 /Users/ahmedmosaad/Herd/myclass2026-main/vendor/laravel/framework/src/Illuminate/Foundation/Http/Kernel.php(171): Illuminate\\Foundation\\Http\\Kernel->bootstrap()
#27 /Users/ahmedmosaad/Herd/myclass2026-main/vendor/laravel/framework/src/Illuminate/Foundation/Http/Kernel.php(145): Illuminate\\Foundation\\Http\\Kernel->sendRequestThroughRouter(Object(Illuminate\\Http\\Request))
#28 /Users/ahmedmosaad/Herd/myclass2026-main/vendor/laravel/framework/src/Illuminate/Foundation/Application.php(1220): Illuminate\\Foundation\\Http\\Kernel->handle(Object(Illuminate\\Http\\Request))
#29 /Users/ahmedmosaad/Herd/myclass2026-main/public/index.php(20): Illuminate\\Foundation\\Application->handleRequest(Object(Illuminate\\Http\\Request))
#30 /Users/ahmedmosaad/Herd/myclass2026-main/vendor/laravel/framework/src/Illuminate/Foundation/resources/server.php(23): require_once('/Users/ahmedmos...')
#31 {main}
"} 
[2026-02-07 09:19:02] local.ERROR: include(assets/images/icon-copy.svg): Failed to open stream: No such file or directory {"exception":"[object] (ErrorException(code: 0): include(assets/images/icon-copy.svg): Failed to open stream: No such file or directory at /Users/ahmedmosaad/Herd/myclass2026-main/vendor/symfony/error-handler/ErrorRenderer/HtmlErrorRenderer.php:341)
[stacktrace]
#0 /Users/ahmedmosaad/Herd/myclass2026-main/vendor/laravel/framework/src/Illuminate/Foundation/Bootstrap/HandleExceptions.php(256): Illuminate\\Foundation\\Bootstrap\\HandleExceptions->handleError(2, 'include(assets/...', '/Users/ahmedmos...', 341)
#1 /Users/ahmedmosaad/Herd/myclass2026-main/vendor/symfony/error-handler/ErrorRenderer/HtmlErrorRenderer.php(341): Illuminate\\Foundation\\Bootstrap\\HandleExceptions->{closure:Illuminate\\Foundation\\Bootstrap\\HandleExceptions::forwardsTo():255}(2, 'include(assets/...', '/Users/ahmedmos...', 341)
#2 /Users/ahmedmosaad/Herd/myclass2026-main/vendor/symfony/error-handler/ErrorRenderer/HtmlErrorRenderer.php(341): include('/Users/ahmedmos...')
#3 /Users/ahmedmosaad/Herd/myclass2026-main/vendor/symfony/error-handler/Resources/views/trace.html.php(29): Symfony\\Component\\ErrorHandler\\ErrorRenderer\\HtmlErrorRenderer->include('assets/images/i...')
#4 /Users/ahmedmosaad/Herd/myclass2026-main/vendor/symfony/error-handler/ErrorRenderer/HtmlErrorRenderer.php(341): include('/Users/ahmedmos...')
#5 /Users/ahmedmosaad/Herd/myclass2026-main/vendor/symfony/error-handler/Resources/views/traces.html.php(48): Symfony\\Component\\ErrorHandler\\ErrorRenderer\\HtmlErrorRenderer->include('views/trace.htm...', Array)
#6 /Users/ahmedmosaad/Herd/myclass2026-main/vendor/symfony/error-handler/ErrorRenderer/HtmlErrorRenderer.php(341): include('/Users/ahmedmos...')
#7 /Users/ahmedmosaad/Herd/myclass2026-main/vendor/symfony/error-handler/Resources/views/exception.html.php(54): Symfony\\Component\\ErrorHandler\\ErrorRenderer\\HtmlErrorRenderer->include('views/traces.ht...', Array)
#8 /Users/ahmedmosaad/Herd/myclass2026-main/vendor/symfony/error-handler/ErrorRenderer/HtmlErrorRenderer.php(341): include('/Users/ahmedmos...')
#9 /Users/ahmedmosaad/Herd/myclass2026-main/vendor/symfony/error-handler/Resources/views/exception_full.html.php(35): Symfony\\Component\\ErrorHandler\\ErrorRenderer\\HtmlErrorRenderer->include('views/exception...', Array)
#10 /Users/ahmedmosaad/Herd/myclass2026-main/vendor/symfony/error-handler/ErrorRenderer/HtmlErrorRenderer.php(341): include('/Users/ahmedmos...')
#11 /Users/ahmedmosaad/Herd/myclass2026-main/vendor/symfony/error-handler/ErrorRenderer/HtmlErrorRenderer.php(140): Symfony\\Component\\ErrorHandler\\ErrorRenderer\\HtmlErrorRenderer->include('views/exception...', Array)
#12 /Users/ahmedmosaad/Herd/myclass2026-main/vendor/symfony/error-handler/ErrorRenderer/HtmlErrorRenderer.php(72): Symfony\\Component\\ErrorHandler\\ErrorRenderer\\HtmlErrorRenderer->renderException(Object(Symfony\\Component\\ErrorHandler\\Exception\\FlattenException))
#13 /Users/ahmedmosaad/Herd/myclass2026-main/vendor/laravel/framework/src/Illuminate/Foundation/Exceptions/Handler.php(879): Symfony\\Component\\ErrorHandler\\ErrorRenderer\\HtmlErrorRenderer->render(Object(Symfony\\Component\\ErrorHandler\\Exception\\FlattenException))
#14 /Users/ahmedmosaad/Herd/myclass2026-main/vendor/laravel/framework/src/Illuminate/Foundation/Exceptions/Handler.php(853): Illuminate\\Foundation\\Exceptions\\Handler->renderExceptionWithSymfony(Object(ErrorException), true)
#15 /Users/ahmedmosaad/Herd/myclass2026-main/vendor/laravel/framework/src/Illuminate/Foundation/Exceptions/Handler.php(828): Illuminate\\Foundation\\Exceptions\\Handler->renderExceptionContent(Object(ErrorException))
#16 /Users/ahmedmosaad/Herd/myclass2026-main/vendor/laravel/framework/src/Illuminate/Foundation/Exceptions/Handler.php(807): Illuminate\\Foundation\\Exceptions\\Handler->convertExceptionToResponse(Object(ParseError))
#17 /Users/ahmedmosaad/Herd/myclass2026-main/vendor/laravel/framework/src/Illuminate/Foundation/Exceptions/Handler.php(706): Illuminate\\Foundation\\Exceptions\\Handler->prepareResponse(Object(Illuminate\\Http\\Request), Object(ParseError))
#18 /Users/ahmedmosaad/Herd/myclass2026-main/vendor/laravel/framework/src/Illuminate/Foundation/Exceptions/Handler.php(594): Illuminate\\Foundation\\Exceptions\\Handler->renderExceptionResponse(Object(Illuminate\\Http\\Request), Object(ParseError))
#19 /Users/ahmedmosaad/Herd/myclass2026-main/vendor/laravel/framework/src/Illuminate/Foundation/Http/Kernel.php(575): Illuminate\\Foundation\\Exceptions\\Handler->render(Object(Illuminate\\Http\\Request), Object(ParseError))
#20 /Users/ahmedmosaad/Herd/myclass2026-main/vendor/laravel/framework/src/Illuminate/Foundation/Http/Kernel.php(149): Illuminate\\Foundation\\Http\\Kernel->renderException(Object(Illuminate\\Http\\Request), Object(ParseError))
#21 /Users/ahmedmosaad/Herd/myclass2026-main/vendor/laravel/framework/src/Illuminate/Foundation/Application.php(1220): Illuminate\\Foundation\\Http\\Kernel->handle(Object(Illuminate\\Http\\Request))
#22 /Users/ahmedmosaad/Herd/myclass2026-main/public/index.php(20): Illuminate\\Foundation\\Application->handleRequest(Object(Illuminate\\Http\\Request))
#23 /Users/ahmedmosaad/Herd/myclass2026-main/vendor/laravel/framework/src/Illuminate/Foundation/resources/server.php(23): require_once('/Users/ahmedmos...')
#24 {main}
"} 
[2026-02-07 09:19:02] local.ERROR: Uncaught ErrorException: include(assets/images/icon-copy.svg): Failed to open stream: No such file or directory in /Users/ahmedmosaad/Herd/myclass2026-main/vendor/symfony/error-handler/ErrorRenderer/HtmlErrorRenderer.php:341
Stack trace:
#0 /Users/ahmedmosaad/Herd/myclass2026-main/vendor/laravel/framework/src/Illuminate/Foundation/Bootstrap/HandleExceptions.php(256): Illuminate\Foundation\Bootstrap\HandleExceptions->handleError(2, 'include(assets/...', '/Users/ahmedmos...', 341)
#1 /Users/ahmedmosaad/Herd/myclass2026-main/vendor/symfony/error-handler/ErrorRenderer/HtmlErrorRenderer.php(341): Illuminate\Foundation\Bootstrap\HandleExceptions->{closure:Illuminate\Foundation\Bootstrap\HandleExceptions::forwardsTo():255}(2, 'include(assets/...', '/Users/ahmedmos...', 341)
#2 /Users/ahmedmosaad/Herd/myclass2026-main/vendor/symfony/error-handler/ErrorRenderer/HtmlErrorRenderer.php(341): include('/Users/ahmedmos...')
#3 /Users/ahmedmosaad/Herd/myclass2026-main/vendor/symfony/error-handler/Resources/views/trace.html.php(29): Symfony\Component\ErrorHandler\ErrorRenderer\HtmlErrorRenderer->include('assets/images/i...')
#4 /Users/ahmedmosaad/Herd/myclass2026-main/vendor/symfony/error-handler/ErrorRenderer/HtmlErrorRenderer.php(341): include('/Users/ahmedmos...')
#5 /Users/ahmedmosaad/Herd/myclass2026-main/vendor/symfony/error-handler/Resources/views/traces.html.php(48): Symfony\Component\ErrorHandler\ErrorRenderer\HtmlErrorRenderer->include('views/trace.htm...', Array)
#6 /Users/ahmedmosaad/Herd/myclass2026-main/vendor/symfony/error-handler/ErrorRenderer/HtmlErrorRenderer.php(341): include('/Users/ahmedmos...')
#7 /Users/ahmedmosaad/Herd/myclass2026-main/vendor/symfony/error-handler/Resources/views/exception.html.php(54): Symfony\Component\ErrorHandler\ErrorRenderer\HtmlErrorRenderer->include('views/traces.ht...', Array)
#8 /Users/ahmedmosaad/Herd/myclass2026-main/vendor/symfony/error-handler/ErrorRenderer/HtmlErrorRenderer.php(341): include('/Users/ahmedmos...')
#9 /Users/ahmedmosaad/Herd/myclass2026-main/vendor/symfony/error-handler/Resources/views/exception_full.html.php(35): Symfony\Component\ErrorHandler\ErrorRenderer\HtmlErrorRenderer->include('views/exception...', Array)
#10 /Users/ahmedmosaad/Herd/myclass2026-main/vendor/symfony/error-handler/ErrorRenderer/HtmlErrorRenderer.php(341): include('/Users/ahmedmos...')
#11 /Users/ahmedmosaad/Herd/myclass2026-main/vendor/symfony/error-handler/ErrorRenderer/HtmlErrorRenderer.php(140): Symfony\Component\ErrorHandler\ErrorRenderer\HtmlErrorRenderer->include('views/exception...', Array)
#12 /Users/ahmedmosaad/Herd/myclass2026-main/vendor/symfony/error-handler/ErrorRenderer/HtmlErrorRenderer.php(72): Symfony\Component\ErrorHandler\ErrorRenderer\HtmlErrorRenderer->renderException(Object(Symfony\Component\ErrorHandler\Exception\FlattenException))
#13 /Users/ahmedmosaad/Herd/myclass2026-main/vendor/laravel/framework/src/Illuminate/Foundation/Exceptions/Handler.php(879): Symfony\Component\ErrorHandler\ErrorRenderer\HtmlErrorRenderer->render(Object(Symfony\Component\ErrorHandler\Exception\FlattenException))
#14 /Users/ahmedmosaad/Herd/myclass2026-main/vendor/laravel/framework/src/Illuminate/Foundation/Exceptions/Handler.php(853): Illuminate\Foundation\Exceptions\Handler->renderExceptionWithSymfony(Object(ErrorException), true)
#15 /Users/ahmedmosaad/Herd/myclass2026-main/vendor/laravel/framework/src/Illuminate/Foundation/Exceptions/Handler.php(828): Illuminate\Foundation\Exceptions\Handler->renderExceptionContent(Object(ErrorException))
#16 /Users/ahmedmosaad/Herd/myclass2026-main/vendor/laravel/framework/src/Illuminate/Foundation/Exceptions/Handler.php(807): Illuminate\Foundation\Exceptions\Handler->convertExceptionToResponse(Object(ErrorException))
#17 /Users/ahmedmosaad/Herd/myclass2026-main/vendor/laravel/framework/src/Illuminate/Foundation/Exceptions/Handler.php(706): Illuminate\Foundation\Exceptions\Handler->prepareResponse(Object(Illuminate\Http\Request), Object(ErrorException))
#18 /Users/ahmedmosaad/Herd/myclass2026-main/vendor/laravel/framework/src/Illuminate/Foundation/Exceptions/Handler.php(594): Illuminate\Foundation\Exceptions\Handler->renderExceptionResponse(Object(Illuminate\Http\Request), Object(ErrorException))
#19 /Users/ahmedmosaad/Herd/myclass2026-main/vendor/laravel/framework/src/Illuminate/Foundation/Bootstrap/HandleExceptions.php(219): Illuminate\Foundation\Exceptions\Handler->render(Object(Illuminate\Http\Request), Object(ErrorException))
#20 /Users/ahmedmosaad/Herd/myclass2026-main/vendor/laravel/framework/src/Illuminate/Foundation/Bootstrap/HandleExceptions.php(196): Illuminate\Foundation\Bootstrap\HandleExceptions->renderHttpResponse(Object(ErrorException))
#21 /Users/ahmedmosaad/Herd/myclass2026-main/vendor/laravel/framework/src/Illuminate/Foundation/Bootstrap/HandleExceptions.php(256): Illuminate\Foundation\Bootstrap\HandleExceptions->handleException(Object(ErrorException))
#22 [internal function]: Illuminate\Foundation\Bootstrap\HandleExceptions->{closure:Illuminate\Foundation\Bootstrap\HandleExceptions::forwardsTo():255}(Object(ErrorException))
#23 {main}
  thrown {"exception":"[object] (Symfony\\Component\\ErrorHandler\\Error\\FatalError(code: 0): Uncaught ErrorException: include(assets/images/icon-copy.svg): Failed to open stream: No such file or directory in /Users/ahmedmosaad/Herd/myclass2026-main/vendor/symfony/error-handler/ErrorRenderer/HtmlErrorRenderer.php:341
Stack trace:
#0 /Users/ahmedmosaad/Herd/myclass2026-main/vendor/laravel/framework/src/Illuminate/Foundation/Bootstrap/HandleExceptions.php(256): Illuminate\\Foundation\\Bootstrap\\HandleExceptions->handleError(2, 'include(assets/...', '/Users/ahmedmos...', 341)
#1 /Users/ahmedmosaad/Herd/myclass2026-main/vendor/symfony/error-handler/ErrorRenderer/HtmlErrorRenderer.php(341): Illuminate\\Foundation\\Bootstrap\\HandleExceptions->{closure:Illuminate\\Foundation\\Bootstrap\\HandleExceptions::forwardsTo():255}(2, 'include(assets/...', '/Users/ahmedmos...', 341)
#2 /Users/ahmedmosaad/Herd/myclass2026-main/vendor/symfony/error-handler/ErrorRenderer/HtmlErrorRenderer.php(341): include('/Users/ahmedmos...')
#3 /Users/ahmedmosaad/Herd/myclass2026-main/vendor/symfony/error-handler/Resources/views/trace.html.php(29): Symfony\\Component\\ErrorHandler\\ErrorRenderer\\HtmlErrorRenderer->include('assets/images/i...')
#4 /Users/ahmedmosaad/Herd/myclass2026-main/vendor/symfony/error-handler/ErrorRenderer/HtmlErrorRenderer.php(341): include('/Users/ahmedmos...')
#5 /Users/ahmedmosaad/Herd/myclass2026-main/vendor/symfony/error-handler/Resources/views/traces.html.php(48): Symfony\\Component\\ErrorHandler\\ErrorRenderer\\HtmlErrorRenderer->include('views/trace.htm...', Array)
#6 /Users/ahmedmosaad/Herd/myclass2026-main/vendor/symfony/error-handler/ErrorRenderer/HtmlErrorRenderer.php(341): include('/Users/ahmedmos...')
#7 /Users/ahmedmosaad/Herd/myclass2026-main/vendor/symfony/error-handler/Resources/views/exception.html.php(54): Symfony\\Component\\ErrorHandler\\ErrorRenderer\\HtmlErrorRenderer->include('views/traces.ht...', Array)
#8 /Users/ahmedmosaad/Herd/myclass2026-main/vendor/symfony/error-handler/ErrorRenderer/HtmlErrorRenderer.php(341): include('/Users/ahmedmos...')
#9 /Users/ahmedmosaad/Herd/myclass2026-main/vendor/symfony/error-handler/Resources/views/exception_full.html.php(35): Symfony\\Component\\ErrorHandler\\ErrorRenderer\\HtmlErrorRenderer->include('views/exception...', Array)
#10 /Users/ahmedmosaad/Herd/myclass2026-main/vendor/symfony/error-handler/ErrorRenderer/HtmlErrorRenderer.php(341): include('/Users/ahmedmos...')
#11 /Users/ahmedmosaad/Herd/myclass2026-main/vendor/symfony/error-handler/ErrorRenderer/HtmlErrorRenderer.php(140): Symfony\\Component\\ErrorHandler\\ErrorRenderer\\HtmlErrorRenderer->include('views/exception...', Array)
#12 /Users/ahmedmosaad/Herd/myclass2026-main/vendor/symfony/error-handler/ErrorRenderer/HtmlErrorRenderer.php(72): Symfony\\Component\\ErrorHandler\\ErrorRenderer\\HtmlErrorRenderer->renderException(Object(Symfony\\Component\\ErrorHandler\\Exception\\FlattenException))
#13 /Users/ahmedmosaad/Herd/myclass2026-main/vendor/laravel/framework/src/Illuminate/Foundation/Exceptions/Handler.php(879): Symfony\\Component\\ErrorHandler\\ErrorRenderer\\HtmlErrorRenderer->render(Object(Symfony\\Component\\ErrorHandler\\Exception\\FlattenException))
#14 /Users/ahmedmosaad/Herd/myclass2026-main/vendor/laravel/framework/src/Illuminate/Foundation/Exceptions/Handler.php(853): Illuminate\\Foundation\\Exceptions\\Handler->renderExceptionWithSymfony(Object(ErrorException), true)
#15 /Users/ahmedmosaad/Herd/myclass2026-main/vendor/laravel/framework/src/Illuminate/Foundation/Exceptions/Handler.php(828): Illuminate\\Foundation\\Exceptions\\Handler->renderExceptionContent(Object(ErrorException))
#16 /Users/ahmedmosaad/Herd/myclass2026-main/vendor/laravel/framework/src/Illuminate/Foundation/Exceptions/Handler.php(807): Illuminate\\Foundation\\Exceptions\\Handler->convertExceptionToResponse(Object(ErrorException))
#17 /Users/ahmedmosaad/Herd/myclass2026-main/vendor/laravel/framework/src/Illuminate/Foundation/Exceptions/Handler.php(706): Illuminate\\Foundation\\Exceptions\\Handler->prepareResponse(Object(Illuminate\\Http\\Request), Object(ErrorException))
#18 /Users/ahmedmosaad/Herd/myclass2026-main/vendor/laravel/framework/src/Illuminate/Foundation/Exceptions/Handler.php(594): Illuminate\\Foundation\\Exceptions\\Handler->renderExceptionResponse(Object(Illuminate\\Http\\Request), Object(ErrorException))
#19 /Users/ahmedmosaad/Herd/myclass2026-main/vendor/laravel/framework/src/Illuminate/Foundation/Bootstrap/HandleExceptions.php(219): Illuminate\\Foundation\\Exceptions\\Handler->render(Object(Illuminate\\Http\\Request), Object(ErrorException))
#20 /Users/ahmedmosaad/Herd/myclass2026-main/vendor/laravel/framework/src/Illuminate/Foundation/Bootstrap/HandleExceptions.php(196): Illuminate\\Foundation\\Bootstrap\\HandleExceptions->renderHttpResponse(Object(ErrorException))
#21 /Users/ahmedmosaad/Herd/myclass2026-main/vendor/laravel/framework/src/Illuminate/Foundation/Bootstrap/HandleExceptions.php(256): Illuminate\\Foundation\\Bootstrap\\HandleExceptions->handleException(Object(ErrorException))
#22 [internal function]: Illuminate\\Foundation\\Bootstrap\\HandleExceptions->{closure:Illuminate\\Foundation\\Bootstrap\\HandleExceptions::forwardsTo():255}(Object(ErrorException))
#23 {main}
  thrown at /Users/ahmedmosaad/Herd/myclass2026-main/vendor/symfony/error-handler/ErrorRenderer/HtmlErrorRenderer.php:341)
[stacktrace]
#0 {main}
"} 
[2026-02-07 09:19:02] local.ERROR: syntax error, unexpected single-quoted string "" {"exception":"[object] (ParseError(code: 0): syntax error, unexpected single-quoted string \"\" at /Users/ahmedmosaad/Herd/myclass2026-main/routes/modules/Academics/QuExams/web.php:15)
[stacktrace]
#0 /Users/ahmedmosaad/Herd/myclass2026-main/routes/web.php(680): require()
#1 /Users/ahmedmosaad/Herd/myclass2026-main/vendor/laravel/framework/src/Illuminate/Routing/RouteFileRegistrar.php(35): require('/Users/ahmedmos...')
#2 /Users/ahmedmosaad/Herd/myclass2026-main/vendor/laravel/framework/src/Illuminate/Routing/Router.php(513): Illuminate\\Routing\\RouteFileRegistrar->register('/Users/ahmedmos...')
#3 /Users/ahmedmosaad/Herd/myclass2026-main/vendor/laravel/framework/src/Illuminate/Routing/Router.php(467): Illuminate\\Routing\\Router->loadRoutes('/Users/ahmedmos...')
#4 /Users/ahmedmosaad/Herd/myclass2026-main/vendor/laravel/framework/src/Illuminate/Routing/RouteRegistrar.php(207): Illuminate\\Routing\\Router->group(Array, '/Users/ahmedmos...')
#5 /Users/ahmedmosaad/Herd/myclass2026-main/vendor/laravel/framework/src/Illuminate/Foundation/Configuration/ApplicationBuilder.php(244): Illuminate\\Routing\\RouteRegistrar->group('/Users/ahmedmos...')
#6 /Users/ahmedmosaad/Herd/myclass2026-main/vendor/laravel/framework/src/Illuminate/Container/BoundMethod.php(36): Illuminate\\Foundation\\Configuration\\ApplicationBuilder->{closure:Illuminate\\Foundation\\Configuration\\ApplicationBuilder::buildRoutingCallback():205}()
#7 /Users/ahmedmosaad/Herd/myclass2026-main/vendor/laravel/framework/src/Illuminate/Container/Util.php(43): Illuminate\\Container\\BoundMethod::{closure:Illuminate\\Container\\BoundMethod::call():35}()
#8 /Users/ahmedmosaad/Herd/myclass2026-main/vendor/laravel/framework/src/Illuminate/Container/BoundMethod.php(84): Illuminate\\Container\\Util::unwrapIfClosure(Object(Closure))
#9 /Users/ahmedmosaad/Herd/myclass2026-main/vendor/laravel/framework/src/Illuminate/Container/BoundMethod.php(35): Illuminate\\Container\\BoundMethod::callBoundMethod(Object(Illuminate\\Foundation\\Application), Object(Closure), Object(Closure))
#10 /Users/ahmedmosaad/Herd/myclass2026-main/vendor/laravel/framework/src/Illuminate/Container/Container.php(754): Illuminate\\Container\\BoundMethod::call(Object(Illuminate\\Foundation\\Application), Object(Closure), Array, NULL)
#11 /Users/ahmedmosaad/Herd/myclass2026-main/vendor/laravel/framework/src/Illuminate/Foundation/Support/Providers/RouteServiceProvider.php(162): Illuminate\\Container\\Container->call(Object(Closure))
#12 /Users/ahmedmosaad/Herd/myclass2026-main/vendor/laravel/framework/src/Illuminate/Foundation/Support/Providers/RouteServiceProvider.php(59): Illuminate\\Foundation\\Support\\Providers\\RouteServiceProvider->loadRoutes()
#13 /Users/ahmedmosaad/Herd/myclass2026-main/vendor/laravel/framework/src/Illuminate/Container/BoundMethod.php(36): Illuminate\\Foundation\\Support\\Providers\\RouteServiceProvider->{closure:Illuminate\\Foundation\\Support\\Providers\\RouteServiceProvider::register():53}()
#14 /Users/ahmedmosaad/Herd/myclass2026-main/vendor/laravel/framework/src/Illuminate/Container/Util.php(43): Illuminate\\Container\\BoundMethod::{closure:Illuminate\\Container\\BoundMethod::call():35}()
#15 /Users/ahmedmosaad/Herd/myclass2026-main/vendor/laravel/framework/src/Illuminate/Container/BoundMethod.php(84): Illuminate\\Container\\Util::unwrapIfClosure(Object(Closure))
#16 /Users/ahmedmosaad/Herd/myclass2026-main/vendor/laravel/framework/src/Illuminate/Container/BoundMethod.php(35): Illuminate\\Container\\BoundMethod::callBoundMethod(Object(Illuminate\\Foundation\\Application), Object(Closure), Object(Closure))
#17 /Users/ahmedmosaad/Herd/myclass2026-main/vendor/laravel/framework/src/Illuminate/Container/Container.php(754): Illuminate\\Container\\BoundMethod::call(Object(Illuminate\\Foundation\\Application), Object(Closure), Array, NULL)
#18 /Users/ahmedmosaad/Herd/myclass2026-main/vendor/laravel/framework/src/Illuminate/Support/ServiceProvider.php(144): Illuminate\\Container\\Container->call(Object(Closure))
#19 /Users/ahmedmosaad/Herd/myclass2026-main/vendor/laravel/framework/src/Illuminate/Foundation/Application.php(1154): Illuminate\\Support\\ServiceProvider->callBootedCallbacks()
#20 /Users/ahmedmosaad/Herd/myclass2026-main/vendor/laravel/framework/src/Illuminate/Foundation/Application.php(1132): Illuminate\\Foundation\\Application->bootProvider(Object(Illuminate\\Foundation\\Support\\Providers\\RouteServiceProvider))
#21 [internal function]: Illuminate\\Foundation\\Application->{closure:Illuminate\\Foundation\\Application::boot():1131}(Object(Illuminate\\Foundation\\Support\\Providers\\RouteServiceProvider), 'Illuminate\\\\Foun...')
#22 /Users/ahmedmosaad/Herd/myclass2026-main/vendor/laravel/framework/src/Illuminate/Foundation/Application.php(1131): array_walk(Array, Object(Closure))
#23 /Users/ahmedmosaad/Herd/myclass2026-main/vendor/laravel/framework/src/Illuminate/Foundation/Bootstrap/BootProviders.php(17): Illuminate\\Foundation\\Application->boot()
#24 /Users/ahmedmosaad/Herd/myclass2026-main/vendor/laravel/framework/src/Illuminate/Foundation/Application.php(342): Illuminate\\Foundation\\Bootstrap\\BootProviders->bootstrap(Object(Illuminate\\Foundation\\Application))
#25 /Users/ahmedmosaad/Herd/myclass2026-main/vendor/laravel/framework/src/Illuminate/Foundation/Http/Kernel.php(187): Illuminate\\Foundation\\Application->bootstrapWith(Array)
#26 /Users/ahmedmosaad/Herd/myclass2026-main/vendor/laravel/framework/src/Illuminate/Foundation/Http/Kernel.php(171): Illuminate\\Foundation\\Http\\Kernel->bootstrap()
#27 /Users/ahmedmosaad/Herd/myclass2026-main/vendor/laravel/framework/src/Illuminate/Foundation/Http/Kernel.php(145): Illuminate\\Foundation\\Http\\Kernel->sendRequestThroughRouter(Object(Illuminate\\Http\\Request))
#28 /Users/ahmedmosaad/Herd/myclass2026-main/vendor/laravel/framework/src/Illuminate/Foundation/Application.php(1220): Illuminate\\Foundation\\Http\\Kernel->handle(Object(Illuminate\\Http\\Request))
#29 /Users/ahmedmosaad/Herd/myclass2026-main/public/index.php(20): Illuminate\\Foundation\\Application->handleRequest(Object(Illuminate\\Http\\Request))
#30 /Users/ahmedmosaad/Herd/myclass2026-main/vendor/laravel/framework/src/Illuminate/Foundation/resources/server.php(23): require_once('/Users/ahmedmos...')
#31 {main}
"} 
[2026-02-07 09:19:02] local.ERROR: include(assets/images/icon-copy.svg): Failed to open stream: No such file or directory {"exception":"[object] (ErrorException(code: 0): include(assets/images/icon-copy.svg): Failed to open stream: No such file or directory at /Users/ahmedmosaad/Herd/myclass2026-main/vendor/symfony/error-handler/ErrorRenderer/HtmlErrorRenderer.php:341)
[stacktrace]
#0 /Users/ahmedmosaad/Herd/myclass2026-main/vendor/laravel/framework/src/Illuminate/Foundation/Bootstrap/HandleExceptions.php(256): Illuminate\\Foundation\\Bootstrap\\HandleExceptions->handleError(2, 'include(assets/...', '/Users/ahmedmos...', 341)
#1 /Users/ahmedmosaad/Herd/myclass2026-main/vendor/symfony/error-handler/ErrorRenderer/HtmlErrorRenderer.php(341): Illuminate\\Foundation\\Bootstrap\\HandleExceptions->{closure:Illuminate\\Foundation\\Bootstrap\\HandleExceptions::forwardsTo():255}(2, 'include(assets/...', '/Users/ahmedmos...', 341)
#2 /Users/ahmedmosaad/Herd/myclass2026-main/vendor/symfony/error-handler/ErrorRenderer/HtmlErrorRenderer.php(341): include('/Users/ahmedmos...')
#3 /Users/ahmedmosaad/Herd/myclass2026-main/vendor/symfony/error-handler/Resources/views/trace.html.php(29): Symfony\\Component\\ErrorHandler\\ErrorRenderer\\HtmlErrorRenderer->include('assets/images/i...')
#4 /Users/ahmedmosaad/Herd/myclass2026-main/vendor/symfony/error-handler/ErrorRenderer/HtmlErrorRenderer.php(341): include('/Users/ahmedmos...')
#5 /Users/ahmedmosaad/Herd/myclass2026-main/vendor/symfony/error-handler/Resources/views/traces.html.php(48): Symfony\\Component\\ErrorHandler\\ErrorRenderer\\HtmlErrorRenderer->include('views/trace.htm...', Array)
#6 /Users/ahmedmosaad/Herd/myclass2026-main/vendor/symfony/error-handler/ErrorRenderer/HtmlErrorRenderer.php(341): include('/Users/ahmedmos...')
#7 /Users/ahmedmosaad/Herd/myclass2026-main/vendor/symfony/error-handler/Resources/views/exception.html.php(54): Symfony\\Component\\ErrorHandler\\ErrorRenderer\\HtmlErrorRenderer->include('views/traces.ht...', Array)
#8 /Users/ahmedmosaad/Herd/myclass2026-main/vendor/symfony/error-handler/ErrorRenderer/HtmlErrorRenderer.php(341): include('/Users/ahmedmos...')
#9 /Users/ahmedmosaad/Herd/myclass2026-main/vendor/symfony/error-handler/Resources/views/exception_full.html.php(35): Symfony\\Component\\ErrorHandler\\ErrorRenderer\\HtmlErrorRenderer->include('views/exception...', Array)
#10 /Users/ahmedmosaad/Herd/myclass2026-main/vendor/symfony/error-handler/ErrorRenderer/HtmlErrorRenderer.php(341): include('/Users/ahmedmos...')
#11 /Users/ahmedmosaad/Herd/myclass2026-main/vendor/symfony/error-handler/ErrorRenderer/HtmlErrorRenderer.php(140): Symfony\\Component\\ErrorHandler\\ErrorRenderer\\HtmlErrorRenderer->include('views/exception...', Array)
#12 /Users/ahmedmosaad/Herd/myclass2026-main/vendor/symfony/error-handler/ErrorRenderer/HtmlErrorRenderer.php(72): Symfony\\Component\\ErrorHandler\\ErrorRenderer\\HtmlErrorRenderer->renderException(Object(Symfony\\Component\\ErrorHandler\\Exception\\FlattenException))
#13 /Users/ahmedmosaad/Herd/myclass2026-main/vendor/laravel/framework/src/Illuminate/Foundation/Exceptions/Handler.php(879): Symfony\\Component\\ErrorHandler\\ErrorRenderer\\HtmlErrorRenderer->render(Object(Symfony\\Component\\ErrorHandler\\Exception\\FlattenException))
#14 /Users/ahmedmosaad/Herd/myclass2026-main/vendor/laravel/framework/src/Illuminate/Foundation/Exceptions/Handler.php(853): Illuminate\\Foundation\\Exceptions\\Handler->renderExceptionWithSymfony(Object(ErrorException), true)
#15 /Users/ahmedmosaad/Herd/myclass2026-main/vendor/laravel/framework/src/Illuminate/Foundation/Exceptions/Handler.php(828): Illuminate\\Foundation\\Exceptions\\Handler->renderExceptionContent(Object(ErrorException))
#16 /Users/ahmedmosaad/Herd/myclass2026-main/vendor/laravel/framework/src/Illuminate/Foundation/Exceptions/Handler.php(807): Illuminate\\Foundation\\Exceptions\\Handler->convertExceptionToResponse(Object(ParseError))
#17 /Users/ahmedmosaad/Herd/myclass2026-main/vendor/laravel/framework/src/Illuminate/Foundation/Exceptions/Handler.php(706): Illuminate\\Foundation\\Exceptions\\Handler->prepareResponse(Object(Illuminate\\Http\\Request), Object(ParseError))
#18 /Users/ahmedmosaad/Herd/myclass2026-main/vendor/laravel/framework/src/Illuminate/Foundation/Exceptions/Handler.php(594): Illuminate\\Foundation\\Exceptions\\Handler->renderExceptionResponse(Object(Illuminate\\Http\\Request), Object(ParseError))
#19 /Users/ahmedmosaad/Herd/myclass2026-main/vendor/laravel/framework/src/Illuminate/Foundation/Http/Kernel.php(575): Illuminate\\Foundation\\Exceptions\\Handler->render(Object(Illuminate\\Http\\Request), Object(ParseError))
#20 /Users/ahmedmosaad/Herd/myclass2026-main/vendor/laravel/framework/src/Illuminate/Foundation/Http/Kernel.php(149): Illuminate\\Foundation\\Http\\Kernel->renderException(Object(Illuminate\\Http\\Request), Object(ParseError))
#21 /Users/ahmedmosaad/Herd/myclass2026-main/vendor/laravel/framework/src/Illuminate/Foundation/Application.php(1220): Illuminate\\Foundation\\Http\\Kernel->handle(Object(Illuminate\\Http\\Request))
#22 /Users/ahmedmosaad/Herd/myclass2026-main/public/index.php(20): Illuminate\\Foundation\\Application->handleRequest(Object(Illuminate\\Http\\Request))
#23 /Users/ahmedmosaad/Herd/myclass2026-main/vendor/laravel/framework/src/Illuminate/Foundation/resources/server.php(23): require_once('/Users/ahmedmos...')
#24 {main}
"} 
[2026-02-07 09:19:02] local.ERROR: Uncaught ErrorException: include(assets/images/icon-copy.svg): Failed to open stream: No such file or directory in /Users/ahmedmosaad/Herd/myclass2026-main/vendor/symfony/error-handler/ErrorRenderer/HtmlErrorRenderer.php:341
Stack trace:
#0 /Users/ahmedmosaad/Herd/myclass2026-main/vendor/laravel/framework/src/Illuminate/Foundation/Bootstrap/HandleExceptions.php(256): Illuminate\Foundation\Bootstrap\HandleExceptions->handleError(2, 'include(assets/...', '/Users/ahmedmos...', 341)
#1 /Users/ahmedmosaad/Herd/myclass2026-main/vendor/symfony/error-handler/ErrorRenderer/HtmlErrorRenderer.php(341): Illuminate\Foundation\Bootstrap\HandleExceptions->{closure:Illuminate\Foundation\Bootstrap\HandleExceptions::forwardsTo():255}(2, 'include(assets/...', '/Users/ahmedmos...', 341)
#2 /Users/ahmedmosaad/Herd/myclass2026-main/vendor/symfony/error-handler/ErrorRenderer/HtmlErrorRenderer.php(341): include('/Users/ahmedmos...')
#3 /Users/ahmedmosaad/Herd/myclass2026-main/vendor/symfony/error-handler/Resources/views/trace.html.php(29): Symfony\Component\ErrorHandler\ErrorRenderer\HtmlErrorRenderer->include('assets/images/i...')
#4 /Users/ahmedmosaad/Herd/myclass2026-main/vendor/symfony/error-handler/ErrorRenderer/HtmlErrorRenderer.php(341): include('/Users/ahmedmos...')
#5 /Users/ahmedmosaad/Herd/myclass2026-main/vendor/symfony/error-handler/Resources/views/traces.html.php(48): Symfony\Component\ErrorHandler\ErrorRenderer\HtmlErrorRenderer->include('views/trace.htm...', Array)
#6 /Users/ahmedmosaad/Herd/myclass2026-main/vendor/symfony/error-handler/ErrorRenderer/HtmlErrorRenderer.php(341): include('/Users/ahmedmos...')
#7 /Users/ahmedmosaad/Herd/myclass2026-main/vendor/symfony/error-handler/Resources/views/exception.html.php(54): Symfony\Component\ErrorHandler\ErrorRenderer\HtmlErrorRenderer->include('views/traces.ht...', Array)
#8 /Users/ahmedmosaad/Herd/myclass2026-main/vendor/symfony/error-handler/ErrorRenderer/HtmlErrorRenderer.php(341): include('/Users/ahmedmos...')
#9 /Users/ahmedmosaad/Herd/myclass2026-main/vendor/symfony/error-handler/Resources/views/exception_full.html.php(35): Symfony\Component\ErrorHandler\ErrorRenderer\HtmlErrorRenderer->include('views/exception...', Array)
#10 /Users/ahmedmosaad/Herd/myclass2026-main/vendor/symfony/error-handler/ErrorRenderer/HtmlErrorRenderer.php(341): include('/Users/ahmedmos...')
#11 /Users/ahmedmosaad/Herd/myclass2026-main/vendor/symfony/error-handler/ErrorRenderer/HtmlErrorRenderer.php(140): Symfony\Component\ErrorHandler\ErrorRenderer\HtmlErrorRenderer->include('views/exception...', Array)
#12 /Users/ahmedmosaad/Herd/myclass2026-main/vendor/symfony/error-handler/ErrorRenderer/HtmlErrorRenderer.php(72): Symfony\Component\ErrorHandler\ErrorRenderer\HtmlErrorRenderer->renderException(Object(Symfony\Component\ErrorHandler\Exception\FlattenException))
#13 /Users/ahmedmosaad/Herd/myclass2026-main/vendor/laravel/framework/src/Illuminate/Foundation/Exceptions/Handler.php(879): Symfony\Component\ErrorHandler\ErrorRenderer\HtmlErrorRenderer->render(Object(Symfony\Component\ErrorHandler\Exception\FlattenException))
#14 /Users/ahmedmosaad/Herd/myclass2026-main/vendor/laravel/framework/src/Illuminate/Foundation/Exceptions/Handler.php(853): Illuminate\Foundation\Exceptions\Handler->renderExceptionWithSymfony(Object(ErrorException), true)
#15 /Users/ahmedmosaad/Herd/myclass2026-main/vendor/laravel/framework/src/Illuminate/Foundation/Exceptions/Handler.php(828): Illuminate\Foundation\Exceptions\Handler->renderExceptionContent(Object(ErrorException))
#16 /Users/ahmedmosaad/Herd/myclass2026-main/vendor/laravel/framework/src/Illuminate/Foundation/Exceptions/Handler.php(807): Illuminate\Foundation\Exceptions\Handler->convertExceptionToResponse(Object(ErrorException))
#17 /Users/ahmedmosaad/Herd/myclass2026-main/vendor/laravel/framework/src/Illuminate/Foundation/Exceptions/Handler.php(706): Illuminate\Foundation\Exceptions\Handler->prepareResponse(Object(Illuminate\Http\Request), Object(ErrorException))
#18 /Users/ahmedmosaad/Herd/myclass2026-main/vendor/laravel/framework/src/Illuminate/Foundation/Exceptions/Handler.php(594): Illuminate\Foundation\Exceptions\Handler->renderExceptionResponse(Object(Illuminate\Http\Request), Object(ErrorException))
#19 /Users/ahmedmosaad/Herd/myclass2026-main/vendor/laravel/framework/src/Illuminate/Foundation/Bootstrap/HandleExceptions.php(219): Illuminate\Foundation\Exceptions\Handler->render(Object(Illuminate\Http\Request), Object(ErrorException))
#20 /Users/ahmedmosaad/Herd/myclass2026-main/vendor/laravel/framework/src/Illuminate/Foundation/Bootstrap/HandleExceptions.php(196): Illuminate\Foundation\Bootstrap\HandleExceptions->renderHttpResponse(Object(ErrorException))
#21 /Users/ahmedmosaad/Herd/myclass2026-main/vendor/laravel/framework/src/Illuminate/Foundation/Bootstrap/HandleExceptions.php(256): Illuminate\Foundation\Bootstrap\HandleExceptions->handleException(Object(ErrorException))
#22 [internal function]: Illuminate\Foundation\Bootstrap\HandleExceptions->{closure:Illuminate\Foundation\Bootstrap\HandleExceptions::forwardsTo():255}(Object(ErrorException))
#23 {main}
  thrown {"exception":"[object] (Symfony\\Component\\ErrorHandler\\Error\\FatalError(code: 0): Uncaught ErrorException: include(assets/images/icon-copy.svg): Failed to open stream: No such file or directory in /Users/ahmedmosaad/Herd/myclass2026-main/vendor/symfony/error-handler/ErrorRenderer/HtmlErrorRenderer.php:341
Stack trace:
#0 /Users/ahmedmosaad/Herd/myclass2026-main/vendor/laravel/framework/src/Illuminate/Foundation/Bootstrap/HandleExceptions.php(256): Illuminate\\Foundation\\Bootstrap\\HandleExceptions->handleError(2, 'include(assets/...', '/Users/ahmedmos...', 341)
#1 /Users/ahmedmosaad/Herd/myclass2026-main/vendor/symfony/error-handler/ErrorRenderer/HtmlErrorRenderer.php(341): Illuminate\\Foundation\\Bootstrap\\HandleExceptions->{closure:Illuminate\\Foundation\\Bootstrap\\HandleExceptions::forwardsTo():255}(2, 'include(assets/...', '/Users/ahmedmos...', 341)
#2 /Users/ahmedmosaad/Herd/myclass2026-main/vendor/symfony/error-handler/ErrorRenderer/HtmlErrorRenderer.php(341): include('/Users/ahmedmos...')
#3 /Users/ahmedmosaad/Herd/myclass2026-main/vendor/symfony/error-handler/Resources/views/trace.html.php(29): Symfony\\Component\\ErrorHandler\\ErrorRenderer\\HtmlErrorRenderer->include('assets/images/i...')
#4 /Users/ahmedmosaad/Herd/myclass2026-main/vendor/symfony/error-handler/ErrorRenderer/HtmlErrorRenderer.php(341): include('/Users/ahmedmos...')
#5 /Users/ahmedmosaad/Herd/myclass2026-main/vendor/symfony/error-handler/Resources/views/traces.html.php(48): Symfony\\Component\\ErrorHandler\\ErrorRenderer\\HtmlErrorRenderer->include('views/trace.htm...', Array)
#6 /Users/ahmedmosaad/Herd/myclass2026-main/vendor/symfony/error-handler/ErrorRenderer/HtmlErrorRenderer.php(341): include('/Users/ahmedmos...')
#7 /Users/ahmedmosaad/Herd/myclass2026-main/vendor/symfony/error-handler/Resources/views/exception.html.php(54): Symfony\\Component\\ErrorHandler\\ErrorRenderer\\HtmlErrorRenderer->include('views/traces.ht...', Array)
#8 /Users/ahmedmosaad/Herd/myclass2026-main/vendor/symfony/error-handler/ErrorRenderer/HtmlErrorRenderer.php(341): include('/Users/ahmedmos...')
#9 /Users/ahmedmosaad/Herd/myclass2026-main/vendor/symfony/error-handler/Resources/views/exception_full.html.php(35): Symfony\\Component\\ErrorHandler\\ErrorRenderer\\HtmlErrorRenderer->include('views/exception...', Array)
#10 /Users/ahmedmosaad/Herd/myclass2026-main/vendor/symfony/error-handler/ErrorRenderer/HtmlErrorRenderer.php(341): include('/Users/ahmedmos...')
#11 /Users/ahmedmosaad/Herd/myclass2026-main/vendor/symfony/error-handler/ErrorRenderer/HtmlErrorRenderer.php(140): Symfony\\Component\\ErrorHandler\\ErrorRenderer\\HtmlErrorRenderer->include('views/exception...', Array)
#12 /Users/ahmedmosaad/Herd/myclass2026-main/vendor/symfony/error-handler/ErrorRenderer/HtmlErrorRenderer.php(72): Symfony\\Component\\ErrorHandler\\ErrorRenderer\\HtmlErrorRenderer->renderException(Object(Symfony\\Component\\ErrorHandler\\Exception\\FlattenException))
#13 /Users/ahmedmosaad/Herd/myclass2026-main/vendor/laravel/framework/src/Illuminate/Foundation/Exceptions/Handler.php(879): Symfony\\Component\\ErrorHandler\\ErrorRenderer\\HtmlErrorRenderer->render(Object(Symfony\\Component\\ErrorHandler\\Exception\\FlattenException))
#14 /Users/ahmedmosaad/Herd/myclass2026-main/vendor/laravel/framework/src/Illuminate/Foundation/Exceptions/Handler.php(853): Illuminate\\Foundation\\Exceptions\\Handler->renderExceptionWithSymfony(Object(ErrorException), true)
#15 /Users/ahmedmosaad/Herd/myclass2026-main/vendor/laravel/framework/src/Illuminate/Foundation/Exceptions/Handler.php(828): Illuminate\\Foundation\\Exceptions\\Handler->renderExceptionContent(Object(ErrorException))
#16 /Users/ahmedmosaad/Herd/myclass2026-main/vendor/laravel/framework/src/Illuminate/Foundation/Exceptions/Handler.php(807): Illuminate\\Foundation\\Exceptions\\Handler->convertExceptionToResponse(Object(ErrorException))
#17 /Users/ahmedmosaad/Herd/myclass2026-main/vendor/laravel/framework/src/Illuminate/Foundation/Exceptions/Handler.php(706): Illuminate\\Foundation\\Exceptions\\Handler->prepareResponse(Object(Illuminate\\Http\\Request), Object(ErrorException))
#18 /Users/ahmedmosaad/Herd/myclass2026-main/vendor/laravel/framework/src/Illuminate/Foundation/Exceptions/Handler.php(594): Illuminate\\Foundation\\Exceptions\\Handler->renderExceptionResponse(Object(Illuminate\\Http\\Request), Object(ErrorException))
#19 /Users/ahmedmosaad/Herd/myclass2026-main/vendor/laravel/framework/src/Illuminate/Foundation/Bootstrap/HandleExceptions.php(219): Illuminate\\Foundation\\Exceptions\\Handler->render(Object(Illuminate\\Http\\Request), Object(ErrorException))
#20 /Users/ahmedmosaad/Herd/myclass2026-main/vendor/laravel/framework/src/Illuminate/Foundation/Bootstrap/HandleExceptions.php(196): Illuminate\\Foundation\\Bootstrap\\HandleExceptions->renderHttpResponse(Object(ErrorException))
#21 /Users/ahmedmosaad/Herd/myclass2026-main/vendor/laravel/framework/src/Illuminate/Foundation/Bootstrap/HandleExceptions.php(256): Illuminate\\Foundation\\Bootstrap\\HandleExceptions->handleException(Object(ErrorException))
#22 [internal function]: Illuminate\\Foundation\\Bootstrap\\HandleExceptions->{closure:Illuminate\\Foundation\\Bootstrap\\HandleExceptions::forwardsTo():255}(Object(ErrorException))
#23 {main}
  thrown at /Users/ahmedmosaad/Herd/myclass2026-main/vendor/symfony/error-handler/ErrorRenderer/HtmlErrorRenderer.php:341)
[stacktrace]
#0 {main}
"} 
[2026-02-07 09:20:55] local.INFO: Menu Request: {"user_id":19,"actual_role":"teacher","requested_role":"teacher","is_admin":false,"has_super_admin":true} 
[2026-02-07 09:20:55] local.INFO: Role Override Applied: teacher  
[2026-02-07 09:22:29] local.INFO: Menu Request: {"user_id":19,"actual_role":"teacher","requested_role":"teacher","is_admin":false,"has_super_admin":true} 
[2026-02-07 09:22:29] local.INFO: Role Override Applied: teacher  
[2026-02-07 09:26:47] local.INFO: Menu Request: {"user_id":19,"actual_role":"teacher","requested_role":"teacher","is_admin":false,"has_super_admin":true} 
[2026-02-07 09:26:47] local.INFO: Role Override Applied: teacher  
[2026-02-07 09:27:31] local.INFO: Menu Request: {"user_id":19,"actual_role":"teacher","requested_role":"teacher","is_admin":false,"has_super_admin":true} 
[2026-02-07 09:27:31] local.INFO: Role Override Applied: teacher  
[2026-02-07 09:27:54] local.INFO: Menu Request: {"user_id":19,"actual_role":"teacher","requested_role":"teacher","is_admin":false,"has_super_admin":true} 
[2026-02-07 09:27:54] local.INFO: Role Override Applied: teacher  
[2026-02-07 09:28:00] local.INFO: Menu Request: {"user_id":19,"actual_role":"teacher","requested_role":"teacher","is_admin":false,"has_super_admin":true} 
[2026-02-07 09:28:00] local.INFO: Role Override Applied: teacher  
[2026-02-07 09:28:51] local.INFO: Menu Request: {"user_id":19,"actual_role":"teacher","requested_role":"teacher","is_admin":false,"has_super_admin":true} 
[2026-02-07 09:28:51] local.INFO: Role Override Applied: teacher  
[2026-02-07 09:29:02] local.INFO: Menu Request: {"user_id":19,"actual_role":"teacher","requested_role":"teacher","is_admin":false,"has_super_admin":true} 
[2026-02-07 09:29:02] local.INFO: Role Override Applied: teacher  
[2026-02-07 09:29:29] local.INFO: Menu Request: {"user_id":19,"actual_role":"teacher","requested_role":"teacher","is_admin":false,"has_super_admin":true} 
[2026-02-07 09:29:29] local.INFO: Role Override Applied: teacher  
[2026-02-07 09:42:13] local.INFO: Menu Request: {"user_id":19,"actual_role":"teacher","requested_role":"teacher","is_admin":false,"has_super_admin":true} 
[2026-02-07 09:42:13] local.INFO: Role Override Applied: teacher  
[2026-02-07 10:17:29] local.INFO: Menu Request: {"user_id":19,"actual_role":"teacher","requested_role":"teacher","is_admin":false,"has_super_admin":true} 
[2026-02-07 10:17:29] local.INFO: Role Override Applied: teacher  
[2026-02-07 10:21:27] local.INFO: Menu Request: {"user_id":19,"actual_role":"teacher","requested_role":"teacher","is_admin":false,"has_super_admin":true} 
[2026-02-07 10:21:27] local.INFO: Role Override Applied: teacher  
[2026-02-07 10:21:36] local.INFO: Menu Request: {"user_id":19,"actual_role":"teacher","requested_role":"teacher","is_admin":false,"has_super_admin":true} 
[2026-02-07 10:21:36] local.INFO: Role Override Applied: teacher  
[2026-02-07 10:21:48] local.INFO: Menu Request: {"user_id":19,"actual_role":"teacher","requested_role":"teacher","is_admin":false,"has_super_admin":true} 
[2026-02-07 10:21:48] local.INFO: Role Override Applied: teacher  
[2026-02-07 10:21:58] local.INFO: Menu Request: {"user_id":19,"actual_role":"teacher","requested_role":"teacher","is_admin":false,"has_super_admin":true} 
[2026-02-07 10:21:58] local.INFO: Role Override Applied: teacher  
[2026-02-07 10:22:15] local.INFO: Menu Request: {"user_id":19,"actual_role":"teacher","requested_role":"teacher","is_admin":false,"has_super_admin":true} 
[2026-02-07 10:22:15] local.INFO: Role Override Applied: teacher  
[2026-02-07 10:22:33] local.INFO: Menu Request: {"user_id":19,"actual_role":"teacher","requested_role":"teacher","is_admin":false,"has_super_admin":true} 
[2026-02-07 10:22:33] local.INFO: Role Override Applied: teacher  
[2026-02-07 10:22:44] local.INFO: Menu Request: {"user_id":19,"actual_role":"teacher","requested_role":"teacher","is_admin":false,"has_super_admin":true} 
[2026-02-07 10:22:44] local.INFO: Role Override Applied: teacher  
[2026-02-07 10:23:15] local.INFO: Menu Request: {"user_id":19,"actual_role":"teacher","requested_role":"teacher","is_admin":false,"has_super_admin":true} 
[2026-02-07 10:23:15] local.INFO: Role Override Applied: teacher  
[2026-02-07 10:23:33] local.INFO: Menu Request: {"user_id":19,"actual_role":"teacher","requested_role":"teacher","is_admin":false,"has_super_admin":true} 
[2026-02-07 10:23:33] local.INFO: Role Override Applied: teacher  
[2026-02-07 10:23:47] local.INFO: Menu Request: {"user_id":19,"actual_role":"teacher","requested_role":"teacher","is_admin":false,"has_super_admin":true} 
[2026-02-07 10:23:47] local.INFO: Role Override Applied: teacher  
[2026-02-07 10:33:34] local.INFO: Menu Request: {"user_id":19,"actual_role":"teacher","requested_role":"teacher","is_admin":false,"has_super_admin":true} 
[2026-02-07 10:33:34] local.INFO: Role Override Applied: teacher  
[2026-02-07 10:36:19] local.INFO: Menu Request: {"user_id":19,"actual_role":"teacher","requested_role":"teacher","is_admin":false,"has_super_admin":true} 
[2026-02-07 10:36:19] local.INFO: Role Override Applied: teacher  
[2026-02-07 10:36:21] local.INFO: Menu Request: {"user_id":19,"actual_role":"teacher","requested_role":"teacher","is_admin":false,"has_super_admin":true} 
[2026-02-07 10:36:21] local.INFO: Role Override Applied: teacher  
[2026-02-07 10:36:22] local.INFO: Menu Request: {"user_id":19,"actual_role":"teacher","requested_role":"teacher","is_admin":false,"has_super_admin":true} 
[2026-02-07 10:36:22] local.INFO: Role Override Applied: teacher  
[2026-02-07 10:40:20] local.INFO: Menu Request: {"user_id":19,"actual_role":"teacher","requested_role":"teacher","is_admin":false,"has_super_admin":true} 
[2026-02-07 10:40:20] local.INFO: Role Override Applied: teacher  
[2026-02-07 10:41:22] local.INFO: Menu Request: {"user_id":19,"actual_role":"teacher","requested_role":"teacher","is_admin":false,"has_super_admin":true} 
[2026-02-07 10:41:22] local.INFO: Role Override Applied: teacher  
[2026-02-07 10:41:22] local.INFO: Menu Request: {"user_id":19,"actual_role":"teacher","requested_role":"teacher","is_admin":false,"has_super_admin":true} 
[2026-02-07 10:41:22] local.INFO: Role Override Applied: teacher  
[2026-02-07 11:36:10] local.INFO: Menu Request: {"user_id":19,"actual_role":"teacher","requested_role":"teacher","is_admin":false,"has_super_admin":true} 
[2026-02-07 11:36:10] local.INFO: Role Override Applied: teacher  
[2026-02-07 11:36:14] local.ERROR: Route [qu-student.exams.take] not defined. {"userId":19,"exception":"[object] (Symfony\\Component\\Routing\\Exception\\RouteNotFoundException(code: 0): Route [qu-student.exams.take] not defined. at /Users/ahmedmosaad/Herd/myclass2026-main/vendor/laravel/framework/src/Illuminate/Routing/UrlGenerator.php:527)
[stacktrace]
#0 /Users/ahmedmosaad/Herd/myclass2026-main/vendor/laravel/framework/src/Illuminate/Routing/Redirector.php(154): Illuminate\\Routing\\UrlGenerator->route('qu-student.exam...', Array)
#1 /Users/ahmedmosaad/Herd/myclass2026-main/app/Http/Controllers/QuExamController.php(704): Illuminate\\Routing\\Redirector->route('qu-student.exam...', Array)
#2 /Users/ahmedmosaad/Herd/myclass2026-main/vendor/laravel/framework/src/Illuminate/Routing/ControllerDispatcher.php(47): App\\Http\\Controllers\\QuExamController->startExam(Object(App\\Models\\QuExam))
#3 /Users/ahmedmosaad/Herd/myclass2026-main/vendor/laravel/framework/src/Illuminate/Routing/Route.php(266): Illuminate\\Routing\\ControllerDispatcher->dispatch(Object(Illuminate\\Routing\\Route), Object(App\\Http\\Controllers\\QuExamController), 'startExam')
#4 /Users/ahmedmosaad/Herd/myclass2026-main/vendor/laravel/framework/src/Illuminate/Routing/Route.php(212): Illuminate\\Routing\\Route->runController()
#5 /Users/ahmedmosaad/Herd/myclass2026-main/vendor/laravel/framework/src/Illuminate/Routing/Router.php(808): Illuminate\\Routing\\Route->run()
#6 /Users/ahmedmosaad/Herd/myclass2026-main/vendor/laravel/framework/src/Illuminate/Pipeline/Pipeline.php(170): Illuminate\\Routing\\Router->{closure:Illuminate\\Routing\\Router::runRouteWithinStack():807}(Object(Illuminate\\Http\\Request))
#7 /Users/ahmedmosaad/Herd/myclass2026-main/vendor/laravel/framework/src/Illuminate/Auth/Middleware/EnsureEmailIsVerified.php(41): Illuminate\\Pipeline\\Pipeline->{closure:Illuminate\\Pipeline\\Pipeline::prepareDestination():168}(Object(Illuminate\\Http\\Request))
#8 /Users/ahmedmosaad/Herd/myclass2026-main/vendor/laravel/framework/src/Illuminate/Pipeline/Pipeline.php(209): Illuminate\\Auth\\Middleware\\EnsureEmailIsVerified->handle(Object(Illuminate\\Http\\Request), Object(Closure))
#9 /Users/ahmedmosaad/Herd/myclass2026-main/app/Http/Middleware/TrackLastActive.php(28): Illuminate\\Pipeline\\Pipeline->{closure:{closure:Illuminate\\Pipeline\\Pipeline::carry():184}:185}(Object(Illuminate\\Http\\Request))
#10 /Users/ahmedmosaad/Herd/myclass2026-main/vendor/laravel/framework/src/Illuminate/Pipeline/Pipeline.php(209): App\\Http\\Middleware\\TrackLastActive->handle(Object(Illuminate\\Http\\Request), Object(Closure))
#11 /Users/ahmedmosaad/Herd/myclass2026-main/app/Http/Middleware/LogPageVisit.php(23): Illuminate\\Pipeline\\Pipeline->{closure:{closure:Illuminate\\Pipeline\\Pipeline::carry():184}:185}(Object(Illuminate\\Http\\Request))
#12 /Users/ahmedmosaad/Herd/myclass2026-main/vendor/laravel/framework/src/Illuminate/Pipeline/Pipeline.php(209): App\\Http\\Middleware\\LogPageVisit->handle(Object(Illuminate\\Http\\Request), Object(Closure))
#13 /Users/ahmedmosaad/Herd/myclass2026-main/vendor/laravel/framework/src/Illuminate/Http/Middleware/AddLinkHeadersForPreloadedAssets.php(20): Illuminate\\Pipeline\\Pipeline->{closure:{closure:Illuminate\\Pipeline\\Pipeline::carry():184}:185}(Object(Illuminate\\Http\\Request))
#14 /Users/ahmedmosaad/Herd/myclass2026-main/vendor/laravel/framework/src/Illuminate/Pipeline/Pipeline.php(209): Illuminate\\Http\\Middleware\\AddLinkHeadersForPreloadedAssets->handle(Object(Illuminate\\Http\\Request), Object(Closure))
#15 /Users/ahmedmosaad/Herd/myclass2026-main/vendor/inertiajs/inertia-laravel/src/Middleware.php(86): Illuminate\\Pipeline\\Pipeline->{closure:{closure:Illuminate\\Pipeline\\Pipeline::carry():184}:185}(Object(Illuminate\\Http\\Request))
#16 /Users/ahmedmosaad/Herd/myclass2026-main/app/Http/Middleware/HandleInertiaRequests.php(94): Inertia\\Middleware->handle(Object(Illuminate\\Http\\Request), Object(Closure))
#17 /Users/ahmedmosaad/Herd/myclass2026-main/vendor/laravel/framework/src/Illuminate/Pipeline/Pipeline.php(209): App\\Http\\Middleware\\HandleInertiaRequests->handle(Object(Illuminate\\Http\\Request), Object(Closure))
#18 /Users/ahmedmosaad/Herd/myclass2026-main/vendor/laravel/jetstream/src/Http/Middleware/ShareInertiaData.php(69): Illuminate\\Pipeline\\Pipeline->{closure:{closure:Illuminate\\Pipeline\\Pipeline::carry():184}:185}(Object(Illuminate\\Http\\Request))
#19 /Users/ahmedmosaad/Herd/myclass2026-main/vendor/laravel/framework/src/Illuminate/Pipeline/Pipeline.php(209): Laravel\\Jetstream\\Http\\Middleware\\ShareInertiaData->handle(Object(Illuminate\\Http\\Request), Object(Closure))
#20 /Users/ahmedmosaad/Herd/myclass2026-main/vendor/laravel/framework/src/Illuminate/Routing/Middleware/SubstituteBindings.php(51): Illuminate\\Pipeline\\Pipeline->{closure:{closure:Illuminate\\Pipeline\\Pipeline::carry():184}:185}(Object(Illuminate\\Http\\Request))
#21 /Users/ahmedmosaad/Herd/myclass2026-main/vendor/laravel/framework/src/Illuminate/Pipeline/Pipeline.php(209): Illuminate\\Routing\\Middleware\\SubstituteBindings->handle(Object(Illuminate\\Http\\Request), Object(Closure))
#22 /Users/ahmedmosaad/Herd/myclass2026-main/vendor/laravel/framework/src/Illuminate/Session/Middleware/AuthenticateSession.php(67): Illuminate\\Pipeline\\Pipeline->{closure:{closure:Illuminate\\Pipeline\\Pipeline::carry():184}:185}(Object(Illuminate\\Http\\Request))
#23 /Users/ahmedmosaad/Herd/myclass2026-main/vendor/laravel/framework/src/Illuminate/Pipeline/Pipeline.php(209): Illuminate\\Session\\Middleware\\AuthenticateSession->handle(Object(Illuminate\\Http\\Request), Object(Closure))
#24 /Users/ahmedmosaad/Herd/myclass2026-main/vendor/laravel/framework/src/Illuminate/Auth/Middleware/Authenticate.php(64): Illuminate\\Pipeline\\Pipeline->{closure:{closure:Illuminate\\Pipeline\\Pipeline::carry():184}:185}(Object(Illuminate\\Http\\Request))
#25 /Users/ahmedmosaad/Herd/myclass2026-main/vendor/laravel/framework/src/Illuminate/Pipeline/Pipeline.php(209): Illuminate\\Auth\\Middleware\\Authenticate->handle(Object(Illuminate\\Http\\Request), Object(Closure), 'sanctum')
#26 /Users/ahmedmosaad/Herd/myclass2026-main/vendor/laravel/framework/src/Illuminate/Foundation/Http/Middleware/VerifyCsrfToken.php(88): Illuminate\\Pipeline\\Pipeline->{closure:{closure:Illuminate\\Pipeline\\Pipeline::carry():184}:185}(Object(Illuminate\\Http\\Request))
#27 /Users/ahmedmosaad/Herd/myclass2026-main/vendor/laravel/framework/src/Illuminate/Pipeline/Pipeline.php(209): Illuminate\\Foundation\\Http\\Middleware\\VerifyCsrfToken->handle(Object(Illuminate\\Http\\Request), Object(Closure))
#28 /Users/ahmedmosaad/Herd/myclass2026-main/vendor/laravel/framework/src/Illuminate/View/Middleware/ShareErrorsFromSession.php(49): Illuminate\\Pipeline\\Pipeline->{closure:{closure:Illuminate\\Pipeline\\Pipeline::carry():184}:185}(Object(Illuminate\\Http\\Request))
#29 /Users/ahmedmosaad/Herd/myclass2026-main/vendor/laravel/framework/src/Illuminate/Pipeline/Pipeline.php(209): Illuminate\\View\\Middleware\\ShareErrorsFromSession->handle(Object(Illuminate\\Http\\Request), Object(Closure))
#30 /Users/ahmedmosaad/Herd/myclass2026-main/vendor/laravel/framework/src/Illuminate/Session/Middleware/StartSession.php(121): Illuminate\\Pipeline\\Pipeline->{closure:{closure:Illuminate\\Pipeline\\Pipeline::carry():184}:185}(Object(Illuminate\\Http\\Request))
#31 /Users/ahmedmosaad/Herd/myclass2026-main/vendor/laravel/framework/src/Illuminate/Session/Middleware/StartSession.php(64): Illuminate\\Session\\Middleware\\StartSession->handleStatefulRequest(Object(Illuminate\\Http\\Request), Object(Illuminate\\Session\\Store), Object(Closure))
#32 /Users/ahmedmosaad/Herd/myclass2026-main/vendor/laravel/framework/src/Illuminate/Pipeline/Pipeline.php(209): Illuminate\\Session\\Middleware\\StartSession->handle(Object(Illuminate\\Http\\Request), Object(Closure))
#33 /Users/ahmedmosaad/Herd/myclass2026-main/vendor/laravel/framework/src/Illuminate/Cookie/Middleware/AddQueuedCookiesToResponse.php(37): Illuminate\\Pipeline\\Pipeline->{closure:{closure:Illuminate\\Pipeline\\Pipeline::carry():184}:185}(Object(Illuminate\\Http\\Request))
#34 /Users/ahmedmosaad/Herd/myclass2026-main/vendor/laravel/framework/src/Illuminate/Pipeline/Pipeline.php(209): Illuminate\\Cookie\\Middleware\\AddQueuedCookiesToResponse->handle(Object(Illuminate\\Http\\Request), Object(Closure))
#35 /Users/ahmedmosaad/Herd/myclass2026-main/vendor/laravel/framework/src/Illuminate/Cookie/Middleware/EncryptCookies.php(75): Illuminate\\Pipeline\\Pipeline->{closure:{closure:Illuminate\\Pipeline\\Pipeline::carry():184}:185}(Object(Illuminate\\Http\\Request))
#36 /Users/ahmedmosaad/Herd/myclass2026-main/vendor/laravel/framework/src/Illuminate/Pipeline/Pipeline.php(209): Illuminate\\Cookie\\Middleware\\EncryptCookies->handle(Object(Illuminate\\Http\\Request), Object(Closure))
#37 /Users/ahmedmosaad/Herd/myclass2026-main/vendor/laravel/framework/src/Illuminate/Pipeline/Pipeline.php(127): Illuminate\\Pipeline\\Pipeline->{closure:{closure:Illuminate\\Pipeline\\Pipeline::carry():184}:185}(Object(Illuminate\\Http\\Request))
#38 /Users/ahmedmosaad/Herd/myclass2026-main/vendor/laravel/framework/src/Illuminate/Routing/Router.php(807): Illuminate\\Pipeline\\Pipeline->then(Object(Closure))
#39 /Users/ahmedmosaad/Herd/myclass2026-main/vendor/laravel/framework/src/Illuminate/Routing/Router.php(786): Illuminate\\Routing\\Router->runRouteWithinStack(Object(Illuminate\\Routing\\Route), Object(Illuminate\\Http\\Request))
#40 /Users/ahmedmosaad/Herd/myclass2026-main/vendor/laravel/framework/src/Illuminate/Routing/Router.php(750): Illuminate\\Routing\\Router->runRoute(Object(Illuminate\\Http\\Request), Object(Illuminate\\Routing\\Route))
#41 /Users/ahmedmosaad/Herd/myclass2026-main/vendor/laravel/framework/src/Illuminate/Routing/Router.php(739): Illuminate\\Routing\\Router->dispatchToRoute(Object(Illuminate\\Http\\Request))
#42 /Users/ahmedmosaad/Herd/myclass2026-main/vendor/laravel/framework/src/Illuminate/Foundation/Http/Kernel.php(201): Illuminate\\Routing\\Router->dispatch(Object(Illuminate\\Http\\Request))
#43 /Users/ahmedmosaad/Herd/myclass2026-main/vendor/laravel/framework/src/Illuminate/Pipeline/Pipeline.php(170): Illuminate\\Foundation\\Http\\Kernel->{closure:Illuminate\\Foundation\\Http\\Kernel::dispatchToRouter():198}(Object(Illuminate\\Http\\Request))
#44 /Users/ahmedmosaad/Herd/myclass2026-main/vendor/laravel/framework/src/Illuminate/Foundation/Http/Middleware/TransformsRequest.php(21): Illuminate\\Pipeline\\Pipeline->{closure:Illuminate\\Pipeline\\Pipeline::prepareDestination():168}(Object(Illuminate\\Http\\Request))
#45 /Users/ahmedmosaad/Herd/myclass2026-main/vendor/laravel/framework/src/Illuminate/Foundation/Http/Middleware/ConvertEmptyStringsToNull.php(31): Illuminate\\Foundation\\Http\\Middleware\\TransformsRequest->handle(Object(Illuminate\\Http\\Request), Object(Closure))
#46 /Users/ahmedmosaad/Herd/myclass2026-main/vendor/laravel/framework/src/Illuminate/Pipeline/Pipeline.php(209): Illuminate\\Foundation\\Http\\Middleware\\ConvertEmptyStringsToNull->handle(Object(Illuminate\\Http\\Request), Object(Closure))
#47 /Users/ahmedmosaad/Herd/myclass2026-main/vendor/laravel/framework/src/Illuminate/Foundation/Http/Middleware/TransformsRequest.php(21): Illuminate\\Pipeline\\Pipeline->{closure:{closure:Illuminate\\Pipeline\\Pipeline::carry():184}:185}(Object(Illuminate\\Http\\Request))
#48 /Users/ahmedmosaad/Herd/myclass2026-main/vendor/laravel/framework/src/Illuminate/Foundation/Http/Middleware/TrimStrings.php(51): Illuminate\\Foundation\\Http\\Middleware\\TransformsRequest->handle(Object(Illuminate\\Http\\Request), Object(Closure))
#49 /Users/ahmedmosaad/Herd/myclass2026-main/vendor/laravel/framework/src/Illuminate/Pipeline/Pipeline.php(209): Illuminate\\Foundation\\Http\\Middleware\\TrimStrings->handle(Object(Illuminate\\Http\\Request), Object(Closure))
#50 /Users/ahmedmosaad/Herd/myclass2026-main/vendor/laravel/framework/src/Illuminate/Http/Middleware/ValidatePostSize.php(27): Illuminate\\Pipeline\\Pipeline->{closure:{closure:Illuminate\\Pipeline\\Pipeline::carry():184}:185}(Object(Illuminate\\Http\\Request))
#51 /Users/ahmedmosaad/Herd/myclass2026-main/vendor/laravel/framework/src/Illuminate/Pipeline/Pipeline.php(209): Illuminate\\Http\\Middleware\\ValidatePostSize->handle(Object(Illuminate\\Http\\Request), Object(Closure))
#52 /Users/ahmedmosaad/Herd/myclass2026-main/vendor/laravel/framework/src/Illuminate/Foundation/Http/Middleware/PreventRequestsDuringMaintenance.php(110): Illuminate\\Pipeline\\Pipeline->{closure:{closure:Illuminate\\Pipeline\\Pipeline::carry():184}:185}(Object(Illuminate\\Http\\Request))
#53 /Users/ahmedmosaad/Herd/myclass2026-main/vendor/laravel/framework/src/Illuminate/Pipeline/Pipeline.php(209): Illuminate\\Foundation\\Http\\Middleware\\PreventRequestsDuringMaintenance->handle(Object(Illuminate\\Http\\Request), Object(Closure))
#54 /Users/ahmedmosaad/Herd/myclass2026-main/vendor/laravel/framework/src/Illuminate/Http/Middleware/HandleCors.php(49): Illuminate\\Pipeline\\Pipeline->{closure:{closure:Illuminate\\Pipeline\\Pipeline::carry():184}:185}(Object(Illuminate\\Http\\Request))
#55 /Users/ahmedmosaad/Herd/myclass2026-main/vendor/laravel/framework/src/Illuminate/Pipeline/Pipeline.php(209): Illuminate\\Http\\Middleware\\HandleCors->handle(Object(Illuminate\\Http\\Request), Object(Closure))
#56 /Users/ahmedmosaad/Herd/myclass2026-main/vendor/laravel/framework/src/Illuminate/Http/Middleware/TrustProxies.php(58): Illuminate\\Pipeline\\Pipeline->{closure:{closure:Illuminate\\Pipeline\\Pipeline::carry():184}:185}(Object(Illuminate\\Http\\Request))
#57 /Users/ahmedmosaad/Herd/myclass2026-main/vendor/laravel/framework/src/Illuminate/Pipeline/Pipeline.php(209): Illuminate\\Http\\Middleware\\TrustProxies->handle(Object(Illuminate\\Http\\Request), Object(Closure))
#58 /Users/ahmedmosaad/Herd/myclass2026-main/vendor/laravel/framework/src/Illuminate/Foundation/Http/Middleware/InvokeDeferredCallbacks.php(22): Illuminate\\Pipeline\\Pipeline->{closure:{closure:Illuminate\\Pipeline\\Pipeline::carry():184}:185}(Object(Illuminate\\Http\\Request))
#59 /Users/ahmedmosaad/Herd/myclass2026-main/vendor/laravel/framework/src/Illuminate/Pipeline/Pipeline.php(209): Illuminate\\Foundation\\Http\\Middleware\\InvokeDeferredCallbacks->handle(Object(Illuminate\\Http\\Request), Object(Closure))
#60 /Users/ahmedmosaad/Herd/myclass2026-main/vendor/laravel/framework/src/Illuminate/Http/Middleware/ValidatePathEncoding.php(26): Illuminate\\Pipeline\\Pipeline->{closure:{closure:Illuminate\\Pipeline\\Pipeline::carry():184}:185}(Object(Illuminate\\Http\\Request))
#61 /Users/ahmedmosaad/Herd/myclass2026-main/vendor/laravel/framework/src/Illuminate/Pipeline/Pipeline.php(209): Illuminate\\Http\\Middleware\\ValidatePathEncoding->handle(Object(Illuminate\\Http\\Request), Object(Closure))
#62 /Users/ahmedmosaad/Herd/myclass2026-main/vendor/laravel/framework/src/Illuminate/Pipeline/Pipeline.php(127): Illuminate\\Pipeline\\Pipeline->{closure:{closure:Illuminate\\Pipeline\\Pipeline::carry():184}:185}(Object(Illuminate\\Http\\Request))
#63 /Users/ahmedmosaad/Herd/myclass2026-main/vendor/laravel/framework/src/Illuminate/Foundation/Http/Kernel.php(176): Illuminate\\Pipeline\\Pipeline->then(Object(Closure))
#64 /Users/ahmedmosaad/Herd/myclass2026-main/vendor/laravel/framework/src/Illuminate/Foundation/Http/Kernel.php(145): Illuminate\\Foundation\\Http\\Kernel->sendRequestThroughRouter(Object(Illuminate\\Http\\Request))
#65 /Users/ahmedmosaad/Herd/myclass2026-main/vendor/laravel/framework/src/Illuminate/Foundation/Application.php(1220): Illuminate\\Foundation\\Http\\Kernel->handle(Object(Illuminate\\Http\\Request))
#66 /Users/ahmedmosaad/Herd/myclass2026-main/public/index.php(20): Illuminate\\Foundation\\Application->handleRequest(Object(Illuminate\\Http\\Request))
#67 /Users/ahmedmosaad/Herd/myclass2026-main/vendor/laravel/framework/src/Illuminate/Foundation/resources/server.php(23): require_once('/Users/ahmedmos...')
#68 {main}
"} 
[2026-02-07 11:36:14] local.ERROR: include(assets/images/icon-copy.svg): Failed to open stream: No such file or directory {"userId":19,"exception":"[object] (ErrorException(code: 0): include(assets/images/icon-copy.svg): Failed to open stream: No such file or directory at /Users/ahmedmosaad/Herd/myclass2026-main/vendor/symfony/error-handler/ErrorRenderer/HtmlErrorRenderer.php:341)
[stacktrace]
#0 /Users/ahmedmosaad/Herd/myclass2026-main/vendor/laravel/framework/src/Illuminate/Foundation/Bootstrap/HandleExceptions.php(256): Illuminate\\Foundation\\Bootstrap\\HandleExceptions->handleError(2, 'include(assets/...', '/Users/ahmedmos...', 341)
#1 /Users/ahmedmosaad/Herd/myclass2026-main/vendor/symfony/error-handler/ErrorRenderer/HtmlErrorRenderer.php(341): Illuminate\\Foundation\\Bootstrap\\HandleExceptions->{closure:Illuminate\\Foundation\\Bootstrap\\HandleExceptions::forwardsTo():255}(2, 'include(assets/...', '/Users/ahmedmos...', 341)
#2 /Users/ahmedmosaad/Herd/myclass2026-main/vendor/symfony/error-handler/ErrorRenderer/HtmlErrorRenderer.php(341): include('/Users/ahmedmos...')
#3 /Users/ahmedmosaad/Herd/myclass2026-main/vendor/symfony/error-handler/Resources/views/trace.html.php(29): Symfony\\Component\\ErrorHandler\\ErrorRenderer\\HtmlErrorRenderer->include('assets/images/i...')
#4 /Users/ahmedmosaad/Herd/myclass2026-main/vendor/symfony/error-handler/ErrorRenderer/HtmlErrorRenderer.php(341): include('/Users/ahmedmos...')
#5 /Users/ahmedmosaad/Herd/myclass2026-main/vendor/symfony/error-handler/Resources/views/traces.html.php(48): Symfony\\Component\\ErrorHandler\\ErrorRenderer\\HtmlErrorRenderer->include('views/trace.htm...', Array)
#6 /Users/ahmedmosaad/Herd/myclass2026-main/vendor/symfony/error-handler/ErrorRenderer/HtmlErrorRenderer.php(341): include('/Users/ahmedmos...')
#7 /Users/ahmedmosaad/Herd/myclass2026-main/vendor/symfony/error-handler/Resources/views/exception.html.php(54): Symfony\\Component\\ErrorHandler\\ErrorRenderer\\HtmlErrorRenderer->include('views/traces.ht...', Array)
#8 /Users/ahmedmosaad/Herd/myclass2026-main/vendor/symfony/error-handler/ErrorRenderer/HtmlErrorRenderer.php(341): include('/Users/ahmedmos...')
#9 /Users/ahmedmosaad/Herd/myclass2026-main/vendor/symfony/error-handler/Resources/views/exception_full.html.php(35): Symfony\\Component\\ErrorHandler\\ErrorRenderer\\HtmlErrorRenderer->include('views/exception...', Array)
#10 /Users/ahmedmosaad/Herd/myclass2026-main/vendor/symfony/error-handler/ErrorRenderer/HtmlErrorRenderer.php(341): include('/Users/ahmedmos...')
#11 /Users/ahmedmosaad/Herd/myclass2026-main/vendor/symfony/error-handler/ErrorRenderer/HtmlErrorRenderer.php(140): Symfony\\Component\\ErrorHandler\\ErrorRenderer\\HtmlErrorRenderer->include('views/exception...', Array)
#12 /Users/ahmedmosaad/Herd/myclass2026-main/vendor/symfony/error-handler/ErrorRenderer/HtmlErrorRenderer.php(72): Symfony\\Component\\ErrorHandler\\ErrorRenderer\\HtmlErrorRenderer->renderException(Object(Symfony\\Component\\ErrorHandler\\Exception\\FlattenException))
#13 /Users/ahmedmosaad/Herd/myclass2026-main/vendor/laravel/framework/src/Illuminate/Foundation/Exceptions/Handler.php(879): Symfony\\Component\\ErrorHandler\\ErrorRenderer\\HtmlErrorRenderer->render(Object(Symfony\\Component\\ErrorHandler\\Exception\\FlattenException))
#14 /Users/ahmedmosaad/Herd/myclass2026-main/vendor/laravel/framework/src/Illuminate/Foundation/Exceptions/Handler.php(853): Illuminate\\Foundation\\Exceptions\\Handler->renderExceptionWithSymfony(Object(ErrorException), true)
#15 /Users/ahmedmosaad/Herd/myclass2026-main/vendor/laravel/framework/src/Illuminate/Foundation/Exceptions/Handler.php(828): Illuminate\\Foundation\\Exceptions\\Handler->renderExceptionContent(Object(ErrorException))
#16 /Users/ahmedmosaad/Herd/myclass2026-main/vendor/laravel/framework/src/Illuminate/Foundation/Exceptions/Handler.php(807): Illuminate\\Foundation\\Exceptions\\Handler->convertExceptionToResponse(Object(Symfony\\Component\\Routing\\Exception\\RouteNotFoundException))
#17 /Users/ahmedmosaad/Herd/myclass2026-main/vendor/laravel/framework/src/Illuminate/Foundation/Exceptions/Handler.php(706): Illuminate\\Foundation\\Exceptions\\Handler->prepareResponse(Object(Illuminate\\Http\\Request), Object(Symfony\\Component\\Routing\\Exception\\RouteNotFoundException))
#18 /Users/ahmedmosaad/Herd/myclass2026-main/vendor/laravel/framework/src/Illuminate/Foundation/Exceptions/Handler.php(594): Illuminate\\Foundation\\Exceptions\\Handler->renderExceptionResponse(Object(Illuminate\\Http\\Request), Object(Symfony\\Component\\Routing\\Exception\\RouteNotFoundException))
#19 /Users/ahmedmosaad/Herd/myclass2026-main/vendor/laravel/framework/src/Illuminate/Routing/Pipeline.php(51): Illuminate\\Foundation\\Exceptions\\Handler->render(Object(Illuminate\\Http\\Request), Object(Symfony\\Component\\Routing\\Exception\\RouteNotFoundException))
#20 /Users/ahmedmosaad/Herd/myclass2026-main/vendor/laravel/framework/src/Illuminate/Pipeline/Pipeline.php(172): Illuminate\\Routing\\Pipeline->handleException(Object(Illuminate\\Http\\Request), Object(Symfony\\Component\\Routing\\Exception\\RouteNotFoundException))
#21 /Users/ahmedmosaad/Herd/myclass2026-main/vendor/laravel/framework/src/Illuminate/Auth/Middleware/EnsureEmailIsVerified.php(41): Illuminate\\Pipeline\\Pipeline->{closure:Illuminate\\Pipeline\\Pipeline::prepareDestination():168}(Object(Illuminate\\Http\\Request))
#22 /Users/ahmedmosaad/Herd/myclass2026-main/vendor/laravel/framework/src/Illuminate/Pipeline/Pipeline.php(209): Illuminate\\Auth\\Middleware\\EnsureEmailIsVerified->handle(Object(Illuminate\\Http\\Request), Object(Closure))
#23 /Users/ahmedmosaad/Herd/myclass2026-main/app/Http/Middleware/TrackLastActive.php(28): Illuminate\\Pipeline\\Pipeline->{closure:{closure:Illuminate\\Pipeline\\Pipeline::carry():184}:185}(Object(Illuminate\\Http\\Request))
#24 /Users/ahmedmosaad/Herd/myclass2026-main/vendor/laravel/framework/src/Illuminate/Pipeline/Pipeline.php(209): App\\Http\\Middleware\\TrackLastActive->handle(Object(Illuminate\\Http\\Request), Object(Closure))
#25 /Users/ahmedmosaad/Herd/myclass2026-main/app/Http/Middleware/LogPageVisit.php(23): Illuminate\\Pipeline\\Pipeline->{closure:{closure:Illuminate\\Pipeline\\Pipeline::carry():184}:185}(Object(Illuminate\\Http\\Request))
#26 /Users/ahmedmosaad/Herd/myclass2026-main/vendor/laravel/framework/src/Illuminate/Pipeline/Pipeline.php(209): App\\Http\\Middleware\\LogPageVisit->handle(Object(Illuminate\\Http\\Request), Object(Closure))
#27 /Users/ahmedmosaad/Herd/myclass2026-main/vendor/laravel/framework/src/Illuminate/Http/Middleware/AddLinkHeadersForPreloadedAssets.php(20): Illuminate\\Pipeline\\Pipeline->{closure:{closure:Illuminate\\Pipeline\\Pipeline::carry():184}:185}(Object(Illuminate\\Http\\Request))
#28 /Users/ahmedmosaad/Herd/myclass2026-main/vendor/laravel/framework/src/Illuminate/Pipeline/Pipeline.php(209): Illuminate\\Http\\Middleware\\AddLinkHeadersForPreloadedAssets->handle(Object(Illuminate\\Http\\Request), Object(Closure))
#29 /Users/ahmedmosaad/Herd/myclass2026-main/vendor/inertiajs/inertia-laravel/src/Middleware.php(86): Illuminate\\Pipeline\\Pipeline->{closure:{closure:Illuminate\\Pipeline\\Pipeline::carry():184}:185}(Object(Illuminate\\Http\\Request))
#30 /Users/ahmedmosaad/Herd/myclass2026-main/app/Http/Middleware/HandleInertiaRequests.php(94): Inertia\\Middleware->handle(Object(Illuminate\\Http\\Request), Object(Closure))
#31 /Users/ahmedmosaad/Herd/myclass2026-main/vendor/laravel/framework/src/Illuminate/Pipeline/Pipeline.php(209): App\\Http\\Middleware\\HandleInertiaRequests->handle(Object(Illuminate\\Http\\Request), Object(Closure))
#32 /Users/ahmedmosaad/Herd/myclass2026-main/vendor/laravel/jetstream/src/Http/Middleware/ShareInertiaData.php(69): Illuminate\\Pipeline\\Pipeline->{closure:{closure:Illuminate\\Pipeline\\Pipeline::carry():184}:185}(Object(Illuminate\\Http\\Request))
#33 /Users/ahmedmosaad/Herd/myclass2026-main/vendor/laravel/framework/src/Illuminate/Pipeline/Pipeline.php(209): Laravel\\Jetstream\\Http\\Middleware\\ShareInertiaData->handle(Object(Illuminate\\Http\\Request), Object(Closure))
#34 /Users/ahmedmosaad/Herd/myclass2026-main/vendor/laravel/framework/src/Illuminate/Routing/Middleware/SubstituteBindings.php(51): Illuminate\\Pipeline\\Pipeline->{closure:{closure:Illuminate\\Pipeline\\Pipeline::carry():184}:185}(Object(Illuminate\\Http\\Request))
#35 /Users/ahmedmosaad/Herd/myclass2026-main/vendor/laravel/framework/src/Illuminate/Pipeline/Pipeline.php(209): Illuminate\\Routing\\Middleware\\SubstituteBindings->handle(Object(Illuminate\\Http\\Request), Object(Closure))
#36 /Users/ahmedmosaad/Herd/myclass2026-main/vendor/laravel/framework/src/Illuminate/Session/Middleware/AuthenticateSession.php(67): Illuminate\\Pipeline\\Pipeline->{closure:{closure:Illuminate\\Pipeline\\Pipeline::carry():184}:185}(Object(Illuminate\\Http\\Request))
#37 /Users/ahmedmosaad/Herd/myclass2026-main/vendor/laravel/framework/src/Illuminate/Pipeline/Pipeline.php(209): Illuminate\\Session\\Middleware\\AuthenticateSession->handle(Object(Illuminate\\Http\\Request), Object(Closure))
#38 /Users/ahmedmosaad/Herd/myclass2026-main/vendor/laravel/framework/src/Illuminate/Auth/Middleware/Authenticate.php(64): Illuminate\\Pipeline\\Pipeline->{closure:{closure:Illuminate\\Pipeline\\Pipeline::carry():184}:185}(Object(Illuminate\\Http\\Request))
#39 /Users/ahmedmosaad/Herd/myclass2026-main/vendor/laravel/framework/src/Illuminate/Pipeline/Pipeline.php(209): Illuminate\\Auth\\Middleware\\Authenticate->handle(Object(Illuminate\\Http\\Request), Object(Closure), 'sanctum')
#40 /Users/ahmedmosaad/Herd/myclass2026-main/vendor/laravel/framework/src/Illuminate/Foundation/Http/Middleware/VerifyCsrfToken.php(88): Illuminate\\Pipeline\\Pipeline->{closure:{closure:Illuminate\\Pipeline\\Pipeline::carry():184}:185}(Object(Illuminate\\Http\\Request))
#41 /Users/ahmedmosaad/Herd/myclass2026-main/vendor/laravel/framework/src/Illuminate/Pipeline/Pipeline.php(209): Illuminate\\Foundation\\Http\\Middleware\\VerifyCsrfToken->handle(Object(Illuminate\\Http\\Request), Object(Closure))
#42 /Users/ahmedmosaad/Herd/myclass2026-main/vendor/laravel/framework/src/Illuminate/View/Middleware/ShareErrorsFromSession.php(49): Illuminate\\Pipeline\\Pipeline->{closure:{closure:Illuminate\\Pipeline\\Pipeline::carry():184}:185}(Object(Illuminate\\Http\\Request))
#43 /Users/ahmedmosaad/Herd/myclass2026-main/vendor/laravel/framework/src/Illuminate/Pipeline/Pipeline.php(209): Illuminate\\View\\Middleware\\ShareErrorsFromSession->handle(Object(Illuminate\\Http\\Request), Object(Closure))
#44 /Users/ahmedmosaad/Herd/myclass2026-main/vendor/laravel/framework/src/Illuminate/Session/Middleware/StartSession.php(121): Illuminate\\Pipeline\\Pipeline->{closure:{closure:Illuminate\\Pipeline\\Pipeline::carry():184}:185}(Object(Illuminate\\Http\\Request))
#45 /Users/ahmedmosaad/Herd/myclass2026-main/vendor/laravel/framework/src/Illuminate/Session/Middleware/StartSession.php(64): Illuminate\\Session\\Middleware\\StartSession->handleStatefulRequest(Object(Illuminate\\Http\\Request), Object(Illuminate\\Session\\Store), Object(Closure))
#46 /Users/ahmedmosaad/Herd/myclass2026-main/vendor/laravel/framework/src/Illuminate/Pipeline/Pipeline.php(209): Illuminate\\Session\\Middleware\\StartSession->handle(Object(Illuminate\\Http\\Request), Object(Closure))
#47 /Users/ahmedmosaad/Herd/myclass2026-main/vendor/laravel/framework/src/Illuminate/Cookie/Middleware/AddQueuedCookiesToResponse.php(37): Illuminate\\Pipeline\\Pipeline->{closure:{closure:Illuminate\\Pipeline\\Pipeline::carry():184}:185}(Object(Illuminate\\Http\\Request))
#48 /Users/ahmedmosaad/Herd/myclass2026-main/vendor/laravel/framework/src/Illuminate/Pipeline/Pipeline.php(209): Illuminate\\Cookie\\Middleware\\AddQueuedCookiesToResponse->handle(Object(Illuminate\\Http\\Request), Object(Closure))
#49 /Users/ahmedmosaad/Herd/myclass2026-main/vendor/laravel/framework/src/Illuminate/Cookie/Middleware/EncryptCookies.php(75): Illuminate\\Pipeline\\Pipeline->{closure:{closure:Illuminate\\Pipeline\\Pipeline::carry():184}:185}(Object(Illuminate\\Http\\Request))
#50 /Users/ahmedmosaad/Herd/myclass2026-main/vendor/laravel/framework/src/Illuminate/Pipeline/Pipeline.php(209): Illuminate\\Cookie\\Middleware\\EncryptCookies->handle(Object(Illuminate\\Http\\Request), Object(Closure))
#51 /Users/ahmedmosaad/Herd/myclass2026-main/vendor/laravel/framework/src/Illuminate/Pipeline/Pipeline.php(127): Illuminate\\Pipeline\\Pipeline->{closure:{closure:Illuminate\\Pipeline\\Pipeline::carry():184}:185}(Object(Illuminate\\Http\\Request))
#52 /Users/ahmedmosaad/Herd/myclass2026-main/vendor/laravel/framework/src/Illuminate/Routing/Router.php(807): Illuminate\\Pipeline\\Pipeline->then(Object(Closure))
#53 /Users/ahmedmosaad/Herd/myclass2026-main/vendor/laravel/framework/src/Illuminate/Routing/Router.php(786): Illuminate\\Routing\\Router->runRouteWithinStack(Object(Illuminate\\Routing\\Route), Object(Illuminate\\Http\\Request))
#54 /Users/ahmedmosaad/Herd/myclass2026-main/vendor/laravel/framework/src/Illuminate/Routing/Router.php(750): Illuminate\\Routing\\Router->runRoute(Object(Illuminate\\Http\\Request), Object(Illuminate\\Routing\\Route))
#55 /Users/ahmedmosaad/Herd/myclass2026-main/vendor/laravel/framework/src/Illuminate/Routing/Router.php(739): Illuminate\\Routing\\Router->dispatchToRoute(Object(Illuminate\\Http\\Request))
#56 /Users/ahmedmosaad/Herd/myclass2026-main/vendor/laravel/framework/src/Illuminate/Foundation/Http/Kernel.php(201): Illuminate\\Routing\\Router->dispatch(Object(Illuminate\\Http\\Request))
#57 /Users/ahmedmosaad/Herd/myclass2026-main/vendor/laravel/framework/src/Illuminate/Pipeline/Pipeline.php(170): Illuminate\\Foundation\\Http\\Kernel->{closure:Illuminate\\Foundation\\Http\\Kernel::dispatchToRouter():198}(Object(Illuminate\\Http\\Request))
#58 /Users/ahmedmosaad/Herd/myclass2026-main/vendor/laravel/framework/src/Illuminate/Foundation/Http/Middleware/TransformsRequest.php(21): Illuminate\\Pipeline\\Pipeline->{closure:Illuminate\\Pipeline\\Pipeline::prepareDestination():168}(Object(Illuminate\\Http\\Request))
#59 /Users/ahmedmosaad/Herd/myclass2026-main/vendor/laravel/framework/src/Illuminate/Foundation/Http/Middleware/ConvertEmptyStringsToNull.php(31): Illuminate\\Foundation\\Http\\Middleware\\TransformsRequest->handle(Object(Illuminate\\Http\\Request), Object(Closure))
#60 /Users/ahmedmosaad/Herd/myclass2026-main/vendor/laravel/framework/src/Illuminate/Pipeline/Pipeline.php(209): Illuminate\\Foundation\\Http\\Middleware\\ConvertEmptyStringsToNull->handle(Object(Illuminate\\Http\\Request), Object(Closure))
#61 /Users/ahmedmosaad/Herd/myclass2026-main/vendor/laravel/framework/src/Illuminate/Foundation/Http/Middleware/TransformsRequest.php(21): Illuminate\\Pipeline\\Pipeline->{closure:{closure:Illuminate\\Pipeline\\Pipeline::carry():184}:185}(Object(Illuminate\\Http\\Request))
#62 /Users/ahmedmosaad/Herd/myclass2026-main/vendor/laravel/framework/src/Illuminate/Foundation/Http/Middleware/TrimStrings.php(51): Illuminate\\Foundation\\Http\\Middleware\\TransformsRequest->handle(Object(Illuminate\\Http\\Request), Object(Closure))
#63 /Users/ahmedmosaad/Herd/myclass2026-main/vendor/laravel/framework/src/Illuminate/Pipeline/Pipeline.php(209): Illuminate\\Foundation\\Http\\Middleware\\TrimStrings->handle(Object(Illuminate\\Http\\Request), Object(Closure))
#64 /Users/ahmedmosaad/Herd/myclass2026-main/vendor/laravel/framework/src/Illuminate/Http/Middleware/ValidatePostSize.php(27): Illuminate\\Pipeline\\Pipeline->{closure:{closure:Illuminate\\Pipeline\\Pipeline::carry():184}:185}(Object(Illuminate\\Http\\Request))
#65 /Users/ahmedmosaad/Herd/myclass2026-main/vendor/laravel/framework/src/Illuminate/Pipeline/Pipeline.php(209): Illuminate\\Http\\Middleware\\ValidatePostSize->handle(Object(Illuminate\\Http\\Request), Object(Closure))
#66 /Users/ahmedmosaad/Herd/myclass2026-main/vendor/laravel/framework/src/Illuminate/Foundation/Http/Middleware/PreventRequestsDuringMaintenance.php(110): Illuminate\\Pipeline\\Pipeline->{closure:{closure:Illuminate\\Pipeline\\Pipeline::carry():184}:185}(Object(Illuminate\\Http\\Request))
#67 /Users/ahmedmosaad/Herd/myclass2026-main/vendor/laravel/framework/src/Illuminate/Pipeline/Pipeline.php(209): Illuminate\\Foundation\\Http\\Middleware\\PreventRequestsDuringMaintenance->handle(Object(Illuminate\\Http\\Request), Object(Closure))
#68 /Users/ahmedmosaad/Herd/myclass2026-main/vendor/laravel/framework/src/Illuminate/Http/Middleware/HandleCors.php(49): Illuminate\\Pipeline\\Pipeline->{closure:{closure:Illuminate\\Pipeline\\Pipeline::carry():184}:185}(Object(Illuminate\\Http\\Request))
#69 /Users/ahmedmosaad/Herd/myclass2026-main/vendor/laravel/framework/src/Illuminate/Pipeline/Pipeline.php(209): Illuminate\\Http\\Middleware\\HandleCors->handle(Object(Illuminate\\Http\\Request), Object(Closure))
#70 /Users/ahmedmosaad/Herd/myclass2026-main/vendor/laravel/framework/src/Illuminate/Http/Middleware/TrustProxies.php(58): Illuminate\\Pipeline\\Pipeline->{closure:{closure:Illuminate\\Pipeline\\Pipeline::carry():184}:185}(Object(Illuminate\\Http\\Request))
#71 /Users/ahmedmosaad/Herd/myclass2026-main/vendor/laravel/framework/src/Illuminate/Pipeline/Pipeline.php(209): Illuminate\\Http\\Middleware\\TrustProxies->handle(Object(Illuminate\\Http\\Request), Object(Closure))
#72 /Users/ahmedmosaad/Herd/myclass2026-main/vendor/laravel/framework/src/Illuminate/Foundation/Http/Middleware/InvokeDeferredCallbacks.php(22): Illuminate\\Pipeline\\Pipeline->{closure:{closure:Illuminate\\Pipeline\\Pipeline::carry():184}:185}(Object(Illuminate\\Http\\Request))
#73 /Users/ahmedmosaad/Herd/myclass2026-main/vendor/laravel/framework/src/Illuminate/Pipeline/Pipeline.php(209): Illuminate\\Foundation\\Http\\Middleware\\InvokeDeferredCallbacks->handle(Object(Illuminate\\Http\\Request), Object(Closure))
#74 /Users/ahmedmosaad/Herd/myclass2026-main/vendor/laravel/framework/src/Illuminate/Http/Middleware/ValidatePathEncoding.php(26): Illuminate\\Pipeline\\Pipeline->{closure:{closure:Illuminate\\Pipeline\\Pipeline::carry():184}:185}(Object(Illuminate\\Http\\Request))
#75 /Users/ahmedmosaad/Herd/myclass2026-main/vendor/laravel/framework/src/Illuminate/Pipeline/Pipeline.php(209): Illuminate\\Http\\Middleware\\ValidatePathEncoding->handle(Object(Illuminate\\Http\\Request), Object(Closure))
#76 /Users/ahmedmosaad/Herd/myclass2026-main/vendor/laravel/framework/src/Illuminate/Pipeline/Pipeline.php(127): Illuminate\\Pipeline\\Pipeline->{closure:{closure:Illuminate\\Pipeline\\Pipeline::carry():184}:185}(Object(Illuminate\\Http\\Request))
#77 /Users/ahmedmosaad/Herd/myclass2026-main/vendor/laravel/framework/src/Illuminate/Foundation/Http/Kernel.php(176): Illuminate\\Pipeline\\Pipeline->then(Object(Closure))
#78 /Users/ahmedmosaad/Herd/myclass2026-main/vendor/laravel/framework/src/Illuminate/Foundation/Http/Kernel.php(145): Illuminate\\Foundation\\Http\\Kernel->sendRequestThroughRouter(Object(Illuminate\\Http\\Request))
#79 /Users/ahmedmosaad/Herd/myclass2026-main/vendor/laravel/framework/src/Illuminate/Foundation/Application.php(1220): Illuminate\\Foundation\\Http\\Kernel->handle(Object(Illuminate\\Http\\Request))
#80 /Users/ahmedmosaad/Herd/myclass2026-main/public/index.php(20): Illuminate\\Foundation\\Application->handleRequest(Object(Illuminate\\Http\\Request))
#81 /Users/ahmedmosaad/Herd/myclass2026-main/vendor/laravel/framework/src/Illuminate/Foundation/resources/server.php(23): require_once('/Users/ahmedmos...')
#82 {main}
"} 
[2026-02-07 11:36:14] local.ERROR: include(assets/images/icon-copy.svg): Failed to open stream: No such file or directory {"userId":19,"exception":"[object] (ErrorException(code: 0): include(assets/images/icon-copy.svg): Failed to open stream: No such file or directory at /Users/ahmedmosaad/Herd/myclass2026-main/vendor/symfony/error-handler/ErrorRenderer/HtmlErrorRenderer.php:341)
[stacktrace]
#0 /Users/ahmedmosaad/Herd/myclass2026-main/vendor/laravel/framework/src/Illuminate/Foundation/Bootstrap/HandleExceptions.php(256): Illuminate\\Foundation\\Bootstrap\\HandleExceptions->handleError(2, 'include(assets/...', '/Users/ahmedmos...', 341)
#1 /Users/ahmedmosaad/Herd/myclass2026-main/vendor/symfony/error-handler/ErrorRenderer/HtmlErrorRenderer.php(341): Illuminate\\Foundation\\Bootstrap\\HandleExceptions->{closure:Illuminate\\Foundation\\Bootstrap\\HandleExceptions::forwardsTo():255}(2, 'include(assets/...', '/Users/ahmedmos...', 341)
#2 /Users/ahmedmosaad/Herd/myclass2026-main/vendor/symfony/error-handler/ErrorRenderer/HtmlErrorRenderer.php(341): include('/Users/ahmedmos...')
#3 /Users/ahmedmosaad/Herd/myclass2026-main/vendor/symfony/error-handler/Resources/views/trace.html.php(29): Symfony\\Component\\ErrorHandler\\ErrorRenderer\\HtmlErrorRenderer->include('assets/images/i...')
#4 /Users/ahmedmosaad/Herd/myclass2026-main/vendor/symfony/error-handler/ErrorRenderer/HtmlErrorRenderer.php(341): include('/Users/ahmedmos...')
#5 /Users/ahmedmosaad/Herd/myclass2026-main/vendor/symfony/error-handler/Resources/views/traces.html.php(48): Symfony\\Component\\ErrorHandler\\ErrorRenderer\\HtmlErrorRenderer->include('views/trace.htm...', Array)
#6 /Users/ahmedmosaad/Herd/myclass2026-main/vendor/symfony/error-handler/ErrorRenderer/HtmlErrorRenderer.php(341): include('/Users/ahmedmos...')
#7 /Users/ahmedmosaad/Herd/myclass2026-main/vendor/symfony/error-handler/Resources/views/exception.html.php(54): Symfony\\Component\\ErrorHandler\\ErrorRenderer\\HtmlErrorRenderer->include('views/traces.ht...', Array)
#8 /Users/ahmedmosaad/Herd/myclass2026-main/vendor/symfony/error-handler/ErrorRenderer/HtmlErrorRenderer.php(341): include('/Users/ahmedmos...')
#9 /Users/ahmedmosaad/Herd/myclass2026-main/vendor/symfony/error-handler/Resources/views/exception_full.html.php(35): Symfony\\Component\\ErrorHandler\\ErrorRenderer\\HtmlErrorRenderer->include('views/exception...', Array)
#10 /Users/ahmedmosaad/Herd/myclass2026-main/vendor/symfony/error-handler/ErrorRenderer/HtmlErrorRenderer.php(341): include('/Users/ahmedmos...')
#11 /Users/ahmedmosaad/Herd/myclass2026-main/vendor/symfony/error-handler/ErrorRenderer/HtmlErrorRenderer.php(140): Symfony\\Component\\ErrorHandler\\ErrorRenderer\\HtmlErrorRenderer->include('views/exception...', Array)
#12 /Users/ahmedmosaad/Herd/myclass2026-main/vendor/symfony/error-handler/ErrorRenderer/HtmlErrorRenderer.php(72): Symfony\\Component\\ErrorHandler\\ErrorRenderer\\HtmlErrorRenderer->renderException(Object(Symfony\\Component\\ErrorHandler\\Exception\\FlattenException))
#13 /Users/ahmedmosaad/Herd/myclass2026-main/vendor/laravel/framework/src/Illuminate/Foundation/Exceptions/Handler.php(879): Symfony\\Component\\ErrorHandler\\ErrorRenderer\\HtmlErrorRenderer->render(Object(Symfony\\Component\\ErrorHandler\\Exception\\FlattenException))
#14 /Users/ahmedmosaad/Herd/myclass2026-main/vendor/laravel/framework/src/Illuminate/Foundation/Exceptions/Handler.php(853): Illuminate\\Foundation\\Exceptions\\Handler->renderExceptionWithSymfony(Object(ErrorException), true)
#15 /Users/ahmedmosaad/Herd/myclass2026-main/vendor/laravel/framework/src/Illuminate/Foundation/Exceptions/Handler.php(828): Illuminate\\Foundation\\Exceptions\\Handler->renderExceptionContent(Object(ErrorException))
#16 /Users/ahmedmosaad/Herd/myclass2026-main/vendor/laravel/framework/src/Illuminate/Foundation/Exceptions/Handler.php(807): Illuminate\\Foundation\\Exceptions\\Handler->convertExceptionToResponse(Object(ErrorException))
#17 /Users/ahmedmosaad/Herd/myclass2026-main/vendor/laravel/framework/src/Illuminate/Foundation/Exceptions/Handler.php(706): Illuminate\\Foundation\\Exceptions\\Handler->prepareResponse(Object(Illuminate\\Http\\Request), Object(ErrorException))
#18 /Users/ahmedmosaad/Herd/myclass2026-main/vendor/laravel/framework/src/Illuminate/Foundation/Exceptions/Handler.php(594): Illuminate\\Foundation\\Exceptions\\Handler->renderExceptionResponse(Object(Illuminate\\Http\\Request), Object(ErrorException))
#19 /Users/ahmedmosaad/Herd/myclass2026-main/vendor/laravel/framework/src/Illuminate/Routing/Pipeline.php(51): Illuminate\\Foundation\\Exceptions\\Handler->render(Object(Illuminate\\Http\\Request), Object(ErrorException))
#20 /Users/ahmedmosaad/Herd/myclass2026-main/vendor/laravel/framework/src/Illuminate/Pipeline/Pipeline.php(214): Illuminate\\Routing\\Pipeline->handleException(Object(Illuminate\\Http\\Request), Object(ErrorException))
#21 /Users/ahmedmosaad/Herd/myclass2026-main/app/Http/Middleware/TrackLastActive.php(28): Illuminate\\Pipeline\\Pipeline->{closure:{closure:Illuminate\\Pipeline\\Pipeline::carry():184}:185}(Object(Illuminate\\Http\\Request))
#22 /Users/ahmedmosaad/Herd/myclass2026-main/vendor/laravel/framework/src/Illuminate/Pipeline/Pipeline.php(209): App\\Http\\Middleware\\TrackLastActive->handle(Object(Illuminate\\Http\\Request), Object(Closure))
#23 /Users/ahmedmosaad/Herd/myclass2026-main/app/Http/Middleware/LogPageVisit.php(23): Illuminate\\Pipeline\\Pipeline->{closure:{closure:Illuminate\\Pipeline\\Pipeline::carry():184}:185}(Object(Illuminate\\Http\\Request))
#24 /Users/ahmedmosaad/Herd/myclass2026-main/vendor/laravel/framework/src/Illuminate/Pipeline/Pipeline.php(209): App\\Http\\Middleware\\LogPageVisit->handle(Object(Illuminate\\Http\\Request), Object(Closure))
#25 /Users/ahmedmosaad/Herd/myclass2026-main/vendor/laravel/framework/src/Illuminate/Http/Middleware/AddLinkHeadersForPreloadedAssets.php(20): Illuminate\\Pipeline\\Pipeline->{closure:{closure:Illuminate\\Pipeline\\Pipeline::carry():184}:185}(Object(Illuminate\\Http\\Request))
#26 /Users/ahmedmosaad/Herd/myclass2026-main/vendor/laravel/framework/src/Illuminate/Pipeline/Pipeline.php(209): Illuminate\\Http\\Middleware\\AddLinkHeadersForPreloadedAssets->handle(Object(Illuminate\\Http\\Request), Object(Closure))
#27 /Users/ahmedmosaad/Herd/myclass2026-main/vendor/inertiajs/inertia-laravel/src/Middleware.php(86): Illuminate\\Pipeline\\Pipeline->{closure:{closure:Illuminate\\Pipeline\\Pipeline::carry():184}:185}(Object(Illuminate\\Http\\Request))
#28 /Users/ahmedmosaad/Herd/myclass2026-main/app/Http/Middleware/HandleInertiaRequests.php(94): Inertia\\Middleware->handle(Object(Illuminate\\Http\\Request), Object(Closure))
#29 /Users/ahmedmosaad/Herd/myclass2026-main/vendor/laravel/framework/src/Illuminate/Pipeline/Pipeline.php(209): App\\Http\\Middleware\\HandleInertiaRequests->handle(Object(Illuminate\\Http\\Request), Object(Closure))
#30 /Users/ahmedmosaad/Herd/myclass2026-main/vendor/laravel/jetstream/src/Http/Middleware/ShareInertiaData.php(69): Illuminate\\Pipeline\\Pipeline->{closure:{closure:Illuminate\\Pipeline\\Pipeline::carry():184}:185}(Object(Illuminate\\Http\\Request))
#31 /Users/ahmedmosaad/Herd/myclass2026-main/vendor/laravel/framework/src/Illuminate/Pipeline/Pipeline.php(209): Laravel\\Jetstream\\Http\\Middleware\\ShareInertiaData->handle(Object(Illuminate\\Http\\Request), Object(Closure))
#32 /Users/ahmedmosaad/Herd/myclass2026-main/vendor/laravel/framework/src/Illuminate/Routing/Middleware/SubstituteBindings.php(51): Illuminate\\Pipeline\\Pipeline->{closure:{closure:Illuminate\\Pipeline\\Pipeline::carry():184}:185}(Object(Illuminate\\Http\\Request))
#33 /Users/ahmedmosaad/Herd/myclass2026-main/vendor/laravel/framework/src/Illuminate/Pipeline/Pipeline.php(209): Illuminate\\Routing\\Middleware\\SubstituteBindings->handle(Object(Illuminate\\Http\\Request), Object(Closure))
#34 /Users/ahmedmosaad/Herd/myclass2026-main/vendor/laravel/framework/src/Illuminate/Session/Middleware/AuthenticateSession.php(67): Illuminate\\Pipeline\\Pipeline->{closure:{closure:Illuminate\\Pipeline\\Pipeline::carry():184}:185}(Object(Illuminate\\Http\\Request))
#35 /Users/ahmedmosaad/Herd/myclass2026-main/vendor/laravel/framework/src/Illuminate/Pipeline/Pipeline.php(209): Illuminate\\Session\\Middleware\\AuthenticateSession->handle(Object(Illuminate\\Http\\Request), Object(Closure))
#36 /Users/ahmedmosaad/Herd/myclass2026-main/vendor/laravel/framework/src/Illuminate/Auth/Middleware/Authenticate.php(64): Illuminate\\Pipeline\\Pipeline->{closure:{closure:Illuminate\\Pipeline\\Pipeline::carry():184}:185}(Object(Illuminate\\Http\\Request))
#37 /Users/ahmedmosaad/Herd/myclass2026-main/vendor/laravel/framework/src/Illuminate/Pipeline/Pipeline.php(209): Illuminate\\Auth\\Middleware\\Authenticate->handle(Object(Illuminate\\Http\\Request), Object(Closure), 'sanctum')
#38 /Users/ahmedmosaad/Herd/myclass2026-main/vendor/laravel/framework/src/Illuminate/Foundation/Http/Middleware/VerifyCsrfToken.php(88): Illuminate\\Pipeline\\Pipeline->{closure:{closure:Illuminate\\Pipeline\\Pipeline::carry():184}:185}(Object(Illuminate\\Http\\Request))
#39 /Users/ahmedmosaad/Herd/myclass2026-main/vendor/laravel/framework/src/Illuminate/Pipeline/Pipeline.php(209): Illuminate\\Foundation\\Http\\Middleware\\VerifyCsrfToken->handle(Object(Illuminate\\Http\\Request), Object(Closure))
#40 /Users/ahmedmosaad/Herd/myclass2026-main/vendor/laravel/framework/src/Illuminate/View/Middleware/ShareErrorsFromSession.php(49): Illuminate\\Pipeline\\Pipeline->{closure:{closure:Illuminate\\Pipeline\\Pipeline::carry():184}:185}(Object(Illuminate\\Http\\Request))
#41 /Users/ahmedmosaad/Herd/myclass2026-main/vendor/laravel/framework/src/Illuminate/Pipeline/Pipeline.php(209): Illuminate\\View\\Middleware\\ShareErrorsFromSession->handle(Object(Illuminate\\Http\\Request), Object(Closure))
#42 /Users/ahmedmosaad/Herd/myclass2026-main/vendor/laravel/framework/src/Illuminate/Session/Middleware/StartSession.php(121): Illuminate\\Pipeline\\Pipeline->{closure:{closure:Illuminate\\Pipeline\\Pipeline::carry():184}:185}(Object(Illuminate\\Http\\Request))
#43 /Users/ahmedmosaad/Herd/myclass2026-main/vendor/laravel/framework/src/Illuminate/Session/Middleware/StartSession.php(64): Illuminate\\Session\\Middleware\\StartSession->handleStatefulRequest(Object(Illuminate\\Http\\Request), Object(Illuminate\\Session\\Store), Object(Closure))
#44 /Users/ahmedmosaad/Herd/myclass2026-main/vendor/laravel/framework/src/Illuminate/Pipeline/Pipeline.php(209): Illuminate\\Session\\Middleware\\StartSession->handle(Object(Illuminate\\Http\\Request), Object(Closure))
#45 /Users/ahmedmosaad/Herd/myclass2026-main/vendor/laravel/framework/src/Illuminate/Cookie/Middleware/AddQueuedCookiesToResponse.php(37): Illuminate\\Pipeline\\Pipeline->{closure:{closure:Illuminate\\Pipeline\\Pipeline::carry():184}:185}(Object(Illuminate\\Http\\Request))
#46 /Users/ahmedmosaad/Herd/myclass2026-main/vendor/laravel/framework/src/Illuminate/Pipeline/Pipeline.php(209): Illuminate\\Cookie\\Middleware\\AddQueuedCookiesToResponse->handle(Object(Illuminate\\Http\\Request), Object(Closure))
#47 /Users/ahmedmosaad/Herd/myclass2026-main/vendor/laravel/framework/src/Illuminate/Cookie/Middleware/EncryptCookies.php(75): Illuminate\\Pipeline\\Pipeline->{closure:{closure:Illuminate\\Pipeline\\Pipeline::carry():184}:185}(Object(Illuminate\\Http\\Request))
#48 /Users/ahmedmosaad/Herd/myclass2026-main/vendor/laravel/framework/src/Illuminate/Pipeline/Pipeline.php(209): Illuminate\\Cookie\\Middleware\\EncryptCookies->handle(Object(Illuminate\\Http\\Request), Object(Closure))
#49 /Users/ahmedmosaad/Herd/myclass2026-main/vendor/laravel/framework/src/Illuminate/Pipeline/Pipeline.php(127): Illuminate\\Pipeline\\Pipeline->{closure:{closure:Illuminate\\Pipeline\\Pipeline::carry():184}:185}(Object(Illuminate\\Http\\Request))
#50 /Users/ahmedmosaad/Herd/myclass2026-main/vendor/laravel/framework/src/Illuminate/Routing/Router.php(807): Illuminate\\Pipeline\\Pipeline->then(Object(Closure))
#51 /Users/ahmedmosaad/Herd/myclass2026-main/vendor/laravel/framework/src/Illuminate/Routing/Router.php(786): Illuminate\\Routing\\Router->runRouteWithinStack(Object(Illuminate\\Routing\\Route), Object(Illuminate\\Http\\Request))
#52 /Users/ahmedmosaad/Herd/myclass2026-main/vendor/laravel/framework/src/Illuminate/Routing/Router.php(750): Illuminate\\Routing\\Router->runRoute(Object(Illuminate\\Http\\Request), Object(Illuminate\\Routing\\Route))
#53 /Users/ahmedmosaad/Herd/myclass2026-main/vendor/laravel/framework/src/Illuminate/Routing/Router.php(739): Illuminate\\Routing\\Router->dispatchToRoute(Object(Illuminate\\Http\\Request))
#54 /Users/ahmedmosaad/Herd/myclass2026-main/vendor/laravel/framework/src/Illuminate/Foundation/Http/Kernel.php(201): Illuminate\\Routing\\Router->dispatch(Object(Illuminate\\Http\\Request))
#55 /Users/ahmedmosaad/Herd/myclass2026-main/vendor/laravel/framework/src/Illuminate/Pipeline/Pipeline.php(170): Illuminate\\Foundation\\Http\\Kernel->{closure:Illuminate\\Foundation\\Http\\Kernel::dispatchToRouter():198}(Object(Illuminate\\Http\\Request))
#56 /Users/ahmedmosaad/Herd/myclass2026-main/vendor/laravel/framework/src/Illuminate/Foundation/Http/Middleware/TransformsRequest.php(21): Illuminate\\Pipeline\\Pipeline->{closure:Illuminate\\Pipeline\\Pipeline::prepareDestination():168}(Object(Illuminate\\Http\\Request))
#57 /Users/ahmedmosaad/Herd/myclass2026-main/vendor/laravel/framework/src/Illuminate/Foundation/Http/Middleware/ConvertEmptyStringsToNull.php(31): Illuminate\\Foundation\\Http\\Middleware\\TransformsRequest->handle(Object(Illuminate\\Http\\Request), Object(Closure))
#58 /Users/ahmedmosaad/Herd/myclass2026-main/vendor/laravel/framework/src/Illuminate/Pipeline/Pipeline.php(209): Illuminate\\Foundation\\Http\\Middleware\\ConvertEmptyStringsToNull->handle(Object(Illuminate\\Http\\Request), Object(Closure))
#59 /Users/ahmedmosaad/Herd/myclass2026-main/vendor/laravel/framework/src/Illuminate/Foundation/Http/Middleware/TransformsRequest.php(21): Illuminate\\Pipeline\\Pipeline->{closure:{closure:Illuminate\\Pipeline\\Pipeline::carry():184}:185}(Object(Illuminate\\Http\\Request))
#60 /Users/ahmedmosaad/Herd/myclass2026-main/vendor/laravel/framework/src/Illuminate/Foundation/Http/Middleware/TrimStrings.php(51): Illuminate\\Foundation\\Http\\Middleware\\TransformsRequest->handle(Object(Illuminate\\Http\\Request), Object(Closure))
#61 /Users/ahmedmosaad/Herd/myclass2026-main/vendor/laravel/framework/src/Illuminate/Pipeline/Pipeline.php(209): Illuminate\\Foundation\\Http\\Middleware\\TrimStrings->handle(Object(Illuminate\\Http\\Request), Object(Closure))
#62 /Users/ahmedmosaad/Herd/myclass2026-main/vendor/laravel/framework/src/Illuminate/Http/Middleware/ValidatePostSize.php(27): Illuminate\\Pipeline\\Pipeline->{closure:{closure:Illuminate\\Pipeline\\Pipeline::carry():184}:185}(Object(Illuminate\\Http\\Request))
#63 /Users/ahmedmosaad/Herd/myclass2026-main/vendor/laravel/framework/src/Illuminate/Pipeline/Pipeline.php(209): Illuminate\\Http\\Middleware\\ValidatePostSize->handle(Object(Illuminate\\Http\\Request), Object(Closure))
#64 /Users/ahmedmosaad/Herd/myclass2026-main/vendor/laravel/framework/src/Illuminate/Foundation/Http/Middleware/PreventRequestsDuringMaintenance.php(110): Illuminate\\Pipeline\\Pipeline->{closure:{closure:Illuminate\\Pipeline\\Pipeline::carry():184}:185}(Object(Illuminate\\Http\\Request))
#65 /Users/ahmedmosaad/Herd/myclass2026-main/vendor/laravel/framework/src/Illuminate/Pipeline/Pipeline.php(209): Illuminate\\Foundation\\Http\\Middleware\\PreventRequestsDuringMaintenance->handle(Object(Illuminate\\Http\\Request), Object(Closure))
#66 /Users/ahmedmosaad/Herd/myclass2026-main/vendor/laravel/framework/src/Illuminate/Http/Middleware/HandleCors.php(49): Illuminate\\Pipeline\\Pipeline->{closure:{closure:Illuminate\\Pipeline\\Pipeline::carry():184}:185}(Object(Illuminate\\Http\\Request))
#67 /Users/ahmedmosaad/Herd/myclass2026-main/vendor/laravel/framework/src/Illuminate/Pipeline/Pipeline.php(209): Illuminate\\Http\\Middleware\\HandleCors->handle(Object(Illuminate\\Http\\Request), Object(Closure))
#68 /Users/ahmedmosaad/Herd/myclass2026-main/vendor/laravel/framework/src/Illuminate/Http/Middleware/TrustProxies.php(58): Illuminate\\Pipeline\\Pipeline->{closure:{closure:Illuminate\\Pipeline\\Pipeline::carry():184}:185}(Object(Illuminate\\Http\\Request))
#69 /Users/ahmedmosaad/Herd/myclass2026-main/vendor/laravel/framework/src/Illuminate/Pipeline/Pipeline.php(209): Illuminate\\Http\\Middleware\\TrustProxies->handle(Object(Illuminate\\Http\\Request), Object(Closure))
#70 /Users/ahmedmosaad/Herd/myclass2026-main/vendor/laravel/framework/src/Illuminate/Foundation/Http/Middleware/InvokeDeferredCallbacks.php(22): Illuminate\\Pipeline\\Pipeline->{closure:{closure:Illuminate\\Pipeline\\Pipeline::carry():184}:185}(Object(Illuminate\\Http\\Request))
#71 /Users/ahmedmosaad/Herd/myclass2026-main/vendor/laravel/framework/src/Illuminate/Pipeline/Pipeline.php(209): Illuminate\\Foundation\\Http\\Middleware\\InvokeDeferredCallbacks->handle(Object(Illuminate\\Http\\Request), Object(Closure))
#72 /Users/ahmedmosaad/Herd/myclass2026-main/vendor/laravel/framework/src/Illuminate/Http/Middleware/ValidatePathEncoding.php(26): Illuminate\\Pipeline\\Pipeline->{closure:{closure:Illuminate\\Pipeline\\Pipeline::carry():184}:185}(Object(Illuminate\\Http\\Request))
#73 /Users/ahmedmosaad/Herd/myclass2026-main/vendor/laravel/framework/src/Illuminate/Pipeline/Pipeline.php(209): Illuminate\\Http\\Middleware\\ValidatePathEncoding->handle(Object(Illuminate\\Http\\Request), Object(Closure))
#74 /Users/ahmedmosaad/Herd/myclass2026-main/vendor/laravel/framework/src/Illuminate/Pipeline/Pipeline.php(127): Illuminate\\Pipeline\\Pipeline->{closure:{closure:Illuminate\\Pipeline\\Pipeline::carry():184}:185}(Object(Illuminate\\Http\\Request))
#75 /Users/ahmedmosaad/Herd/myclass2026-main/vendor/laravel/framework/src/Illuminate/Foundation/Http/Kernel.php(176): Illuminate\\Pipeline\\Pipeline->then(Object(Closure))
#76 /Users/ahmedmosaad/Herd/myclass2026-main/vendor/laravel/framework/src/Illuminate/Foundation/Http/Kernel.php(145): Illuminate\\Foundation\\Http\\Kernel->sendRequestThroughRouter(Object(Illuminate\\Http\\Request))
#77 /Users/ahmedmosaad/Herd/myclass2026-main/vendor/laravel/framework/src/Illuminate/Foundation/Application.php(1220): Illuminate\\Foundation\\Http\\Kernel->handle(Object(Illuminate\\Http\\Request))
#78 /Users/ahmedmosaad/Herd/myclass2026-main/public/index.php(20): Illuminate\\Foundation\\Application->handleRequest(Object(Illuminate\\Http\\Request))
#79 /Users/ahmedmosaad/Herd/myclass2026-main/vendor/laravel/framework/src/Illuminate/Foundation/resources/server.php(23): require_once('/Users/ahmedmos...')
#80 {main}
"} 
[2026-02-07 11:36:14] local.ERROR: include(assets/images/icon-copy.svg): Failed to open stream: No such file or directory {"userId":19,"exception":"[object] (ErrorException(code: 0): include(assets/images/icon-copy.svg): Failed to open stream: No such file or directory at /Users/ahmedmosaad/Herd/myclass2026-main/vendor/symfony/error-handler/ErrorRenderer/HtmlErrorRenderer.php:341)
[stacktrace]
#0 /Users/ahmedmosaad/Herd/myclass2026-main/vendor/laravel/framework/src/Illuminate/Foundation/Bootstrap/HandleExceptions.php(256): Illuminate\\Foundation\\Bootstrap\\HandleExceptions->handleError(2, 'include(assets/...', '/Users/ahmedmos...', 341)
#1 /Users/ahmedmosaad/Herd/myclass2026-main/vendor/symfony/error-handler/ErrorRenderer/HtmlErrorRenderer.php(341): Illuminate\\Foundation\\Bootstrap\\HandleExceptions->{closure:Illuminate\\Foundation\\Bootstrap\\HandleExceptions::forwardsTo():255}(2, 'include(assets/...', '/Users/ahmedmos...', 341)
#2 /Users/ahmedmosaad/Herd/myclass2026-main/vendor/symfony/error-handler/ErrorRenderer/HtmlErrorRenderer.php(341): include('/Users/ahmedmos...')
#3 /Users/ahmedmosaad/Herd/myclass2026-main/vendor/symfony/error-handler/Resources/views/trace.html.php(29): Symfony\\Component\\ErrorHandler\\ErrorRenderer\\HtmlErrorRenderer->include('assets/images/i...')
#4 /Users/ahmedmosaad/Herd/myclass2026-main/vendor/symfony/error-handler/ErrorRenderer/HtmlErrorRenderer.php(341): include('/Users/ahmedmos...')
#5 /Users/ahmedmosaad/Herd/myclass2026-main/vendor/symfony/error-handler/Resources/views/traces.html.php(48): Symfony\\Component\\ErrorHandler\\ErrorRenderer\\HtmlErrorRenderer->include('views/trace.htm...', Array)
#6 /Users/ahmedmosaad/Herd/myclass2026-main/vendor/symfony/error-handler/ErrorRenderer/HtmlErrorRenderer.php(341): include('/Users/ahmedmos...')
#7 /Users/ahmedmosaad/Herd/myclass2026-main/vendor/symfony/error-handler/Resources/views/exception.html.php(54): Symfony\\Component\\ErrorHandler\\ErrorRenderer\\HtmlErrorRenderer->include('views/traces.ht...', Array)
#8 /Users/ahmedmosaad/Herd/myclass2026-main/vendor/symfony/error-handler/ErrorRenderer/HtmlErrorRenderer.php(341): include('/Users/ahmedmos...')
#9 /Users/ahmedmosaad/Herd/myclass2026-main/vendor/symfony/error-handler/Resources/views/exception_full.html.php(35): Symfony\\Component\\ErrorHandler\\ErrorRenderer\\HtmlErrorRenderer->include('views/exception...', Array)
#10 /Users/ahmedmosaad/Herd/myclass2026-main/vendor/symfony/error-handler/ErrorRenderer/HtmlErrorRenderer.php(341): include('/Users/ahmedmos...')
#11 /Users/ahmedmosaad/Herd/myclass2026-main/vendor/symfony/error-handler/ErrorRenderer/HtmlErrorRenderer.php(140): Symfony\\Component\\ErrorHandler\\ErrorRenderer\\HtmlErrorRenderer->include('views/exception...', Array)
#12 /Users/ahmedmosaad/Herd/myclass2026-main/vendor/symfony/error-handler/ErrorRenderer/HtmlErrorRenderer.php(72): Symfony\\Component\\ErrorHandler\\ErrorRenderer\\HtmlErrorRenderer->renderException(Object(Symfony\\Component\\ErrorHandler\\Exception\\FlattenException))
#13 /Users/ahmedmosaad/Herd/myclass2026-main/vendor/laravel/framework/src/Illuminate/Foundation/Exceptions/Handler.php(879): Symfony\\Component\\ErrorHandler\\ErrorRenderer\\HtmlErrorRenderer->render(Object(Symfony\\Component\\ErrorHandler\\Exception\\FlattenException))
#14 /Users/ahmedmosaad/Herd/myclass2026-main/vendor/laravel/framework/src/Illuminate/Foundation/Exceptions/Handler.php(853): Illuminate\\Foundation\\Exceptions\\Handler->renderExceptionWithSymfony(Object(ErrorException), true)
#15 /Users/ahmedmosaad/Herd/myclass2026-main/vendor/laravel/framework/src/Illuminate/Foundation/Exceptions/Handler.php(828): Illuminate\\Foundation\\Exceptions\\Handler->renderExceptionContent(Object(ErrorException))
#16 /Users/ahmedmosaad/Herd/myclass2026-main/vendor/laravel/framework/src/Illuminate/Foundation/Exceptions/Handler.php(807): Illuminate\\Foundation\\Exceptions\\Handler->convertExceptionToResponse(Object(ErrorException))
#17 /Users/ahmedmosaad/Herd/myclass2026-main/vendor/laravel/framework/src/Illuminate/Foundation/Exceptions/Handler.php(706): Illuminate\\Foundation\\Exceptions\\Handler->prepareResponse(Object(Illuminate\\Http\\Request), Object(ErrorException))
#18 /Users/ahmedmosaad/Herd/myclass2026-main/vendor/laravel/framework/src/Illuminate/Foundation/Exceptions/Handler.php(594): Illuminate\\Foundation\\Exceptions\\Handler->renderExceptionResponse(Object(Illuminate\\Http\\Request), Object(ErrorException))
#19 /Users/ahmedmosaad/Herd/myclass2026-main/vendor/laravel/framework/src/Illuminate/Routing/Pipeline.php(51): Illuminate\\Foundation\\Exceptions\\Handler->render(Object(Illuminate\\Http\\Request), Object(ErrorException))
#20 /Users/ahmedmosaad/Herd/myclass2026-main/vendor/laravel/framework/src/Illuminate/Pipeline/Pipeline.php(214): Illuminate\\Routing\\Pipeline->handleException(Object(Illuminate\\Http\\Request), Object(ErrorException))
#21 /Users/ahmedmosaad/Herd/myclass2026-main/app/Http/Middleware/LogPageVisit.php(23): Illuminate\\Pipeline\\Pipeline->{closure:{closure:Illuminate\\Pipeline\\Pipeline::carry():184}:185}(Object(Illuminate\\Http\\Request))
#22 /Users/ahmedmosaad/Herd/myclass2026-main/vendor/laravel/framework/src/Illuminate/Pipeline/Pipeline.php(209): App\\Http\\Middleware\\LogPageVisit->handle(Object(Illuminate\\Http\\Request), Object(Closure))
#23 /Users/ahmedmosaad/Herd/myclass2026-main/vendor/laravel/framework/src/Illuminate/Http/Middleware/AddLinkHeadersForPreloadedAssets.php(20): Illuminate\\Pipeline\\Pipeline->{closure:{closure:Illuminate\\Pipeline\\Pipeline::carry():184}:185}(Object(Illuminate\\Http\\Request))
#24 /Users/ahmedmosaad/Herd/myclass2026-main/vendor/laravel/framework/src/Illuminate/Pipeline/Pipeline.php(209): Illuminate\\Http\\Middleware\\AddLinkHeadersForPreloadedAssets->handle(Object(Illuminate\\Http\\Request), Object(Closure))
#25 /Users/ahmedmosaad/Herd/myclass2026-main/vendor/inertiajs/inertia-laravel/src/Middleware.php(86): Illuminate\\Pipeline\\Pipeline->{closure:{closure:Illuminate\\Pipeline\\Pipeline::carry():184}:185}(Object(Illuminate\\Http\\Request))
#26 /Users/ahmedmosaad/Herd/myclass2026-main/app/Http/Middleware/HandleInertiaRequests.php(94): Inertia\\Middleware->handle(Object(Illuminate\\Http\\Request), Object(Closure))
#27 /Users/ahmedmosaad/Herd/myclass2026-main/vendor/laravel/framework/src/Illuminate/Pipeline/Pipeline.php(209): App\\Http\\Middleware\\HandleInertiaRequests->handle(Object(Illuminate\\Http\\Request), Object(Closure))
#28 /Users/ahmedmosaad/Herd/myclass2026-main/vendor/laravel/jetstream/src/Http/Middleware/ShareInertiaData.php(69): Illuminate\\Pipeline\\Pipeline->{closure:{closure:Illuminate\\Pipeline\\Pipeline::carry():184}:185}(Object(Illuminate\\Http\\Request))
#29 /Users/ahmedmosaad/Herd/myclass2026-main/vendor/laravel/framework/src/Illuminate/Pipeline/Pipeline.php(209): Laravel\\Jetstream\\Http\\Middleware\\ShareInertiaData->handle(Object(Illuminate\\Http\\Request), Object(Closure))
#30 /Users/ahmedmosaad/Herd/myclass2026-main/vendor/laravel/framework/src/Illuminate/Routing/Middleware/SubstituteBindings.php(51): Illuminate\\Pipeline\\Pipeline->{closure:{closure:Illuminate\\Pipeline\\Pipeline::carry():184}:185}(Object(Illuminate\\Http\\Request))
#31 /Users/ahmedmosaad/Herd/myclass2026-main/vendor/laravel/framework/src/Illuminate/Pipeline/Pipeline.php(209): Illuminate\\Routing\\Middleware\\SubstituteBindings->handle(Object(Illuminate\\Http\\Request), Object(Closure))
#32 /Users/ahmedmosaad/Herd/myclass2026-main/vendor/laravel/framework/src/Illuminate/Session/Middleware/AuthenticateSession.php(67): Illuminate\\Pipeline\\Pipeline->{closure:{closure:Illuminate\\Pipeline\\Pipeline::carry():184}:185}(Object(Illuminate\\Http\\Request))
#33 /Users/ahmedmosaad/Herd/myclass2026-main/vendor/laravel/framework/src/Illuminate/Pipeline/Pipeline.php(209): Illuminate\\Session\\Middleware\\AuthenticateSession->handle(Object(Illuminate\\Http\\Request), Object(Closure))
#34 /Users/ahmedmosaad/Herd/myclass2026-main/vendor/laravel/framework/src/Illuminate/Auth/Middleware/Authenticate.php(64): Illuminate\\Pipeline\\Pipeline->{closure:{closure:Illuminate\\Pipeline\\Pipeline::carry():184}:185}(Object(Illuminate\\Http\\Request))
#35 /Users/ahmedmosaad/Herd/myclass2026-main/vendor/laravel/framework/src/Illuminate/Pipeline/Pipeline.php(209): Illuminate\\Auth\\Middleware\\Authenticate->handle(Object(Illuminate\\Http\\Request), Object(Closure), 'sanctum')
#36 /Users/ahmedmosaad/Herd/myclass2026-main/vendor/laravel/framework/src/Illuminate/Foundation/Http/Middleware/VerifyCsrfToken.php(88): Illuminate\\Pipeline\\Pipeline->{closure:{closure:Illuminate\\Pipeline\\Pipeline::carry():184}:185}(Object(Illuminate\\Http\\Request))
#37 /Users/ahmedmosaad/Herd/myclass2026-main/vendor/laravel/framework/src/Illuminate/Pipeline/Pipeline.php(209): Illuminate\\Foundation\\Http\\Middleware\\VerifyCsrfToken->handle(Object(Illuminate\\Http\\Request), Object(Closure))
#38 /Users/ahmedmosaad/Herd/myclass2026-main/vendor/laravel/framework/src/Illuminate/View/Middleware/ShareErrorsFromSession.php(49): Illuminate\\Pipeline\\Pipeline->{closure:{closure:Illuminate\\Pipeline\\Pipeline::carry():184}:185}(Object(Illuminate\\Http\\Request))
#39 /Users/ahmedmosaad/Herd/myclass2026-main/vendor/laravel/framework/src/Illuminate/Pipeline/Pipeline.php(209): Illuminate\\View\\Middleware\\ShareErrorsFromSession->handle(Object(Illuminate\\Http\\Request), Object(Closure))
#40 /Users/ahmedmosaad/Herd/myclass2026-main/vendor/laravel/framework/src/Illuminate/Session/Middleware/StartSession.php(121): Illuminate\\Pipeline\\Pipeline->{closure:{closure:Illuminate\\Pipeline\\Pipeline::carry():184}:185}(Object(Illuminate\\Http\\Request))
#41 /Users/ahmedmosaad/Herd/myclass2026-main/vendor/laravel/framework/src/Illuminate/Session/Middleware/StartSession.php(64): Illuminate\\Session\\Middleware\\StartSession->handleStatefulRequest(Object(Illuminate\\Http\\Request), Object(Illuminate\\Session\\Store), Object(Closure))
#42 /Users/ahmedmosaad/Herd/myclass2026-main/vendor/laravel/framework/src/Illuminate/Pipeline/Pipeline.php(209): Illuminate\\Session\\Middleware\\StartSession->handle(Object(Illuminate\\Http\\Request), Object(Closure))
#43 /Users/ahmedmosaad/Herd/myclass2026-main/vendor/laravel/framework/src/Illuminate/Cookie/Middleware/AddQueuedCookiesToResponse.php(37): Illuminate\\Pipeline\\Pipeline->{closure:{closure:Illuminate\\Pipeline\\Pipeline::carry():184}:185}(Object(Illuminate\\Http\\Request))
#44 /Users/ahmedmosaad/Herd/myclass2026-main/vendor/laravel/framework/src/Illuminate/Pipeline/Pipeline.php(209): Illuminate\\Cookie\\Middleware\\AddQueuedCookiesToResponse->handle(Object(Illuminate\\Http\\Request), Object(Closure))
#45 /Users/ahmedmosaad/Herd/myclass2026-main/vendor/laravel/framework/src/Illuminate/Cookie/Middleware/EncryptCookies.php(75): Illuminate\\Pipeline\\Pipeline->{closure:{closure:Illuminate\\Pipeline\\Pipeline::carry():184}:185}(Object(Illuminate\\Http\\Request))
#46 /Users/ahmedmosaad/Herd/myclass2026-main/vendor/laravel/framework/src/Illuminate/Pipeline/Pipeline.php(209): Illuminate\\Cookie\\Middleware\\EncryptCookies->handle(Object(Illuminate\\Http\\Request), Object(Closure))
#47 /Users/ahmedmosaad/Herd/myclass2026-main/vendor/laravel/framework/src/Illuminate/Pipeline/Pipeline.php(127): Illuminate\\Pipeline\\Pipeline->{closure:{closure:Illuminate\\Pipeline\\Pipeline::carry():184}:185}(Object(Illuminate\\Http\\Request))
#48 /Users/ahmedmosaad/Herd/myclass2026-main/vendor/laravel/framework/src/Illuminate/Routing/Router.php(807): Illuminate\\Pipeline\\Pipeline->then(Object(Closure))
#49 /Users/ahmedmosaad/Herd/myclass2026-main/vendor/laravel/framework/src/Illuminate/Routing/Router.php(786): Illuminate\\Routing\\Router->runRouteWithinStack(Object(Illuminate\\Routing\\Route), Object(Illuminate\\Http\\Request))
#50 /Users/ahmedmosaad/Herd/myclass2026-main/vendor/laravel/framework/src/Illuminate/Routing/Router.php(750): Illuminate\\Routing\\Router->runRoute(Object(Illuminate\\Http\\Request), Object(Illuminate\\Routing\\Route))
#51 /Users/ahmedmosaad/Herd/myclass2026-main/vendor/laravel/framework/src/Illuminate/Routing/Router.php(739): Illuminate\\Routing\\Router->dispatchToRoute(Object(Illuminate\\Http\\Request))
#52 /Users/ahmedmosaad/Herd/myclass2026-main/vendor/laravel/framework/src/Illuminate/Foundation/Http/Kernel.php(201): Illuminate\\Routing\\Router->dispatch(Object(Illuminate\\Http\\Request))
#53 /Users/ahmedmosaad/Herd/myclass2026-main/vendor/laravel/framework/src/Illuminate/Pipeline/Pipeline.php(170): Illuminate\\Foundation\\Http\\Kernel->{closure:Illuminate\\Foundation\\Http\\Kernel::dispatchToRouter():198}(Object(Illuminate\\Http\\Request))
#54 /Users/ahmedmosaad/Herd/myclass2026-main/vendor/laravel/framework/src/Illuminate/Foundation/Http/Middleware/TransformsRequest.php(21): Illuminate\\Pipeline\\Pipeline->{closure:Illuminate\\Pipeline\\Pipeline::prepareDestination():168}(Object(Illuminate\\Http\\Request))
#55 /Users/ahmedmosaad/Herd/myclass2026-main/vendor/laravel/framework/src/Illuminate/Foundation/Http/Middleware/ConvertEmptyStringsToNull.php(31): Illuminate\\Foundation\\Http\\Middleware\\TransformsRequest->handle(Object(Illuminate\\Http\\Request), Object(Closure))
#56 /Users/ahmedmosaad/Herd/myclass2026-main/vendor/laravel/framework/src/Illuminate/Pipeline/Pipeline.php(209): Illuminate\\Foundation\\Http\\Middleware\\ConvertEmptyStringsToNull->handle(Object(Illuminate\\Http\\Request), Object(Closure))
#57 /Users/ahmedmosaad/Herd/myclass2026-main/vendor/laravel/framework/src/Illuminate/Foundation/Http/Middleware/TransformsRequest.php(21): Illuminate\\Pipeline\\Pipeline->{closure:{closure:Illuminate\\Pipeline\\Pipeline::carry():184}:185}(Object(Illuminate\\Http\\Request))
#58 /Users/ahmedmosaad/Herd/myclass2026-main/vendor/laravel/framework/src/Illuminate/Foundation/Http/Middleware/TrimStrings.php(51): Illuminate\\Foundation\\Http\\Middleware\\TransformsRequest->handle(Object(Illuminate\\Http\\Request), Object(Closure))
#59 /Users/ahmedmosaad/Herd/myclass2026-main/vendor/laravel/framework/src/Illuminate/Pipeline/Pipeline.php(209): Illuminate\\Foundation\\Http\\Middleware\\TrimStrings->handle(Object(Illuminate\\Http\\Request), Object(Closure))
#60 /Users/ahmedmosaad/Herd/myclass2026-main/vendor/laravel/framework/src/Illuminate/Http/Middleware/ValidatePostSize.php(27): Illuminate\\Pipeline\\Pipeline->{closure:{closure:Illuminate\\Pipeline\\Pipeline::carry():184}:185}(Object(Illuminate\\Http\\Request))
#61 /Users/ahmedmosaad/Herd/myclass2026-main/vendor/laravel/framework/src/Illuminate/Pipeline/Pipeline.php(209): Illuminate\\Http\\Middleware\\ValidatePostSize->handle(Object(Illuminate\\Http\\Request), Object(Closure))
#62 /Users/ahmedmosaad/Herd/myclass2026-main/vendor/laravel/framework/src/Illuminate/Foundation/Http/Middleware/PreventRequestsDuringMaintenance.php(110): Illuminate\\Pipeline\\Pipeline->{closure:{closure:Illuminate\\Pipeline\\Pipeline::carry():184}:185}(Object(Illuminate\\Http\\Request))
#63 /Users/ahmedmosaad/Herd/myclass2026-main/vendor/laravel/framework/src/Illuminate/Pipeline/Pipeline.php(209): Illuminate\\Foundation\\Http\\Middleware\\PreventRequestsDuringMaintenance->handle(Object(Illuminate\\Http\\Request), Object(Closure))
#64 /Users/ahmedmosaad/Herd/myclass2026-main/vendor/laravel/framework/src/Illuminate/Http/Middleware/HandleCors.php(49): Illuminate\\Pipeline\\Pipeline->{closure:{closure:Illuminate\\Pipeline\\Pipeline::carry():184}:185}(Object(Illuminate\\Http\\Request))
#65 /Users/ahmedmosaad/Herd/myclass2026-main/vendor/laravel/framework/src/Illuminate/Pipeline/Pipeline.php(209): Illuminate\\Http\\Middleware\\HandleCors->handle(Object(Illuminate\\Http\\Request), Object(Closure))
#66 /Users/ahmedmosaad/Herd/myclass2026-main/vendor/laravel/framework/src/Illuminate/Http/Middleware/TrustProxies.php(58): Illuminate\\Pipeline\\Pipeline->{closure:{closure:Illuminate\\Pipeline\\Pipeline::carry():184}:185}(Object(Illuminate\\Http\\Request))
#67 /Users/ahmedmosaad/Herd/myclass2026-main/vendor/laravel/framework/src/Illuminate/Pipeline/Pipeline.php(209): Illuminate\\Http\\Middleware\\TrustProxies->handle(Object(Illuminate\\Http\\Request), Object(Closure))
#68 /Users/ahmedmosaad/Herd/myclass2026-main/vendor/laravel/framework/src/Illuminate/Foundation/Http/Middleware/InvokeDeferredCallbacks.php(22): Illuminate\\Pipeline\\Pipeline->{closure:{closure:Illuminate\\Pipeline\\Pipeline::carry():184}:185}(Object(Illuminate\\Http\\Request))
#69 /Users/ahmedmosaad/Herd/myclass2026-main/vendor/laravel/framework/src/Illuminate/Pipeline/Pipeline.php(209): Illuminate\\Foundation\\Http\\Middleware\\InvokeDeferredCallbacks->handle(Object(Illuminate\\Http\\Request), Object(Closure))
#70 /Users/ahmedmosaad/Herd/myclass2026-main/vendor/laravel/framework/src/Illuminate/Http/Middleware/ValidatePathEncoding.php(26): Illuminate\\Pipeline\\Pipeline->{closure:{closure:Illuminate\\Pipeline\\Pipeline::carry():184}:185}(Object(Illuminate\\Http\\Request))
#71 /Users/ahmedmosaad/Herd/myclass2026-main/vendor/laravel/framework/src/Illuminate/Pipeline/Pipeline.php(209): Illuminate\\Http\\Middleware\\ValidatePathEncoding->handle(Object(Illuminate\\Http\\Request), Object(Closure))
#72 /Users/ahmedmosaad/Herd/myclass2026-main/vendor/laravel/framework/src/Illuminate/Pipeline/Pipeline.php(127): Illuminate\\Pipeline\\Pipeline->{closure:{closure:Illuminate\\Pipeline\\Pipeline::carry():184}:185}(Object(Illuminate\\Http\\Request))
#73 /Users/ahmedmosaad/Herd/myclass2026-main/vendor/laravel/framework/src/Illuminate/Foundation/Http/Kernel.php(176): Illuminate\\Pipeline\\Pipeline->then(Object(Closure))
#74 /Users/ahmedmosaad/Herd/myclass2026-main/vendor/laravel/framework/src/Illuminate/Foundation/Http/Kernel.php(145): Illuminate\\Foundation\\Http\\Kernel->sendRequestThroughRouter(Object(Illuminate\\Http\\Request))
#75 /Users/ahmedmosaad/Herd/myclass2026-main/vendor/laravel/framework/src/Illuminate/Foundation/Application.php(1220): Illuminate\\Foundation\\Http\\Kernel->handle(Object(Illuminate\\Http\\Request))
#76 /Users/ahmedmosaad/Herd/myclass2026-main/public/index.php(20): Illuminate\\Foundation\\Application->handleRequest(Object(Illuminate\\Http\\Request))
#77 /Users/ahmedmosaad/Herd/myclass2026-main/vendor/laravel/framework/src/Illuminate/Foundation/resources/server.php(23): require_once('/Users/ahmedmos...')
#78 {main}
"} 
[2026-02-07 11:36:14] local.ERROR: include(assets/images/icon-copy.svg): Failed to open stream: No such file or directory {"userId":19,"exception":"[object] (ErrorException(code: 0): include(assets/images/icon-copy.svg): Failed to open stream: No such file or directory at /Users/ahmedmosaad/Herd/myclass2026-main/vendor/symfony/error-handler/ErrorRenderer/HtmlErrorRenderer.php:341)
[stacktrace]
#0 /Users/ahmedmosaad/Herd/myclass2026-main/vendor/laravel/framework/src/Illuminate/Foundation/Bootstrap/HandleExceptions.php(256): Illuminate\\Foundation\\Bootstrap\\HandleExceptions->handleError(2, 'include(assets/...', '/Users/ahmedmos...', 341)
#1 /Users/ahmedmosaad/Herd/myclass2026-main/vendor/symfony/error-handler/ErrorRenderer/HtmlErrorRenderer.php(341): Illuminate\\Foundation\\Bootstrap\\HandleExceptions->{closure:Illuminate\\Foundation\\Bootstrap\\HandleExceptions::forwardsTo():255}(2, 'include(assets/...', '/Users/ahmedmos...', 341)
#2 /Users/ahmedmosaad/Herd/myclass2026-main/vendor/symfony/error-handler/ErrorRenderer/HtmlErrorRenderer.php(341): include('/Users/ahmedmos...')
#3 /Users/ahmedmosaad/Herd/myclass2026-main/vendor/symfony/error-handler/Resources/views/trace.html.php(29): Symfony\\Component\\ErrorHandler\\ErrorRenderer\\HtmlErrorRenderer->include('assets/images/i...')
#4 /Users/ahmedmosaad/Herd/myclass2026-main/vendor/symfony/error-handler/ErrorRenderer/HtmlErrorRenderer.php(341): include('/Users/ahmedmos...')
#5 /Users/ahmedmosaad/Herd/myclass2026-main/vendor/symfony/error-handler/Resources/views/traces.html.php(48): Symfony\\Component\\ErrorHandler\\ErrorRenderer\\HtmlErrorRenderer->include('views/trace.htm...', Array)
#6 /Users/ahmedmosaad/Herd/myclass2026-main/vendor/symfony/error-handler/ErrorRenderer/HtmlErrorRenderer.php(341): include('/Users/ahmedmos...')
#7 /Users/ahmedmosaad/Herd/myclass2026-main/vendor/symfony/error-handler/Resources/views/exception.html.php(54): Symfony\\Component\\ErrorHandler\\ErrorRenderer\\HtmlErrorRenderer->include('views/traces.ht...', Array)
#8 /Users/ahmedmosaad/Herd/myclass2026-main/vendor/symfony/error-handler/ErrorRenderer/HtmlErrorRenderer.php(341): include('/Users/ahmedmos...')
#9 /Users/ahmedmosaad/Herd/myclass2026-main/vendor/symfony/error-handler/Resources/views/exception_full.html.php(35): Symfony\\Component\\ErrorHandler\\ErrorRenderer\\HtmlErrorRenderer->include('views/exception...', Array)
#10 /Users/ahmedmosaad/Herd/myclass2026-main/vendor/symfony/error-handler/ErrorRenderer/HtmlErrorRenderer.php(341): include('/Users/ahmedmos...')
#11 /Users/ahmedmosaad/Herd/myclass2026-main/vendor/symfony/error-handler/ErrorRenderer/HtmlErrorRenderer.php(140): Symfony\\Component\\ErrorHandler\\ErrorRenderer\\HtmlErrorRenderer->include('views/exception...', Array)
#12 /Users/ahmedmosaad/Herd/myclass2026-main/vendor/symfony/error-handler/ErrorRenderer/HtmlErrorRenderer.php(72): Symfony\\Component\\ErrorHandler\\ErrorRenderer\\HtmlErrorRenderer->renderException(Object(Symfony\\Component\\ErrorHandler\\Exception\\FlattenException))
#13 /Users/ahmedmosaad/Herd/myclass2026-main/vendor/laravel/framework/src/Illuminate/Foundation/Exceptions/Handler.php(879): Symfony\\Component\\ErrorHandler\\ErrorRenderer\\HtmlErrorRenderer->render(Object(Symfony\\Component\\ErrorHandler\\Exception\\FlattenException))
#14 /Users/ahmedmosaad/Herd/myclass2026-main/vendor/laravel/framework/src/Illuminate/Foundation/Exceptions/Handler.php(853): Illuminate\\Foundation\\Exceptions\\Handler->renderExceptionWithSymfony(Object(ErrorException), true)
#15 /Users/ahmedmosaad/Herd/myclass2026-main/vendor/laravel/framework/src/Illuminate/Foundation/Exceptions/Handler.php(828): Illuminate\\Foundation\\Exceptions\\Handler->renderExceptionContent(Object(ErrorException))
#16 /Users/ahmedmosaad/Herd/myclass2026-main/vendor/laravel/framework/src/Illuminate/Foundation/Exceptions/Handler.php(807): Illuminate\\Foundation\\Exceptions\\Handler->convertExceptionToResponse(Object(ErrorException))
#17 /Users/ahmedmosaad/Herd/myclass2026-main/vendor/laravel/framework/src/Illuminate/Foundation/Exceptions/Handler.php(706): Illuminate\\Foundation\\Exceptions\\Handler->prepareResponse(Object(Illuminate\\Http\\Request), Object(ErrorException))
#18 /Users/ahmedmosaad/Herd/myclass2026-main/vendor/laravel/framework/src/Illuminate/Foundation/Exceptions/Handler.php(594): Illuminate\\Foundation\\Exceptions\\Handler->renderExceptionResponse(Object(Illuminate\\Http\\Request), Object(ErrorException))
#19 /Users/ahmedmosaad/Herd/myclass2026-main/vendor/laravel/framework/src/Illuminate/Routing/Pipeline.php(51): Illuminate\\Foundation\\Exceptions\\Handler->render(Object(Illuminate\\Http\\Request), Object(ErrorException))
#20 /Users/ahmedmosaad/Herd/myclass2026-main/vendor/laravel/framework/src/Illuminate/Pipeline/Pipeline.php(214): Illuminate\\Routing\\Pipeline->handleException(Object(Illuminate\\Http\\Request), Object(ErrorException))
#21 /Users/ahmedmosaad/Herd/myclass2026-main/vendor/laravel/framework/src/Illuminate/Http/Middleware/AddLinkHeadersForPreloadedAssets.php(20): Illuminate\\Pipeline\\Pipeline->{closure:{closure:Illuminate\\Pipeline\\Pipeline::carry():184}:185}(Object(Illuminate\\Http\\Request))
#22 /Users/ahmedmosaad/Herd/myclass2026-main/vendor/laravel/framework/src/Illuminate/Pipeline/Pipeline.php(209): Illuminate\\Http\\Middleware\\AddLinkHeadersForPreloadedAssets->handle(Object(Illuminate\\Http\\Request), Object(Closure))
#23 /Users/ahmedmosaad/Herd/myclass2026-main/vendor/inertiajs/inertia-laravel/src/Middleware.php(86): Illuminate\\Pipeline\\Pipeline->{closure:{closure:Illuminate\\Pipeline\\Pipeline::carry():184}:185}(Object(Illuminate\\Http\\Request))
#24 /Users/ahmedmosaad/Herd/myclass2026-main/app/Http/Middleware/HandleInertiaRequests.php(94): Inertia\\Middleware->handle(Object(Illuminate\\Http\\Request), Object(Closure))
#25 /Users/ahmedmosaad/Herd/myclass2026-main/vendor/laravel/framework/src/Illuminate/Pipeline/Pipeline.php(209): App\\Http\\Middleware\\HandleInertiaRequests->handle(Object(Illuminate\\Http\\Request), Object(Closure))
#26 /Users/ahmedmosaad/Herd/myclass2026-main/vendor/laravel/jetstream/src/Http/Middleware/ShareInertiaData.php(69): Illuminate\\Pipeline\\Pipeline->{closure:{closure:Illuminate\\Pipeline\\Pipeline::carry():184}:185}(Object(Illuminate\\Http\\Request))
#27 /Users/ahmedmosaad/Herd/myclass2026-main/vendor/laravel/framework/src/Illuminate/Pipeline/Pipeline.php(209): Laravel\\Jetstream\\Http\\Middleware\\ShareInertiaData->handle(Object(Illuminate\\Http\\Request), Object(Closure))
#28 /Users/ahmedmosaad/Herd/myclass2026-main/vendor/laravel/framework/src/Illuminate/Routing/Middleware/SubstituteBindings.php(51): Illuminate\\Pipeline\\Pipeline->{closure:{closure:Illuminate\\Pipeline\\Pipeline::carry():184}:185}(Object(Illuminate\\Http\\Request))
#29 /Users/ahmedmosaad/Herd/myclass2026-main/vendor/laravel/framework/src/Illuminate/Pipeline/Pipeline.php(209): Illuminate\\Routing\\Middleware\\SubstituteBindings->handle(Object(Illuminate\\Http\\Request), Object(Closure))
#30 /Users/ahmedmosaad/Herd/myclass2026-main/vendor/laravel/framework/src/Illuminate/Session/Middleware/AuthenticateSession.php(67): Illuminate\\Pipeline\\Pipeline->{closure:{closure:Illuminate\\Pipeline\\Pipeline::carry():184}:185}(Object(Illuminate\\Http\\Request))
#31 /Users/ahmedmosaad/Herd/myclass2026-main/vendor/laravel/framework/src/Illuminate/Pipeline/Pipeline.php(209): Illuminate\\Session\\Middleware\\AuthenticateSession->handle(Object(Illuminate\\Http\\Request), Object(Closure))
#32 /Users/ahmedmosaad/Herd/myclass2026-main/vendor/laravel/framework/src/Illuminate/Auth/Middleware/Authenticate.php(64): Illuminate\\Pipeline\\Pipeline->{closure:{closure:Illuminate\\Pipeline\\Pipeline::carry():184}:185}(Object(Illuminate\\Http\\Request))
#33 /Users/ahmedmosaad/Herd/myclass2026-main/vendor/laravel/framework/src/Illuminate/Pipeline/Pipeline.php(209): Illuminate\\Auth\\Middleware\\Authenticate->handle(Object(Illuminate\\Http\\Request), Object(Closure), 'sanctum')
#34 /Users/ahmedmosaad/Herd/myclass2026-main/vendor/laravel/framework/src/Illuminate/Foundation/Http/Middleware/VerifyCsrfToken.php(88): Illuminate\\Pipeline\\Pipeline->{closure:{closure:Illuminate\\Pipeline\\Pipeline::carry():184}:185}(Object(Illuminate\\Http\\Request))
#35 /Users/ahmedmosaad/Herd/myclass2026-main/vendor/laravel/framework/src/Illuminate/Pipeline/Pipeline.php(209): Illuminate\\Foundation\\Http\\Middleware\\VerifyCsrfToken->handle(Object(Illuminate\\Http\\Request), Object(Closure))
#36 /Users/ahmedmosaad/Herd/myclass2026-main/vendor/laravel/framework/src/Illuminate/View/Middleware/ShareErrorsFromSession.php(49): Illuminate\\Pipeline\\Pipeline->{closure:{closure:Illuminate\\Pipeline\\Pipeline::carry():184}:185}(Object(Illuminate\\Http\\Request))
#37 /Users/ahmedmosaad/Herd/myclass2026-main/vendor/laravel/framework/src/Illuminate/Pipeline/Pipeline.php(209): Illuminate\\View\\Middleware\\ShareErrorsFromSession->handle(Object(Illuminate\\Http\\Request), Object(Closure))
#38 /Users/ahmedmosaad/Herd/myclass2026-main/vendor/laravel/framework/src/Illuminate/Session/Middleware/StartSession.php(121): Illuminate\\Pipeline\\Pipeline->{closure:{closure:Illuminate\\Pipeline\\Pipeline::carry():184}:185}(Object(Illuminate\\Http\\Request))
#39 /Users/ahmedmosaad/Herd/myclass2026-main/vendor/laravel/framework/src/Illuminate/Session/Middleware/StartSession.php(64): Illuminate\\Session\\Middleware\\StartSession->handleStatefulRequest(Object(Illuminate\\Http\\Request), Object(Illuminate\\Session\\Store), Object(Closure))
#40 /Users/ahmedmosaad/Herd/myclass2026-main/vendor/laravel/framework/src/Illuminate/Pipeline/Pipeline.php(209): Illuminate\\Session\\Middleware\\StartSession->handle(Object(Illuminate\\Http\\Request), Object(Closure))
#41 /Users/ahmedmosaad/Herd/myclass2026-main/vendor/laravel/framework/src/Illuminate/Cookie/Middleware/AddQueuedCookiesToResponse.php(37): Illuminate\\Pipeline\\Pipeline->{closure:{closure:Illuminate\\Pipeline\\Pipeline::carry():184}:185}(Object(Illuminate\\Http\\Request))
#42 /Users/ahmedmosaad/Herd/myclass2026-main/vendor/laravel/framework/src/Illuminate/Pipeline/Pipeline.php(209): Illuminate\\Cookie\\Middleware\\AddQueuedCookiesToResponse->handle(Object(Illuminate\\Http\\Request), Object(Closure))
#43 /Users/ahmedmosaad/Herd/myclass2026-main/vendor/laravel/framework/src/Illuminate/Cookie/Middleware/EncryptCookies.php(75): Illuminate\\Pipeline\\Pipeline->{closure:{closure:Illuminate\\Pipeline\\Pipeline::carry():184}:185}(Object(Illuminate\\Http\\Request))
#44 /Users/ahmedmosaad/Herd/myclass2026-main/vendor/laravel/framework/src/Illuminate/Pipeline/Pipeline.php(209): Illuminate\\Cookie\\Middleware\\EncryptCookies->handle(Object(Illuminate\\Http\\Request), Object(Closure))
#45 /Users/ahmedmosaad/Herd/myclass2026-main/vendor/laravel/framework/src/Illuminate/Pipeline/Pipeline.php(127): Illuminate\\Pipeline\\Pipeline->{closure:{closure:Illuminate\\Pipeline\\Pipeline::carry():184}:185}(Object(Illuminate\\Http\\Request))
#46 /Users/ahmedmosaad/Herd/myclass2026-main/vendor/laravel/framework/src/Illuminate/Routing/Router.php(807): Illuminate\\Pipeline\\Pipeline->then(Object(Closure))
#47 /Users/ahmedmosaad/Herd/myclass2026-main/vendor/laravel/framework/src/Illuminate/Routing/Router.php(786): Illuminate\\Routing\\Router->runRouteWithinStack(Object(Illuminate\\Routing\\Route), Object(Illuminate\\Http\\Request))
#48 /Users/ahmedmosaad/Herd/myclass2026-main/vendor/laravel/framework/src/Illuminate/Routing/Router.php(750): Illuminate\\Routing\\Router->runRoute(Object(Illuminate\\Http\\Request), Object(Illuminate\\Routing\\Route))
#49 /Users/ahmedmosaad/Herd/myclass2026-main/vendor/laravel/framework/src/Illuminate/Routing/Router.php(739): Illuminate\\Routing\\Router->dispatchToRoute(Object(Illuminate\\Http\\Request))
#50 /Users/ahmedmosaad/Herd/myclass2026-main/vendor/laravel/framework/src/Illuminate/Foundation/Http/Kernel.php(201): Illuminate\\Routing\\Router->dispatch(Object(Illuminate\\Http\\Request))
#51 /Users/ahmedmosaad/Herd/myclass2026-main/vendor/laravel/framework/src/Illuminate/Pipeline/Pipeline.php(170): Illuminate\\Foundation\\Http\\Kernel->{closure:Illuminate\\Foundation\\Http\\Kernel::dispatchToRouter():198}(Object(Illuminate\\Http\\Request))
#52 /Users/ahmedmosaad/Herd/myclass2026-main/vendor/laravel/framework/src/Illuminate/Foundation/Http/Middleware/TransformsRequest.php(21): Illuminate\\Pipeline\\Pipeline->{closure:Illuminate\\Pipeline\\Pipeline::prepareDestination():168}(Object(Illuminate\\Http\\Request))
#53 /Users/ahmedmosaad/Herd/myclass2026-main/vendor/laravel/framework/src/Illuminate/Foundation/Http/Middleware/ConvertEmptyStringsToNull.php(31): Illuminate\\Foundation\\Http\\Middleware\\TransformsRequest->handle(Object(Illuminate\\Http\\Request), Object(Closure))
#54 /Users/ahmedmosaad/Herd/myclass2026-main/vendor/laravel/framework/src/Illuminate/Pipeline/Pipeline.php(209): Illuminate\\Foundation\\Http\\Middleware\\ConvertEmptyStringsToNull->handle(Object(Illuminate\\Http\\Request), Object(Closure))
#55 /Users/ahmedmosaad/Herd/myclass2026-main/vendor/laravel/framework/src/Illuminate/Foundation/Http/Middleware/TransformsRequest.php(21): Illuminate\\Pipeline\\Pipeline->{closure:{closure:Illuminate\\Pipeline\\Pipeline::carry():184}:185}(Object(Illuminate\\Http\\Request))
#56 /Users/ahmedmosaad/Herd/myclass2026-main/vendor/laravel/framework/src/Illuminate/Foundation/Http/Middleware/TrimStrings.php(51): Illuminate\\Foundation\\Http\\Middleware\\TransformsRequest->handle(Object(Illuminate\\Http\\Request), Object(Closure))
#57 /Users/ahmedmosaad/Herd/myclass2026-main/vendor/laravel/framework/src/Illuminate/Pipeline/Pipeline.php(209): Illuminate\\Foundation\\Http\\Middleware\\TrimStrings->handle(Object(Illuminate\\Http\\Request), Object(Closure))
#58 /Users/ahmedmosaad/Herd/myclass2026-main/vendor/laravel/framework/src/Illuminate/Http/Middleware/ValidatePostSize.php(27): Illuminate\\Pipeline\\Pipeline->{closure:{closure:Illuminate\\Pipeline\\Pipeline::carry():184}:185}(Object(Illuminate\\Http\\Request))
#59 /Users/ahmedmosaad/Herd/myclass2026-main/vendor/laravel/framework/src/Illuminate/Pipeline/Pipeline.php(209): Illuminate\\Http\\Middleware\\ValidatePostSize->handle(Object(Illuminate\\Http\\Request), Object(Closure))
#60 /Users/ahmedmosaad/Herd/myclass2026-main/vendor/laravel/framework/src/Illuminate/Foundation/Http/Middleware/PreventRequestsDuringMaintenance.php(110): Illuminate\\Pipeline\\Pipeline->{closure:{closure:Illuminate\\Pipeline\\Pipeline::carry():184}:185}(Object(Illuminate\\Http\\Request))
#61 /Users/ahmedmosaad/Herd/myclass2026-main/vendor/laravel/framework/src/Illuminate/Pipeline/Pipeline.php(209): Illuminate\\Foundation\\Http\\Middleware\\PreventRequestsDuringMaintenance->handle(Object(Illuminate\\Http\\Request), Object(Closure))
#62 /Users/ahmedmosaad/Herd/myclass2026-main/vendor/laravel/framework/src/Illuminate/Http/Middleware/HandleCors.php(49): Illuminate\\Pipeline\\Pipeline->{closure:{closure:Illuminate\\Pipeline\\Pipeline::carry():184}:185}(Object(Illuminate\\Http\\Request))
#63 /Users/ahmedmosaad/Herd/myclass2026-main/vendor/laravel/framework/src/Illuminate/Pipeline/Pipeline.php(209): Illuminate\\Http\\Middleware\\HandleCors->handle(Object(Illuminate\\Http\\Request), Object(Closure))
#64 /Users/ahmedmosaad/Herd/myclass2026-main/vendor/laravel/framework/src/Illuminate/Http/Middleware/TrustProxies.php(58): Illuminate\\Pipeline\\Pipeline->{closure:{closure:Illuminate\\Pipeline\\Pipeline::carry():184}:185}(Object(Illuminate\\Http\\Request))
#65 /Users/ahmedmosaad/Herd/myclass2026-main/vendor/laravel/framework/src/Illuminate/Pipeline/Pipeline.php(209): Illuminate\\Http\\Middleware\\TrustProxies->handle(Object(Illuminate\\Http\\Request), Object(Closure))
#66 /Users/ahmedmosaad/Herd/myclass2026-main/vendor/laravel/framework/src/Illuminate/Foundation/Http/Middleware/InvokeDeferredCallbacks.php(22): Illuminate\\Pipeline\\Pipeline->{closure:{closure:Illuminate\\Pipeline\\Pipeline::carry():184}:185}(Object(Illuminate\\Http\\Request))
#67 /Users/ahmedmosaad/Herd/myclass2026-main/vendor/laravel/framework/src/Illuminate/Pipeline/Pipeline.php(209): Illuminate\\Foundation\\Http\\Middleware\\InvokeDeferredCallbacks->handle(Object(Illuminate\\Http\\Request), Object(Closure))
#68 /Users/ahmedmosaad/Herd/myclass2026-main/vendor/laravel/framework/src/Illuminate/Http/Middleware/ValidatePathEncoding.php(26): Illuminate\\Pipeline\\Pipeline->{closure:{closure:Illuminate\\Pipeline\\Pipeline::carry():184}:185}(Object(Illuminate\\Http\\Request))
#69 /Users/ahmedmosaad/Herd/myclass2026-main/vendor/laravel/framework/src/Illuminate/Pipeline/Pipeline.php(209): Illuminate\\Http\\Middleware\\ValidatePathEncoding->handle(Object(Illuminate\\Http\\Request), Object(Closure))
#70 /Users/ahmedmosaad/Herd/myclass2026-main/vendor/laravel/framework/src/Illuminate/Pipeline/Pipeline.php(127): Illuminate\\Pipeline\\Pipeline->{closure:{closure:Illuminate\\Pipeline\\Pipeline::carry():184}:185}(Object(Illuminate\\Http\\Request))
#71 /Users/ahmedmosaad/Herd/myclass2026-main/vendor/laravel/framework/src/Illuminate/Foundation/Http/Kernel.php(176): Illuminate\\Pipeline\\Pipeline->then(Object(Closure))
#72 /Users/ahmedmosaad/Herd/myclass2026-main/vendor/laravel/framework/src/Illuminate/Foundation/Http/Kernel.php(145): Illuminate\\Foundation\\Http\\Kernel->sendRequestThroughRouter(Object(Illuminate\\Http\\Request))
#73 /Users/ahmedmosaad/Herd/myclass2026-main/vendor/laravel/framework/src/Illuminate/Foundation/Application.php(1220): Illuminate\\Foundation\\Http\\Kernel->handle(Object(Illuminate\\Http\\Request))
#74 /Users/ahmedmosaad/Herd/myclass2026-main/public/index.php(20): Illuminate\\Foundation\\Application->handleRequest(Object(Illuminate\\Http\\Request))
#75 /Users/ahmedmosaad/Herd/myclass2026-main/vendor/laravel/framework/src/Illuminate/Foundation/resources/server.php(23): require_once('/Users/ahmedmos...')
#76 {main}
"} 
[2026-02-07 11:36:14] local.ERROR: include(assets/images/icon-copy.svg): Failed to open stream: No such file or directory {"userId":19,"exception":"[object] (ErrorException(code: 0): include(assets/images/icon-copy.svg): Failed to open stream: No such file or directory at /Users/ahmedmosaad/Herd/myclass2026-main/vendor/symfony/error-handler/ErrorRenderer/HtmlErrorRenderer.php:341)
[stacktrace]
#0 /Users/ahmedmosaad/Herd/myclass2026-main/vendor/laravel/framework/src/Illuminate/Foundation/Bootstrap/HandleExceptions.php(256): Illuminate\\Foundation\\Bootstrap\\HandleExceptions->handleError(2, 'include(assets/...', '/Users/ahmedmos...', 341)
#1 /Users/ahmedmosaad/Herd/myclass2026-main/vendor/symfony/error-handler/ErrorRenderer/HtmlErrorRenderer.php(341): Illuminate\\Foundation\\Bootstrap\\HandleExceptions->{closure:Illuminate\\Foundation\\Bootstrap\\HandleExceptions::forwardsTo():255}(2, 'include(assets/...', '/Users/ahmedmos...', 341)
#2 /Users/ahmedmosaad/Herd/myclass2026-main/vendor/symfony/error-handler/ErrorRenderer/HtmlErrorRenderer.php(341): include('/Users/ahmedmos...')
#3 /Users/ahmedmosaad/Herd/myclass2026-main/vendor/symfony/error-handler/Resources/views/trace.html.php(29): Symfony\\Component\\ErrorHandler\\ErrorRenderer\\HtmlErrorRenderer->include('assets/images/i...')
#4 /Users/ahmedmosaad/Herd/myclass2026-main/vendor/symfony/error-handler/ErrorRenderer/HtmlErrorRenderer.php(341): include('/Users/ahmedmos...')
#5 /Users/ahmedmosaad/Herd/myclass2026-main/vendor/symfony/error-handler/Resources/views/traces.html.php(48): Symfony\\Component\\ErrorHandler\\ErrorRenderer\\HtmlErrorRenderer->include('views/trace.htm...', Array)
#6 /Users/ahmedmosaad/Herd/myclass2026-main/vendor/symfony/error-handler/ErrorRenderer/HtmlErrorRenderer.php(341): include('/Users/ahmedmos...')
#7 /Users/ahmedmosaad/Herd/myclass2026-main/vendor/symfony/error-handler/Resources/views/exception.html.php(54): Symfony\\Component\\ErrorHandler\\ErrorRenderer\\HtmlErrorRenderer->include('views/traces.ht...', Array)
#8 /Users/ahmedmosaad/Herd/myclass2026-main/vendor/symfony/error-handler/ErrorRenderer/HtmlErrorRenderer.php(341): include('/Users/ahmedmos...')
#9 /Users/ahmedmosaad/Herd/myclass2026-main/vendor/symfony/error-handler/Resources/views/exception_full.html.php(35): Symfony\\Component\\ErrorHandler\\ErrorRenderer\\HtmlErrorRenderer->include('views/exception...', Array)
#10 /Users/ahmedmosaad/Herd/myclass2026-main/vendor/symfony/error-handler/ErrorRenderer/HtmlErrorRenderer.php(341): include('/Users/ahmedmos...')
#11 /Users/ahmedmosaad/Herd/myclass2026-main/vendor/symfony/error-handler/ErrorRenderer/HtmlErrorRenderer.php(140): Symfony\\Component\\ErrorHandler\\ErrorRenderer\\HtmlErrorRenderer->include('views/exception...', Array)
#12 /Users/ahmedmosaad/Herd/myclass2026-main/vendor/symfony/error-handler/ErrorRenderer/HtmlErrorRenderer.php(72): Symfony\\Component\\ErrorHandler\\ErrorRenderer\\HtmlErrorRenderer->renderException(Object(Symfony\\Component\\ErrorHandler\\Exception\\FlattenException))
#13 /Users/ahmedmosaad/Herd/myclass2026-main/vendor/laravel/framework/src/Illuminate/Foundation/Exceptions/Handler.php(879): Symfony\\Component\\ErrorHandler\\ErrorRenderer\\HtmlErrorRenderer->render(Object(Symfony\\Component\\ErrorHandler\\Exception\\FlattenException))
#14 /Users/ahmedmosaad/Herd/myclass2026-main/vendor/laravel/framework/src/Illuminate/Foundation/Exceptions/Handler.php(853): Illuminate\\Foundation\\Exceptions\\Handler->renderExceptionWithSymfony(Object(ErrorException), true)
#15 /Users/ahmedmosaad/Herd/myclass2026-main/vendor/laravel/framework/src/Illuminate/Foundation/Exceptions/Handler.php(828): Illuminate\\Foundation\\Exceptions\\Handler->renderExceptionContent(Object(ErrorException))
#16 /Users/ahmedmosaad/Herd/myclass2026-main/vendor/laravel/framework/src/Illuminate/Foundation/Exceptions/Handler.php(807): Illuminate\\Foundation\\Exceptions\\Handler->convertExceptionToResponse(Object(ErrorException))
#17 /Users/ahmedmosaad/Herd/myclass2026-main/vendor/laravel/framework/src/Illuminate/Foundation/Exceptions/Handler.php(706): Illuminate\\Foundation\\Exceptions\\Handler->prepareResponse(Object(Illuminate\\Http\\Request), Object(ErrorException))
#18 /Users/ahmedmosaad/Herd/myclass2026-main/vendor/laravel/framework/src/Illuminate/Foundation/Exceptions/Handler.php(594): Illuminate\\Foundation\\Exceptions\\Handler->renderExceptionResponse(Object(Illuminate\\Http\\Request), Object(ErrorException))
#19 /Users/ahmedmosaad/Herd/myclass2026-main/vendor/laravel/framework/src/Illuminate/Routing/Pipeline.php(51): Illuminate\\Foundation\\Exceptions\\Handler->render(Object(Illuminate\\Http\\Request), Object(ErrorException))
#20 /Users/ahmedmosaad/Herd/myclass2026-main/vendor/laravel/framework/src/Illuminate/Pipeline/Pipeline.php(214): Illuminate\\Routing\\Pipeline->handleException(Object(Illuminate\\Http\\Request), Object(ErrorException))
#21 /Users/ahmedmosaad/Herd/myclass2026-main/vendor/inertiajs/inertia-laravel/src/Middleware.php(86): Illuminate\\Pipeline\\Pipeline->{closure:{closure:Illuminate\\Pipeline\\Pipeline::carry():184}:185}(Object(Illuminate\\Http\\Request))
#22 /Users/ahmedmosaad/Herd/myclass2026-main/app/Http/Middleware/HandleInertiaRequests.php(94): Inertia\\Middleware->handle(Object(Illuminate\\Http\\Request), Object(Closure))
#23 /Users/ahmedmosaad/Herd/myclass2026-main/vendor/laravel/framework/src/Illuminate/Pipeline/Pipeline.php(209): App\\Http\\Middleware\\HandleInertiaRequests->handle(Object(Illuminate\\Http\\Request), Object(Closure))
#24 /Users/ahmedmosaad/Herd/myclass2026-main/vendor/laravel/jetstream/src/Http/Middleware/ShareInertiaData.php(69): Illuminate\\Pipeline\\Pipeline->{closure:{closure:Illuminate\\Pipeline\\Pipeline::carry():184}:185}(Object(Illuminate\\Http\\Request))
#25 /Users/ahmedmosaad/Herd/myclass2026-main/vendor/laravel/framework/src/Illuminate/Pipeline/Pipeline.php(209): Laravel\\Jetstream\\Http\\Middleware\\ShareInertiaData->handle(Object(Illuminate\\Http\\Request), Object(Closure))
#26 /Users/ahmedmosaad/Herd/myclass2026-main/vendor/laravel/framework/src/Illuminate/Routing/Middleware/SubstituteBindings.php(51): Illuminate\\Pipeline\\Pipeline->{closure:{closure:Illuminate\\Pipeline\\Pipeline::carry():184}:185}(Object(Illuminate\\Http\\Request))
#27 /Users/ahmedmosaad/Herd/myclass2026-main/vendor/laravel/framework/src/Illuminate/Pipeline/Pipeline.php(209): Illuminate\\Routing\\Middleware\\SubstituteBindings->handle(Object(Illuminate\\Http\\Request), Object(Closure))
#28 /Users/ahmedmosaad/Herd/myclass2026-main/vendor/laravel/framework/src/Illuminate/Session/Middleware/AuthenticateSession.php(67): Illuminate\\Pipeline\\Pipeline->{closure:{closure:Illuminate\\Pipeline\\Pipeline::carry():184}:185}(Object(Illuminate\\Http\\Request))
#29 /Users/ahmedmosaad/Herd/myclass2026-main/vendor/laravel/framework/src/Illuminate/Pipeline/Pipeline.php(209): Illuminate\\Session\\Middleware\\AuthenticateSession->handle(Object(Illuminate\\Http\\Request), Object(Closure))
#30 /Users/ahmedmosaad/Herd/myclass2026-main/vendor/laravel/framework/src/Illuminate/Auth/Middleware/Authenticate.php(64): Illuminate\\Pipeline\\Pipeline->{closure:{closure:Illuminate\\Pipeline\\Pipeline::carry():184}:185}(Object(Illuminate\\Http\\Request))
#31 /Users/ahmedmosaad/Herd/myclass2026-main/vendor/laravel/framework/src/Illuminate/Pipeline/Pipeline.php(209): Illuminate\\Auth\\Middleware\\Authenticate->handle(Object(Illuminate\\Http\\Request), Object(Closure), 'sanctum')
#32 /Users/ahmedmosaad/Herd/myclass2026-main/vendor/laravel/framework/src/Illuminate/Foundation/Http/Middleware/VerifyCsrfToken.php(88): Illuminate\\Pipeline\\Pipeline->{closure:{closure:Illuminate\\Pipeline\\Pipeline::carry():184}:185}(Object(Illuminate\\Http\\Request))
#33 /Users/ahmedmosaad/Herd/myclass2026-main/vendor/laravel/framework/src/Illuminate/Pipeline/Pipeline.php(209): Illuminate\\Foundation\\Http\\Middleware\\VerifyCsrfToken->handle(Object(Illuminate\\Http\\Request), Object(Closure))
#34 /Users/ahmedmosaad/Herd/myclass2026-main/vendor/laravel/framework/src/Illuminate/View/Middleware/ShareErrorsFromSession.php(49): Illuminate\\Pipeline\\Pipeline->{closure:{closure:Illuminate\\Pipeline\\Pipeline::carry():184}:185}(Object(Illuminate\\Http\\Request))
#35 /Users/ahmedmosaad/Herd/myclass2026-main/vendor/laravel/framework/src/Illuminate/Pipeline/Pipeline.php(209): Illuminate\\View\\Middleware\\ShareErrorsFromSession->handle(Object(Illuminate\\Http\\Request), Object(Closure))
#36 /Users/ahmedmosaad/Herd/myclass2026-main/vendor/laravel/framework/src/Illuminate/Session/Middleware/StartSession.php(121): Illuminate\\Pipeline\\Pipeline->{closure:{closure:Illuminate\\Pipeline\\Pipeline::carry():184}:185}(Object(Illuminate\\Http\\Request))
#37 /Users/ahmedmosaad/Herd/myclass2026-main/vendor/laravel/framework/src/Illuminate/Session/Middleware/StartSession.php(64): Illuminate\\Session\\Middleware\\StartSession->handleStatefulRequest(Object(Illuminate\\Http\\Request), Object(Illuminate\\Session\\Store), Object(Closure))
#38 /Users/ahmedmosaad/Herd/myclass2026-main/vendor/laravel/framework/src/Illuminate/Pipeline/Pipeline.php(209): Illuminate\\Session\\Middleware\\StartSession->handle(Object(Illuminate\\Http\\Request), Object(Closure))
#39 /Users/ahmedmosaad/Herd/myclass2026-main/vendor/laravel/framework/src/Illuminate/Cookie/Middleware/AddQueuedCookiesToResponse.php(37): Illuminate\\Pipeline\\Pipeline->{closure:{closure:Illuminate\\Pipeline\\Pipeline::carry():184}:185}(Object(Illuminate\\Http\\Request))
#40 /Users/ahmedmosaad/Herd/myclass2026-main/vendor/laravel/framework/src/Illuminate/Pipeline/Pipeline.php(209): Illuminate\\Cookie\\Middleware\\AddQueuedCookiesToResponse->handle(Object(Illuminate\\Http\\Request), Object(Closure))
#41 /Users/ahmedmosaad/Herd/myclass2026-main/vendor/laravel/framework/src/Illuminate/Cookie/Middleware/EncryptCookies.php(75): Illuminate\\Pipeline\\Pipeline->{closure:{closure:Illuminate\\Pipeline\\Pipeline::carry():184}:185}(Object(Illuminate\\Http\\Request))
#42 /Users/ahmedmosaad/Herd/myclass2026-main/vendor/laravel/framework/src/Illuminate/Pipeline/Pipeline.php(209): Illuminate\\Cookie\\Middleware\\EncryptCookies->handle(Object(Illuminate\\Http\\Request), Object(Closure))
#43 /Users/ahmedmosaad/Herd/myclass2026-main/vendor/laravel/framework/src/Illuminate/Pipeline/Pipeline.php(127): Illuminate\\Pipeline\\Pipeline->{closure:{closure:Illuminate\\Pipeline\\Pipeline::carry():184}:185}(Object(Illuminate\\Http\\Request))
#44 /Users/ahmedmosaad/Herd/myclass2026-main/vendor/laravel/framework/src/Illuminate/Routing/Router.php(807): Illuminate\\Pipeline\\Pipeline->then(Object(Closure))
#45 /Users/ahmedmosaad/Herd/myclass2026-main/vendor/laravel/framework/src/Illuminate/Routing/Router.php(786): Illuminate\\Routing\\Router->runRouteWithinStack(Object(Illuminate\\Routing\\Route), Object(Illuminate\\Http\\Request))
#46 /Users/ahmedmosaad/Herd/myclass2026-main/vendor/laravel/framework/src/Illuminate/Routing/Router.php(750): Illuminate\\Routing\\Router->runRoute(Object(Illuminate\\Http\\Request), Object(Illuminate\\Routing\\Route))
#47 /Users/ahmedmosaad/Herd/myclass2026-main/vendor/laravel/framework/src/Illuminate/Routing/Router.php(739): Illuminate\\Routing\\Router->dispatchToRoute(Object(Illuminate\\Http\\Request))
#48 /Users/ahmedmosaad/Herd/myclass2026-main/vendor/laravel/framework/src/Illuminate/Foundation/Http/Kernel.php(201): Illuminate\\Routing\\Router->dispatch(Object(Illuminate\\Http\\Request))
#49 /Users/ahmedmosaad/Herd/myclass2026-main/vendor/laravel/framework/src/Illuminate/Pipeline/Pipeline.php(170): Illuminate\\Foundation\\Http\\Kernel->{closure:Illuminate\\Foundation\\Http\\Kernel::dispatchToRouter():198}(Object(Illuminate\\Http\\Request))
#50 /Users/ahmedmosaad/Herd/myclass2026-main/vendor/laravel/framework/src/Illuminate/Foundation/Http/Middleware/TransformsRequest.php(21): Illuminate\\Pipeline\\Pipeline->{closure:Illuminate\\Pipeline\\Pipeline::prepareDestination():168}(Object(Illuminate\\Http\\Request))
#51 /Users/ahmedmosaad/Herd/myclass2026-main/vendor/laravel/framework/src/Illuminate/Foundation/Http/Middleware/ConvertEmptyStringsToNull.php(31): Illuminate\\Foundation\\Http\\Middleware\\TransformsRequest->handle(Object(Illuminate\\Http\\Request), Object(Closure))
#52 /Users/ahmedmosaad/Herd/myclass2026-main/vendor/laravel/framework/src/Illuminate/Pipeline/Pipeline.php(209): Illuminate\\Foundation\\Http\\Middleware\\ConvertEmptyStringsToNull->handle(Object(Illuminate\\Http\\Request), Object(Closure))
#53 /Users/ahmedmosaad/Herd/myclass2026-main/vendor/laravel/framework/src/Illuminate/Foundation/Http/Middleware/TransformsRequest.php(21): Illuminate\\Pipeline\\Pipeline->{closure:{closure:Illuminate\\Pipeline\\Pipeline::carry():184}:185}(Object(Illuminate\\Http\\Request))
#54 /Users/ahmedmosaad/Herd/myclass2026-main/vendor/laravel/framework/src/Illuminate/Foundation/Http/Middleware/TrimStrings.php(51): Illuminate\\Foundation\\Http\\Middleware\\TransformsRequest->handle(Object(Illuminate\\Http\\Request), Object(Closure))
#55 /Users/ahmedmosaad/Herd/myclass2026-main/vendor/laravel/framework/src/Illuminate/Pipeline/Pipeline.php(209): Illuminate\\Foundation\\Http\\Middleware\\TrimStrings->handle(Object(Illuminate\\Http\\Request), Object(Closure))
#56 /Users/ahmedmosaad/Herd/myclass2026-main/vendor/laravel/framework/src/Illuminate/Http/Middleware/ValidatePostSize.php(27): Illuminate\\Pipeline\\Pipeline->{closure:{closure:Illuminate\\Pipeline\\Pipeline::carry():184}:185}(Object(Illuminate\\Http\\Request))
#57 /Users/ahmedmosaad/Herd/myclass2026-main/vendor/laravel/framework/src/Illuminate/Pipeline/Pipeline.php(209): Illuminate\\Http\\Middleware\\ValidatePostSize->handle(Object(Illuminate\\Http\\Request), Object(Closure))
#58 /Users/ahmedmosaad/Herd/myclass2026-main/vendor/laravel/framework/src/Illuminate/Foundation/Http/Middleware/PreventRequestsDuringMaintenance.php(110): Illuminate\\Pipeline\\Pipeline->{closure:{closure:Illuminate\\Pipeline\\Pipeline::carry():184}:185}(Object(Illuminate\\Http\\Request))
#59 /Users/ahmedmosaad/Herd/myclass2026-main/vendor/laravel/framework/src/Illuminate/Pipeline/Pipeline.php(209): Illuminate\\Foundation\\Http\\Middleware\\PreventRequestsDuringMaintenance->handle(Object(Illuminate\\Http\\Request), Object(Closure))
#60 /Users/ahmedmosaad/Herd/myclass2026-main/vendor/laravel/framework/src/Illuminate/Http/Middleware/HandleCors.php(49): Illuminate\\Pipeline\\Pipeline->{closure:{closure:Illuminate\\Pipeline\\Pipeline::carry():184}:185}(Object(Illuminate\\Http\\Request))
#61 /Users/ahmedmosaad/Herd/myclass2026-main/vendor/laravel/framework/src/Illuminate/Pipeline/Pipeline.php(209): Illuminate\\Http\\Middleware\\HandleCors->handle(Object(Illuminate\\Http\\Request), Object(Closure))
#62 /Users/ahmedmosaad/Herd/myclass2026-main/vendor/laravel/framework/src/Illuminate/Http/Middleware/TrustProxies.php(58): Illuminate\\Pipeline\\Pipeline->{closure:{closure:Illuminate\\Pipeline\\Pipeline::carry():184}:185}(Object(Illuminate\\Http\\Request))
#63 /Users/ahmedmosaad/Herd/myclass2026-main/vendor/laravel/framework/src/Illuminate/Pipeline/Pipeline.php(209): Illuminate\\Http\\Middleware\\TrustProxies->handle(Object(Illuminate\\Http\\Request), Object(Closure))
#64 /Users/ahmedmosaad/Herd/myclass2026-main/vendor/laravel/framework/src/Illuminate/Foundation/Http/Middleware/InvokeDeferredCallbacks.php(22): Illuminate\\Pipeline\\Pipeline->{closure:{closure:Illuminate\\Pipeline\\Pipeline::carry():184}:185}(Object(Illuminate\\Http\\Request))
#65 /Users/ahmedmosaad/Herd/myclass2026-main/vendor/laravel/framework/src/Illuminate/Pipeline/Pipeline.php(209): Illuminate\\Foundation\\Http\\Middleware\\InvokeDeferredCallbacks->handle(Object(Illuminate\\Http\\Request), Object(Closure))
#66 /Users/ahmedmosaad/Herd/myclass2026-main/vendor/laravel/framework/src/Illuminate/Http/Middleware/ValidatePathEncoding.php(26): Illuminate\\Pipeline\\Pipeline->{closure:{closure:Illuminate\\Pipeline\\Pipeline::carry():184}:185}(Object(Illuminate\\Http\\Request))
#67 /Users/ahmedmosaad/Herd/myclass2026-main/vendor/laravel/framework/src/Illuminate/Pipeline/Pipeline.php(209): Illuminate\\Http\\Middleware\\ValidatePathEncoding->handle(Object(Illuminate\\Http\\Request), Object(Closure))
#68 /Users/ahmedmosaad/Herd/myclass2026-main/vendor/laravel/framework/src/Illuminate/Pipeline/Pipeline.php(127): Illuminate\\Pipeline\\Pipeline->{closure:{closure:Illuminate\\Pipeline\\Pipeline::carry():184}:185}(Object(Illuminate\\Http\\Request))
#69 /Users/ahmedmosaad/Herd/myclass2026-main/vendor/laravel/framework/src/Illuminate/Foundation/Http/Kernel.php(176): Illuminate\\Pipeline\\Pipeline->then(Object(Closure))
#70 /Users/ahmedmosaad/Herd/myclass2026-main/vendor/laravel/framework/src/Illuminate/Foundation/Http/Kernel.php(145): Illuminate\\Foundation\\Http\\Kernel->sendRequestThroughRouter(Object(Illuminate\\Http\\Request))
#71 /Users/ahmedmosaad/Herd/myclass2026-main/vendor/laravel/framework/src/Illuminate/Foundation/Application.php(1220): Illuminate\\Foundation\\Http\\Kernel->handle(Object(Illuminate\\Http\\Request))
#72 /Users/ahmedmosaad/Herd/myclass2026-main/public/index.php(20): Illuminate\\Foundation\\Application->handleRequest(Object(Illuminate\\Http\\Request))
#73 /Users/ahmedmosaad/Herd/myclass2026-main/vendor/laravel/framework/src/Illuminate/Foundation/resources/server.php(23): require_once('/Users/ahmedmos...')
#74 {main}
"} 
[2026-02-07 11:36:14] local.ERROR: include(assets/images/icon-copy.svg): Failed to open stream: No such file or directory {"userId":19,"exception":"[object] (ErrorException(code: 0): include(assets/images/icon-copy.svg): Failed to open stream: No such file or directory at /Users/ahmedmosaad/Herd/myclass2026-main/vendor/symfony/error-handler/ErrorRenderer/HtmlErrorRenderer.php:341)
[stacktrace]
#0 /Users/ahmedmosaad/Herd/myclass2026-main/vendor/laravel/framework/src/Illuminate/Foundation/Bootstrap/HandleExceptions.php(256): Illuminate\\Foundation\\Bootstrap\\HandleExceptions->handleError(2, 'include(assets/...', '/Users/ahmedmos...', 341)
#1 /Users/ahmedmosaad/Herd/myclass2026-main/vendor/symfony/error-handler/ErrorRenderer/HtmlErrorRenderer.php(341): Illuminate\\Foundation\\Bootstrap\\HandleExceptions->{closure:Illuminate\\Foundation\\Bootstrap\\HandleExceptions::forwardsTo():255}(2, 'include(assets/...', '/Users/ahmedmos...', 341)
#2 /Users/ahmedmosaad/Herd/myclass2026-main/vendor/symfony/error-handler/ErrorRenderer/HtmlErrorRenderer.php(341): include('/Users/ahmedmos...')
#3 /Users/ahmedmosaad/Herd/myclass2026-main/vendor/symfony/error-handler/Resources/views/trace.html.php(29): Symfony\\Component\\ErrorHandler\\ErrorRenderer\\HtmlErrorRenderer->include('assets/images/i...')
#4 /Users/ahmedmosaad/Herd/myclass2026-main/vendor/symfony/error-handler/ErrorRenderer/HtmlErrorRenderer.php(341): include('/Users/ahmedmos...')
#5 /Users/ahmedmosaad/Herd/myclass2026-main/vendor/symfony/error-handler/Resources/views/traces.html.php(48): Symfony\\Component\\ErrorHandler\\ErrorRenderer\\HtmlErrorRenderer->include('views/trace.htm...', Array)
#6 /Users/ahmedmosaad/Herd/myclass2026-main/vendor/symfony/error-handler/ErrorRenderer/HtmlErrorRenderer.php(341): include('/Users/ahmedmos...')
#7 /Users/ahmedmosaad/Herd/myclass2026-main/vendor/symfony/error-handler/Resources/views/exception.html.php(54): Symfony\\Component\\ErrorHandler\\ErrorRenderer\\HtmlErrorRenderer->include('views/traces.ht...', Array)
#8 /Users/ahmedmosaad/Herd/myclass2026-main/vendor/symfony/error-handler/ErrorRenderer/HtmlErrorRenderer.php(341): include('/Users/ahmedmos...')
#9 /Users/ahmedmosaad/Herd/myclass2026-main/vendor/symfony/error-handler/Resources/views/exception_full.html.php(35): Symfony\\Component\\ErrorHandler\\ErrorRenderer\\HtmlErrorRenderer->include('views/exception...', Array)
#10 /Users/ahmedmosaad/Herd/myclass2026-main/vendor/symfony/error-handler/ErrorRenderer/HtmlErrorRenderer.php(341): include('/Users/ahmedmos...')
#11 /Users/ahmedmosaad/Herd/myclass2026-main/vendor/symfony/error-handler/ErrorRenderer/HtmlErrorRenderer.php(140): Symfony\\Component\\ErrorHandler\\ErrorRenderer\\HtmlErrorRenderer->include('views/exception...', Array)
#12 /Users/ahmedmosaad/Herd/myclass2026-main/vendor/symfony/error-handler/ErrorRenderer/HtmlErrorRenderer.php(72): Symfony\\Component\\ErrorHandler\\ErrorRenderer\\HtmlErrorRenderer->renderException(Object(Symfony\\Component\\ErrorHandler\\Exception\\FlattenException))
#13 /Users/ahmedmosaad/Herd/myclass2026-main/vendor/laravel/framework/src/Illuminate/Foundation/Exceptions/Handler.php(879): Symfony\\Component\\ErrorHandler\\ErrorRenderer\\HtmlErrorRenderer->render(Object(Symfony\\Component\\ErrorHandler\\Exception\\FlattenException))
#14 /Users/ahmedmosaad/Herd/myclass2026-main/vendor/laravel/framework/src/Illuminate/Foundation/Exceptions/Handler.php(853): Illuminate\\Foundation\\Exceptions\\Handler->renderExceptionWithSymfony(Object(ErrorException), true)
#15 /Users/ahmedmosaad/Herd/myclass2026-main/vendor/laravel/framework/src/Illuminate/Foundation/Exceptions/Handler.php(828): Illuminate\\Foundation\\Exceptions\\Handler->renderExceptionContent(Object(ErrorException))
#16 /Users/ahmedmosaad/Herd/myclass2026-main/vendor/laravel/framework/src/Illuminate/Foundation/Exceptions/Handler.php(807): Illuminate\\Foundation\\Exceptions\\Handler->convertExceptionToResponse(Object(ErrorException))
#17 /Users/ahmedmosaad/Herd/myclass2026-main/vendor/laravel/framework/src/Illuminate/Foundation/Exceptions/Handler.php(706): Illuminate\\Foundation\\Exceptions\\Handler->prepareResponse(Object(Illuminate\\Http\\Request), Object(ErrorException))
#18 /Users/ahmedmosaad/Herd/myclass2026-main/vendor/laravel/framework/src/Illuminate/Foundation/Exceptions/Handler.php(594): Illuminate\\Foundation\\Exceptions\\Handler->renderExceptionResponse(Object(Illuminate\\Http\\Request), Object(ErrorException))
#19 /Users/ahmedmosaad/Herd/myclass2026-main/vendor/laravel/framework/src/Illuminate/Routing/Pipeline.php(51): Illuminate\\Foundation\\Exceptions\\Handler->render(Object(Illuminate\\Http\\Request), Object(ErrorException))
#20 /Users/ahmedmosaad/Herd/myclass2026-main/vendor/laravel/framework/src/Illuminate/Pipeline/Pipeline.php(214): Illuminate\\Routing\\Pipeline->handleException(Object(Illuminate\\Http\\Request), Object(ErrorException))
#21 /Users/ahmedmosaad/Herd/myclass2026-main/vendor/laravel/jetstream/src/Http/Middleware/ShareInertiaData.php(69): Illuminate\\Pipeline\\Pipeline->{closure:{closure:Illuminate\\Pipeline\\Pipeline::carry():184}:185}(Object(Illuminate\\Http\\Request))
#22 /Users/ahmedmosaad/Herd/myclass2026-main/vendor/laravel/framework/src/Illuminate/Pipeline/Pipeline.php(209): Laravel\\Jetstream\\Http\\Middleware\\ShareInertiaData->handle(Object(Illuminate\\Http\\Request), Object(Closure))
#23 /Users/ahmedmosaad/Herd/myclass2026-main/vendor/laravel/framework/src/Illuminate/Routing/Middleware/SubstituteBindings.php(51): Illuminate\\Pipeline\\Pipeline->{closure:{closure:Illuminate\\Pipeline\\Pipeline::carry():184}:185}(Object(Illuminate\\Http\\Request))
#24 /Users/ahmedmosaad/Herd/myclass2026-main/vendor/laravel/framework/src/Illuminate/Pipeline/Pipeline.php(209): Illuminate\\Routing\\Middleware\\SubstituteBindings->handle(Object(Illuminate\\Http\\Request), Object(Closure))
#25 /Users/ahmedmosaad/Herd/myclass2026-main/vendor/laravel/framework/src/Illuminate/Session/Middleware/AuthenticateSession.php(67): Illuminate\\Pipeline\\Pipeline->{closure:{closure:Illuminate\\Pipeline\\Pipeline::carry():184}:185}(Object(Illuminate\\Http\\Request))
#26 /Users/ahmedmosaad/Herd/myclass2026-main/vendor/laravel/framework/src/Illuminate/Pipeline/Pipeline.php(209): Illuminate\\Session\\Middleware\\AuthenticateSession->handle(Object(Illuminate\\Http\\Request), Object(Closure))
#27 /Users/ahmedmosaad/Herd/myclass2026-main/vendor/laravel/framework/src/Illuminate/Auth/Middleware/Authenticate.php(64): Illuminate\\Pipeline\\Pipeline->{closure:{closure:Illuminate\\Pipeline\\Pipeline::carry():184}:185}(Object(Illuminate\\Http\\Request))
#28 /Users/ahmedmosaad/Herd/myclass2026-main/vendor/laravel/framework/src/Illuminate/Pipeline/Pipeline.php(209): Illuminate\\Auth\\Middleware\\Authenticate->handle(Object(Illuminate\\Http\\Request), Object(Closure), 'sanctum')
#29 /Users/ahmedmosaad/Herd/myclass2026-main/vendor/laravel/framework/src/Illuminate/Foundation/Http/Middleware/VerifyCsrfToken.php(88): Illuminate\\Pipeline\\Pipeline->{closure:{closure:Illuminate\\Pipeline\\Pipeline::carry():184}:185}(Object(Illuminate\\Http\\Request))
#30 /Users/ahmedmosaad/Herd/myclass2026-main/vendor/laravel/framework/src/Illuminate/Pipeline/Pipeline.php(209): Illuminate\\Foundation\\Http\\Middleware\\VerifyCsrfToken->handle(Object(Illuminate\\Http\\Request), Object(Closure))
#31 /Users/ahmedmosaad/Herd/myclass2026-main/vendor/laravel/framework/src/Illuminate/View/Middleware/ShareErrorsFromSession.php(49): Illuminate\\Pipeline\\Pipeline->{closure:{closure:Illuminate\\Pipeline\\Pipeline::carry():184}:185}(Object(Illuminate\\Http\\Request))
#32 /Users/ahmedmosaad/Herd/myclass2026-main/vendor/laravel/framework/src/Illuminate/Pipeline/Pipeline.php(209): Illuminate\\View\\Middleware\\ShareErrorsFromSession->handle(Object(Illuminate\\Http\\Request), Object(Closure))
#33 /Users/ahmedmosaad/Herd/myclass2026-main/vendor/laravel/framework/src/Illuminate/Session/Middleware/StartSession.php(121): Illuminate\\Pipeline\\Pipeline->{closure:{closure:Illuminate\\Pipeline\\Pipeline::carry():184}:185}(Object(Illuminate\\Http\\Request))
#34 /Users/ahmedmosaad/Herd/myclass2026-main/vendor/laravel/framework/src/Illuminate/Session/Middleware/StartSession.php(64): Illuminate\\Session\\Middleware\\StartSession->handleStatefulRequest(Object(Illuminate\\Http\\Request), Object(Illuminate\\Session\\Store), Object(Closure))
#35 /Users/ahmedmosaad/Herd/myclass2026-main/vendor/laravel/framework/src/Illuminate/Pipeline/Pipeline.php(209): Illuminate\\Session\\Middleware\\StartSession->handle(Object(Illuminate\\Http\\Request), Object(Closure))
#36 /Users/ahmedmosaad/Herd/myclass2026-main/vendor/laravel/framework/src/Illuminate/Cookie/Middleware/AddQueuedCookiesToResponse.php(37): Illuminate\\Pipeline\\Pipeline->{closure:{closure:Illuminate\\Pipeline\\Pipeline::carry():184}:185}(Object(Illuminate\\Http\\Request))
#37 /Users/ahmedmosaad/Herd/myclass2026-main/vendor/laravel/framework/src/Illuminate/Pipeline/Pipeline.php(209): Illuminate\\Cookie\\Middleware\\AddQueuedCookiesToResponse->handle(Object(Illuminate\\Http\\Request), Object(Closure))
#38 /Users/ahmedmosaad/Herd/myclass2026-main/vendor/laravel/framework/src/Illuminate/Cookie/Middleware/EncryptCookies.php(75): Illuminate\\Pipeline\\Pipeline->{closure:{closure:Illuminate\\Pipeline\\Pipeline::carry():184}:185}(Object(Illuminate\\Http\\Request))
#39 /Users/ahmedmosaad/Herd/myclass2026-main/vendor/laravel/framework/src/Illuminate/Pipeline/Pipeline.php(209): Illuminate\\Cookie\\Middleware\\EncryptCookies->handle(Object(Illuminate\\Http\\Request), Object(Closure))
#40 /Users/ahmedmosaad/Herd/myclass2026-main/vendor/laravel/framework/src/Illuminate/Pipeline/Pipeline.php(127): Illuminate\\Pipeline\\Pipeline->{closure:{closure:Illuminate\\Pipeline\\Pipeline::carry():184}:185}(Object(Illuminate\\Http\\Request))
#41 /Users/ahmedmosaad/Herd/myclass2026-main/vendor/laravel/framework/src/Illuminate/Routing/Router.php(807): Illuminate\\Pipeline\\Pipeline->then(Object(Closure))
#42 /Users/ahmedmosaad/Herd/myclass2026-main/vendor/laravel/framework/src/Illuminate/Routing/Router.php(786): Illuminate\\Routing\\Router->runRouteWithinStack(Object(Illuminate\\Routing\\Route), Object(Illuminate\\Http\\Request))
#43 /Users/ahmedmosaad/Herd/myclass2026-main/vendor/laravel/framework/src/Illuminate/Routing/Router.php(750): Illuminate\\Routing\\Router->runRoute(Object(Illuminate\\Http\\Request), Object(Illuminate\\Routing\\Route))
#44 /Users/ahmedmosaad/Herd/myclass2026-main/vendor/laravel/framework/src/Illuminate/Routing/Router.php(739): Illuminate\\Routing\\Router->dispatchToRoute(Object(Illuminate\\Http\\Request))
#45 /Users/ahmedmosaad/Herd/myclass2026-main/vendor/laravel/framework/src/Illuminate/Foundation/Http/Kernel.php(201): Illuminate\\Routing\\Router->dispatch(Object(Illuminate\\Http\\Request))
#46 /Users/ahmedmosaad/Herd/myclass2026-main/vendor/laravel/framework/src/Illuminate/Pipeline/Pipeline.php(170): Illuminate\\Foundation\\Http\\Kernel->{closure:Illuminate\\Foundation\\Http\\Kernel::dispatchToRouter():198}(Object(Illuminate\\Http\\Request))
#47 /Users/ahmedmosaad/Herd/myclass2026-main/vendor/laravel/framework/src/Illuminate/Foundation/Http/Middleware/TransformsRequest.php(21): Illuminate\\Pipeline\\Pipeline->{closure:Illuminate\\Pipeline\\Pipeline::prepareDestination():168}(Object(Illuminate\\Http\\Request))
#48 /Users/ahmedmosaad/Herd/myclass2026-main/vendor/laravel/framework/src/Illuminate/Foundation/Http/Middleware/ConvertEmptyStringsToNull.php(31): Illuminate\\Foundation\\Http\\Middleware\\TransformsRequest->handle(Object(Illuminate\\Http\\Request), Object(Closure))
#49 /Users/ahmedmosaad/Herd/myclass2026-main/vendor/laravel/framework/src/Illuminate/Pipeline/Pipeline.php(209): Illuminate\\Foundation\\Http\\Middleware\\ConvertEmptyStringsToNull->handle(Object(Illuminate\\Http\\Request), Object(Closure))
#50 /Users/ahmedmosaad/Herd/myclass2026-main/vendor/laravel/framework/src/Illuminate/Foundation/Http/Middleware/TransformsRequest.php(21): Illuminate\\Pipeline\\Pipeline->{closure:{closure:Illuminate\\Pipeline\\Pipeline::carry():184}:185}(Object(Illuminate\\Http\\Request))
#51 /Users/ahmedmosaad/Herd/myclass2026-main/vendor/laravel/framework/src/Illuminate/Foundation/Http/Middleware/TrimStrings.php(51): Illuminate\\Foundation\\Http\\Middleware\\TransformsRequest->handle(Object(Illuminate\\Http\\Request), Object(Closure))
#52 /Users/ahmedmosaad/Herd/myclass2026-main/vendor/laravel/framework/src/Illuminate/Pipeline/Pipeline.php(209): Illuminate\\Foundation\\Http\\Middleware\\TrimStrings->handle(Object(Illuminate\\Http\\Request), Object(Closure))
#53 /Users/ahmedmosaad/Herd/myclass2026-main/vendor/laravel/framework/src/Illuminate/Http/Middleware/ValidatePostSize.php(27): Illuminate\\Pipeline\\Pipeline->{closure:{closure:Illuminate\\Pipeline\\Pipeline::carry():184}:185}(Object(Illuminate\\Http\\Request))
#54 /Users/ahmedmosaad/Herd/myclass2026-main/vendor/laravel/framework/src/Illuminate/Pipeline/Pipeline.php(209): Illuminate\\Http\\Middleware\\ValidatePostSize->handle(Object(Illuminate\\Http\\Request), Object(Closure))
#55 /Users/ahmedmosaad/Herd/myclass2026-main/vendor/laravel/framework/src/Illuminate/Foundation/Http/Middleware/PreventRequestsDuringMaintenance.php(110): Illuminate\\Pipeline\\Pipeline->{closure:{closure:Illuminate\\Pipeline\\Pipeline::carry():184}:185}(Object(Illuminate\\Http\\Request))
#56 /Users/ahmedmosaad/Herd/myclass2026-main/vendor/laravel/framework/src/Illuminate/Pipeline/Pipeline.php(209): Illuminate\\Foundation\\Http\\Middleware\\PreventRequestsDuringMaintenance->handle(Object(Illuminate\\Http\\Request), Object(Closure))
#57 /Users/ahmedmosaad/Herd/myclass2026-main/vendor/laravel/framework/src/Illuminate/Http/Middleware/HandleCors.php(49): Illuminate\\Pipeline\\Pipeline->{closure:{closure:Illuminate\\Pipeline\\Pipeline::carry():184}:185}(Object(Illuminate\\Http\\Request))
#58 /Users/ahmedmosaad/Herd/myclass2026-main/vendor/laravel/framework/src/Illuminate/Pipeline/Pipeline.php(209): Illuminate\\Http\\Middleware\\HandleCors->handle(Object(Illuminate\\Http\\Request), Object(Closure))
#59 /Users/ahmedmosaad/Herd/myclass2026-main/vendor/laravel/framework/src/Illuminate/Http/Middleware/TrustProxies.php(58): Illuminate\\Pipeline\\Pipeline->{closure:{closure:Illuminate\\Pipeline\\Pipeline::carry():184}:185}(Object(Illuminate\\Http\\Request))
#60 /Users/ahmedmosaad/Herd/myclass2026-main/vendor/laravel/framework/src/Illuminate/Pipeline/Pipeline.php(209): Illuminate\\Http\\Middleware\\TrustProxies->handle(Object(Illuminate\\Http\\Request), Object(Closure))
#61 /Users/ahmedmosaad/Herd/myclass2026-main/vendor/laravel/framework/src/Illuminate/Foundation/Http/Middleware/InvokeDeferredCallbacks.php(22): Illuminate\\Pipeline\\Pipeline->{closure:{closure:Illuminate\\Pipeline\\Pipeline::carry():184}:185}(Object(Illuminate\\Http\\Request))
#62 /Users/ahmedmosaad/Herd/myclass2026-main/vendor/laravel/framework/src/Illuminate/Pipeline/Pipeline.php(209): Illuminate\\Foundation\\Http\\Middleware\\InvokeDeferredCallbacks->handle(Object(Illuminate\\Http\\Request), Object(Closure))
#63 /Users/ahmedmosaad/Herd/myclass2026-main/vendor/laravel/framework/src/Illuminate/Http/Middleware/ValidatePathEncoding.php(26): Illuminate\\Pipeline\\Pipeline->{closure:{closure:Illuminate\\Pipeline\\Pipeline::carry():184}:185}(Object(Illuminate\\Http\\Request))
#64 /Users/ahmedmosaad/Herd/myclass2026-main/vendor/laravel/framework/src/Illuminate/Pipeline/Pipeline.php(209): Illuminate\\Http\\Middleware\\ValidatePathEncoding->handle(Object(Illuminate\\Http\\Request), Object(Closure))
#65 /Users/ahmedmosaad/Herd/myclass2026-main/vendor/laravel/framework/src/Illuminate/Pipeline/Pipeline.php(127): Illuminate\\Pipeline\\Pipeline->{closure:{closure:Illuminate\\Pipeline\\Pipeline::carry():184}:185}(Object(Illuminate\\Http\\Request))
#66 /Users/ahmedmosaad/Herd/myclass2026-main/vendor/laravel/framework/src/Illuminate/Foundation/Http/Kernel.php(176): Illuminate\\Pipeline\\Pipeline->then(Object(Closure))
#67 /Users/ahmedmosaad/Herd/myclass2026-main/vendor/laravel/framework/src/Illuminate/Foundation/Http/Kernel.php(145): Illuminate\\Foundation\\Http\\Kernel->sendRequestThroughRouter(Object(Illuminate\\Http\\Request))
#68 /Users/ahmedmosaad/Herd/myclass2026-main/vendor/laravel/framework/src/Illuminate/Foundation/Application.php(1220): Illuminate\\Foundation\\Http\\Kernel->handle(Object(Illuminate\\Http\\Request))
#69 /Users/ahmedmosaad/Herd/myclass2026-main/public/index.php(20): Illuminate\\Foundation\\Application->handleRequest(Object(Illuminate\\Http\\Request))
#70 /Users/ahmedmosaad/Herd/myclass2026-main/vendor/laravel/framework/src/Illuminate/Foundation/resources/server.php(23): require_once('/Users/ahmedmos...')
#71 {main}
"} 
[2026-02-07 11:36:14] local.ERROR: include(assets/images/icon-copy.svg): Failed to open stream: No such file or directory {"userId":19,"exception":"[object] (ErrorException(code: 0): include(assets/images/icon-copy.svg): Failed to open stream: No such file or directory at /Users/ahmedmosaad/Herd/myclass2026-main/vendor/symfony/error-handler/ErrorRenderer/HtmlErrorRenderer.php:341)
[stacktrace]
#0 /Users/ahmedmosaad/Herd/myclass2026-main/vendor/laravel/framework/src/Illuminate/Foundation/Bootstrap/HandleExceptions.php(256): Illuminate\\Foundation\\Bootstrap\\HandleExceptions->handleError(2, 'include(assets/...', '/Users/ahmedmos...', 341)
#1 /Users/ahmedmosaad/Herd/myclass2026-main/vendor/symfony/error-handler/ErrorRenderer/HtmlErrorRenderer.php(341): Illuminate\\Foundation\\Bootstrap\\HandleExceptions->{closure:Illuminate\\Foundation\\Bootstrap\\HandleExceptions::forwardsTo():255}(2, 'include(assets/...', '/Users/ahmedmos...', 341)
#2 /Users/ahmedmosaad/Herd/myclass2026-main/vendor/symfony/error-handler/ErrorRenderer/HtmlErrorRenderer.php(341): include('/Users/ahmedmos...')
#3 /Users/ahmedmosaad/Herd/myclass2026-main/vendor/symfony/error-handler/Resources/views/trace.html.php(29): Symfony\\Component\\ErrorHandler\\ErrorRenderer\\HtmlErrorRenderer->include('assets/images/i...')
#4 /Users/ahmedmosaad/Herd/myclass2026-main/vendor/symfony/error-handler/ErrorRenderer/HtmlErrorRenderer.php(341): include('/Users/ahmedmos...')
#5 /Users/ahmedmosaad/Herd/myclass2026-main/vendor/symfony/error-handler/Resources/views/traces.html.php(48): Symfony\\Component\\ErrorHandler\\ErrorRenderer\\HtmlErrorRenderer->include('views/trace.htm...', Array)
#6 /Users/ahmedmosaad/Herd/myclass2026-main/vendor/symfony/error-handler/ErrorRenderer/HtmlErrorRenderer.php(341): include('/Users/ahmedmos...')
#7 /Users/ahmedmosaad/Herd/myclass2026-main/vendor/symfony/error-handler/Resources/views/exception.html.php(54): Symfony\\Component\\ErrorHandler\\ErrorRenderer\\HtmlErrorRenderer->include('views/traces.ht...', Array)
#8 /Users/ahmedmosaad/Herd/myclass2026-main/vendor/symfony/error-handler/ErrorRenderer/HtmlErrorRenderer.php(341): include('/Users/ahmedmos...')
#9 /Users/ahmedmosaad/Herd/myclass2026-main/vendor/symfony/error-handler/Resources/views/exception_full.html.php(35): Symfony\\Component\\ErrorHandler\\ErrorRenderer\\HtmlErrorRenderer->include('views/exception...', Array)
#10 /Users/ahmedmosaad/Herd/myclass2026-main/vendor/symfony/error-handler/ErrorRenderer/HtmlErrorRenderer.php(341): include('/Users/ahmedmos...')
#11 /Users/ahmedmosaad/Herd/myclass2026-main/vendor/symfony/error-handler/ErrorRenderer/HtmlErrorRenderer.php(140): Symfony\\Component\\ErrorHandler\\ErrorRenderer\\HtmlErrorRenderer->include('views/exception...', Array)
#12 /Users/ahmedmosaad/Herd/myclass2026-main/vendor/symfony/error-handler/ErrorRenderer/HtmlErrorRenderer.php(72): Symfony\\Component\\ErrorHandler\\ErrorRenderer\\HtmlErrorRenderer->renderException(Object(Symfony\\Component\\ErrorHandler\\Exception\\FlattenException))
#13 /Users/ahmedmosaad/Herd/myclass2026-main/vendor/laravel/framework/src/Illuminate/Foundation/Exceptions/Handler.php(879): Symfony\\Component\\ErrorHandler\\ErrorRenderer\\HtmlErrorRenderer->render(Object(Symfony\\Component\\ErrorHandler\\Exception\\FlattenException))
#14 /Users/ahmedmosaad/Herd/myclass2026-main/vendor/laravel/framework/src/Illuminate/Foundation/Exceptions/Handler.php(853): Illuminate\\Foundation\\Exceptions\\Handler->renderExceptionWithSymfony(Object(ErrorException), true)
#15 /Users/ahmedmosaad/Herd/myclass2026-main/vendor/laravel/framework/src/Illuminate/Foundation/Exceptions/Handler.php(828): Illuminate\\Foundation\\Exceptions\\Handler->renderExceptionContent(Object(ErrorException))
#16 /Users/ahmedmosaad/Herd/myclass2026-main/vendor/laravel/framework/src/Illuminate/Foundation/Exceptions/Handler.php(807): Illuminate\\Foundation\\Exceptions\\Handler->convertExceptionToResponse(Object(ErrorException))
#17 /Users/ahmedmosaad/Herd/myclass2026-main/vendor/laravel/framework/src/Illuminate/Foundation/Exceptions/Handler.php(706): Illuminate\\Foundation\\Exceptions\\Handler->prepareResponse(Object(Illuminate\\Http\\Request), Object(ErrorException))
#18 /Users/ahmedmosaad/Herd/myclass2026-main/vendor/laravel/framework/src/Illuminate/Foundation/Exceptions/Handler.php(594): Illuminate\\Foundation\\Exceptions\\Handler->renderExceptionResponse(Object(Illuminate\\Http\\Request), Object(ErrorException))
#19 /Users/ahmedmosaad/Herd/myclass2026-main/vendor/laravel/framework/src/Illuminate/Routing/Pipeline.php(51): Illuminate\\Foundation\\Exceptions\\Handler->render(Object(Illuminate\\Http\\Request), Object(ErrorException))
#20 /Users/ahmedmosaad/Herd/myclass2026-main/vendor/laravel/framework/src/Illuminate/Pipeline/Pipeline.php(214): Illuminate\\Routing\\Pipeline->handleException(Object(Illuminate\\Http\\Request), Object(ErrorException))
#21 /Users/ahmedmosaad/Herd/myclass2026-main/vendor/laravel/framework/src/Illuminate/Routing/Middleware/SubstituteBindings.php(51): Illuminate\\Pipeline\\Pipeline->{closure:{closure:Illuminate\\Pipeline\\Pipeline::carry():184}:185}(Object(Illuminate\\Http\\Request))
#22 /Users/ahmedmosaad/Herd/myclass2026-main/vendor/laravel/framework/src/Illuminate/Pipeline/Pipeline.php(209): Illuminate\\Routing\\Middleware\\SubstituteBindings->handle(Object(Illuminate\\Http\\Request), Object(Closure))
#23 /Users/ahmedmosaad/Herd/myclass2026-main/vendor/laravel/framework/src/Illuminate/Session/Middleware/AuthenticateSession.php(67): Illuminate\\Pipeline\\Pipeline->{closure:{closure:Illuminate\\Pipeline\\Pipeline::carry():184}:185}(Object(Illuminate\\Http\\Request))
#24 /Users/ahmedmosaad/Herd/myclass2026-main/vendor/laravel/framework/src/Illuminate/Pipeline/Pipeline.php(209): Illuminate\\Session\\Middleware\\AuthenticateSession->handle(Object(Illuminate\\Http\\Request), Object(Closure))
#25 /Users/ahmedmosaad/Herd/myclass2026-main/vendor/laravel/framework/src/Illuminate/Auth/Middleware/Authenticate.php(64): Illuminate\\Pipeline\\Pipeline->{closure:{closure:Illuminate\\Pipeline\\Pipeline::carry():184}:185}(Object(Illuminate\\Http\\Request))
#26 /Users/ahmedmosaad/Herd/myclass2026-main/vendor/laravel/framework/src/Illuminate/Pipeline/Pipeline.php(209): Illuminate\\Auth\\Middleware\\Authenticate->handle(Object(Illuminate\\Http\\Request), Object(Closure), 'sanctum')
#27 /Users/ahmedmosaad/Herd/myclass2026-main/vendor/laravel/framework/src/Illuminate/Foundation/Http/Middleware/VerifyCsrfToken.php(88): Illuminate\\Pipeline\\Pipeline->{closure:{closure:Illuminate\\Pipeline\\Pipeline::carry():184}:185}(Object(Illuminate\\Http\\Request))
#28 /Users/ahmedmosaad/Herd/myclass2026-main/vendor/laravel/framework/src/Illuminate/Pipeline/Pipeline.php(209): Illuminate\\Foundation\\Http\\Middleware\\VerifyCsrfToken->handle(Object(Illuminate\\Http\\Request), Object(Closure))
#29 /Users/ahmedmosaad/Herd/myclass2026-main/vendor/laravel/framework/src/Illuminate/View/Middleware/ShareErrorsFromSession.php(49): Illuminate\\Pipeline\\Pipeline->{closure:{closure:Illuminate\\Pipeline\\Pipeline::carry():184}:185}(Object(Illuminate\\Http\\Request))
#30 /Users/ahmedmosaad/Herd/myclass2026-main/vendor/laravel/framework/src/Illuminate/Pipeline/Pipeline.php(209): Illuminate\\View\\Middleware\\ShareErrorsFromSession->handle(Object(Illuminate\\Http\\Request), Object(Closure))
#31 /Users/ahmedmosaad/Herd/myclass2026-main/vendor/laravel/framework/src/Illuminate/Session/Middleware/StartSession.php(121): Illuminate\\Pipeline\\Pipeline->{closure:{closure:Illuminate\\Pipeline\\Pipeline::carry():184}:185}(Object(Illuminate\\Http\\Request))
#32 /Users/ahmedmosaad/Herd/myclass2026-main/vendor/laravel/framework/src/Illuminate/Session/Middleware/StartSession.php(64): Illuminate\\Session\\Middleware\\StartSession->handleStatefulRequest(Object(Illuminate\\Http\\Request), Object(Illuminate\\Session\\Store), Object(Closure))
#33 /Users/ahmedmosaad/Herd/myclass2026-main/vendor/laravel/framework/src/Illuminate/Pipeline/Pipeline.php(209): Illuminate\\Session\\Middleware\\StartSession->handle(Object(Illuminate\\Http\\Request), Object(Closure))
#34 /Users/ahmedmosaad/Herd/myclass2026-main/vendor/laravel/framework/src/Illuminate/Cookie/Middleware/AddQueuedCookiesToResponse.php(37): Illuminate\\Pipeline\\Pipeline->{closure:{closure:Illuminate\\Pipeline\\Pipeline::carry():184}:185}(Object(Illuminate\\Http\\Request))
#35 /Users/ahmedmosaad/Herd/myclass2026-main/vendor/laravel/framework/src/Illuminate/Pipeline/Pipeline.php(209): Illuminate\\Cookie\\Middleware\\AddQueuedCookiesToResponse->handle(Object(Illuminate\\Http\\Request), Object(Closure))
#36 /Users/ahmedmosaad/Herd/myclass2026-main/vendor/laravel/framework/src/Illuminate/Cookie/Middleware/EncryptCookies.php(75): Illuminate\\Pipeline\\Pipeline->{closure:{closure:Illuminate\\Pipeline\\Pipeline::carry():184}:185}(Object(Illuminate\\Http\\Request))
#37 /Users/ahmedmosaad/Herd/myclass2026-main/vendor/laravel/framework/src/Illuminate/Pipeline/Pipeline.php(209): Illuminate\\Cookie\\Middleware\\EncryptCookies->handle(Object(Illuminate\\Http\\Request), Object(Closure))
#38 /Users/ahmedmosaad/Herd/myclass2026-main/vendor/laravel/framework/src/Illuminate/Pipeline/Pipeline.php(127): Illuminate\\Pipeline\\Pipeline->{closure:{closure:Illuminate\\Pipeline\\Pipeline::carry():184}:185}(Object(Illuminate\\Http\\Request))
#39 /Users/ahmedmosaad/Herd/myclass2026-main/vendor/laravel/framework/src/Illuminate/Routing/Router.php(807): Illuminate\\Pipeline\\Pipeline->then(Object(Closure))
#40 /Users/ahmedmosaad/Herd/myclass2026-main/vendor/laravel/framework/src/Illuminate/Routing/Router.php(786): Illuminate\\Routing\\Router->runRouteWithinStack(Object(Illuminate\\Routing\\Route), Object(Illuminate\\Http\\Request))
#41 /Users/ahmedmosaad/Herd/myclass2026-main/vendor/laravel/framework/src/Illuminate/Routing/Router.php(750): Illuminate\\Routing\\Router->runRoute(Object(Illuminate\\Http\\Request), Object(Illuminate\\Routing\\Route))
#42 /Users/ahmedmosaad/Herd/myclass2026-main/vendor/laravel/framework/src/Illuminate/Routing/Router.php(739): Illuminate\\Routing\\Router->dispatchToRoute(Object(Illuminate\\Http\\Request))
#43 /Users/ahmedmosaad/Herd/myclass2026-main/vendor/laravel/framework/src/Illuminate/Foundation/Http/Kernel.php(201): Illuminate\\Routing\\Router->dispatch(Object(Illuminate\\Http\\Request))
#44 /Users/ahmedmosaad/Herd/myclass2026-main/vendor/laravel/framework/src/Illuminate/Pipeline/Pipeline.php(170): Illuminate\\Foundation\\Http\\Kernel->{closure:Illuminate\\Foundation\\Http\\Kernel::dispatchToRouter():198}(Object(Illuminate\\Http\\Request))
#45 /Users/ahmedmosaad/Herd/myclass2026-main/vendor/laravel/framework/src/Illuminate/Foundation/Http/Middleware/TransformsRequest.php(21): Illuminate\\Pipeline\\Pipeline->{closure:Illuminate\\Pipeline\\Pipeline::prepareDestination():168}(Object(Illuminate\\Http\\Request))
#46 /Users/ahmedmosaad/Herd/myclass2026-main/vendor/laravel/framework/src/Illuminate/Foundation/Http/Middleware/ConvertEmptyStringsToNull.php(31): Illuminate\\Foundation\\Http\\Middleware\\TransformsRequest->handle(Object(Illuminate\\Http\\Request), Object(Closure))
#47 /Users/ahmedmosaad/Herd/myclass2026-main/vendor/laravel/framework/src/Illuminate/Pipeline/Pipeline.php(209): Illuminate\\Foundation\\Http\\Middleware\\ConvertEmptyStringsToNull->handle(Object(Illuminate\\Http\\Request), Object(Closure))
#48 /Users/ahmedmosaad/Herd/myclass2026-main/vendor/laravel/framework/src/Illuminate/Foundation/Http/Middleware/TransformsRequest.php(21): Illuminate\\Pipeline\\Pipeline->{closure:{closure:Illuminate\\Pipeline\\Pipeline::carry():184}:185}(Object(Illuminate\\Http\\Request))
#49 /Users/ahmedmosaad/Herd/myclass2026-main/vendor/laravel/framework/src/Illuminate/Foundation/Http/Middleware/TrimStrings.php(51): Illuminate\\Foundation\\Http\\Middleware\\TransformsRequest->handle(Object(Illuminate\\Http\\Request), Object(Closure))
#50 /Users/ahmedmosaad/Herd/myclass2026-main/vendor/laravel/framework/src/Illuminate/Pipeline/Pipeline.php(209): Illuminate\\Foundation\\Http\\Middleware\\TrimStrings->handle(Object(Illuminate\\Http\\Request), Object(Closure))
#51 /Users/ahmedmosaad/Herd/myclass2026-main/vendor/laravel/framework/src/Illuminate/Http/Middleware/ValidatePostSize.php(27): Illuminate\\Pipeline\\Pipeline->{closure:{closure:Illuminate\\Pipeline\\Pipeline::carry():184}:185}(Object(Illuminate\\Http\\Request))
#52 /Users/ahmedmosaad/Herd/myclass2026-main/vendor/laravel/framework/src/Illuminate/Pipeline/Pipeline.php(209): Illuminate\\Http\\Middleware\\ValidatePostSize->handle(Object(Illuminate\\Http\\Request), Object(Closure))
#53 /Users/ahmedmosaad/Herd/myclass2026-main/vendor/laravel/framework/src/Illuminate/Foundation/Http/Middleware/PreventRequestsDuringMaintenance.php(110): Illuminate\\Pipeline\\Pipeline->{closure:{closure:Illuminate\\Pipeline\\Pipeline::carry():184}:185}(Object(Illuminate\\Http\\Request))
#54 /Users/ahmedmosaad/Herd/myclass2026-main/vendor/laravel/framework/src/Illuminate/Pipeline/Pipeline.php(209): Illuminate\\Foundation\\Http\\Middleware\\PreventRequestsDuringMaintenance->handle(Object(Illuminate\\Http\\Request), Object(Closure))
#55 /Users/ahmedmosaad/Herd/myclass2026-main/vendor/laravel/framework/src/Illuminate/Http/Middleware/HandleCors.php(49): Illuminate\\Pipeline\\Pipeline->{closure:{closure:Illuminate\\Pipeline\\Pipeline::carry():184}:185}(Object(Illuminate\\Http\\Request))
#56 /Users/ahmedmosaad/Herd/myclass2026-main/vendor/laravel/framework/src/Illuminate/Pipeline/Pipeline.php(209): Illuminate\\Http\\Middleware\\HandleCors->handle(Object(Illuminate\\Http\\Request), Object(Closure))
#57 /Users/ahmedmosaad/Herd/myclass2026-main/vendor/laravel/framework/src/Illuminate/Http/Middleware/TrustProxies.php(58): Illuminate\\Pipeline\\Pipeline->{closure:{closure:Illuminate\\Pipeline\\Pipeline::carry():184}:185}(Object(Illuminate\\Http\\Request))
#58 /Users/ahmedmosaad/Herd/myclass2026-main/vendor/laravel/framework/src/Illuminate/Pipeline/Pipeline.php(209): Illuminate\\Http\\Middleware\\TrustProxies->handle(Object(Illuminate\\Http\\Request), Object(Closure))
#59 /Users/ahmedmosaad/Herd/myclass2026-main/vendor/laravel/framework/src/Illuminate/Foundation/Http/Middleware/InvokeDeferredCallbacks.php(22): Illuminate\\Pipeline\\Pipeline->{closure:{closure:Illuminate\\Pipeline\\Pipeline::carry():184}:185}(Object(Illuminate\\Http\\Request))
#60 /Users/ahmedmosaad/Herd/myclass2026-main/vendor/laravel/framework/src/Illuminate/Pipeline/Pipeline.php(209): Illuminate\\Foundation\\Http\\Middleware\\InvokeDeferredCallbacks->handle(Object(Illuminate\\Http\\Request), Object(Closure))
#61 /Users/ahmedmosaad/Herd/myclass2026-main/vendor/laravel/framework/src/Illuminate/Http/Middleware/ValidatePathEncoding.php(26): Illuminate\\Pipeline\\Pipeline->{closure:{closure:Illuminate\\Pipeline\\Pipeline::carry():184}:185}(Object(Illuminate\\Http\\Request))
#62 /Users/ahmedmosaad/Herd/myclass2026-main/vendor/laravel/framework/src/Illuminate/Pipeline/Pipeline.php(209): Illuminate\\Http\\Middleware\\ValidatePathEncoding->handle(Object(Illuminate\\Http\\Request), Object(Closure))
#63 /Users/ahmedmosaad/Herd/myclass2026-main/vendor/laravel/framework/src/Illuminate/Pipeline/Pipeline.php(127): Illuminate\\Pipeline\\Pipeline->{closure:{closure:Illuminate\\Pipeline\\Pipeline::carry():184}:185}(Object(Illuminate\\Http\\Request))
#64 /Users/ahmedmosaad/Herd/myclass2026-main/vendor/laravel/framework/src/Illuminate/Foundation/Http/Kernel.php(176): Illuminate\\Pipeline\\Pipeline->then(Object(Closure))
#65 /Users/ahmedmosaad/Herd/myclass2026-main/vendor/laravel/framework/src/Illuminate/Foundation/Http/Kernel.php(145): Illuminate\\Foundation\\Http\\Kernel->sendRequestThroughRouter(Object(Illuminate\\Http\\Request))
#66 /Users/ahmedmosaad/Herd/myclass2026-main/vendor/laravel/framework/src/Illuminate/Foundation/Application.php(1220): Illuminate\\Foundation\\Http\\Kernel->handle(Object(Illuminate\\Http\\Request))
#67 /Users/ahmedmosaad/Herd/myclass2026-main/public/index.php(20): Illuminate\\Foundation\\Application->handleRequest(Object(Illuminate\\Http\\Request))
#68 /Users/ahmedmosaad/Herd/myclass2026-main/vendor/laravel/framework/src/Illuminate/Foundation/resources/server.php(23): require_once('/Users/ahmedmos...')
#69 {main}
"} 
[2026-02-07 11:36:14] local.ERROR: include(assets/images/icon-copy.svg): Failed to open stream: No such file or directory {"userId":19,"exception":"[object] (ErrorException(code: 0): include(assets/images/icon-copy.svg): Failed to open stream: No such file or directory at /Users/ahmedmosaad/Herd/myclass2026-main/vendor/symfony/error-handler/ErrorRenderer/HtmlErrorRenderer.php:341)
[stacktrace]
#0 /Users/ahmedmosaad/Herd/myclass2026-main/vendor/laravel/framework/src/Illuminate/Foundation/Bootstrap/HandleExceptions.php(256): Illuminate\\Foundation\\Bootstrap\\HandleExceptions->handleError(2, 'include(assets/...', '/Users/ahmedmos...', 341)
#1 /Users/ahmedmosaad/Herd/myclass2026-main/vendor/symfony/error-handler/ErrorRenderer/HtmlErrorRenderer.php(341): Illuminate\\Foundation\\Bootstrap\\HandleExceptions->{closure:Illuminate\\Foundation\\Bootstrap\\HandleExceptions::forwardsTo():255}(2, 'include(assets/...', '/Users/ahmedmos...', 341)
#2 /Users/ahmedmosaad/Herd/myclass2026-main/vendor/symfony/error-handler/ErrorRenderer/HtmlErrorRenderer.php(341): include('/Users/ahmedmos...')
#3 /Users/ahmedmosaad/Herd/myclass2026-main/vendor/symfony/error-handler/Resources/views/trace.html.php(29): Symfony\\Component\\ErrorHandler\\ErrorRenderer\\HtmlErrorRenderer->include('assets/images/i...')
#4 /Users/ahmedmosaad/Herd/myclass2026-main/vendor/symfony/error-handler/ErrorRenderer/HtmlErrorRenderer.php(341): include('/Users/ahmedmos...')
#5 /Users/ahmedmosaad/Herd/myclass2026-main/vendor/symfony/error-handler/Resources/views/traces.html.php(48): Symfony\\Component\\ErrorHandler\\ErrorRenderer\\HtmlErrorRenderer->include('views/trace.htm...', Array)
#6 /Users/ahmedmosaad/Herd/myclass2026-main/vendor/symfony/error-handler/ErrorRenderer/HtmlErrorRenderer.php(341): include('/Users/ahmedmos...')
#7 /Users/ahmedmosaad/Herd/myclass2026-main/vendor/symfony/error-handler/Resources/views/exception.html.php(54): Symfony\\Component\\ErrorHandler\\ErrorRenderer\\HtmlErrorRenderer->include('views/traces.ht...', Array)
#8 /Users/ahmedmosaad/Herd/myclass2026-main/vendor/symfony/error-handler/ErrorRenderer/HtmlErrorRenderer.php(341): include('/Users/ahmedmos...')
#9 /Users/ahmedmosaad/Herd/myclass2026-main/vendor/symfony/error-handler/Resources/views/exception_full.html.php(35): Symfony\\Component\\ErrorHandler\\ErrorRenderer\\HtmlErrorRenderer->include('views/exception...', Array)
#10 /Users/ahmedmosaad/Herd/myclass2026-main/vendor/symfony/error-handler/ErrorRenderer/HtmlErrorRenderer.php(341): include('/Users/ahmedmos...')
#11 /Users/ahmedmosaad/Herd/myclass2026-main/vendor/symfony/error-handler/ErrorRenderer/HtmlErrorRenderer.php(140): Symfony\\Component\\ErrorHandler\\ErrorRenderer\\HtmlErrorRenderer->include('views/exception...', Array)
#12 /Users/ahmedmosaad/Herd/myclass2026-main/vendor/symfony/error-handler/ErrorRenderer/HtmlErrorRenderer.php(72): Symfony\\Component\\ErrorHandler\\ErrorRenderer\\HtmlErrorRenderer->renderException(Object(Symfony\\Component\\ErrorHandler\\Exception\\FlattenException))
#13 /Users/ahmedmosaad/Herd/myclass2026-main/vendor/laravel/framework/src/Illuminate/Foundation/Exceptions/Handler.php(879): Symfony\\Component\\ErrorHandler\\ErrorRenderer\\HtmlErrorRenderer->render(Object(Symfony\\Component\\ErrorHandler\\Exception\\FlattenException))
#14 /Users/ahmedmosaad/Herd/myclass2026-main/vendor/laravel/framework/src/Illuminate/Foundation/Exceptions/Handler.php(853): Illuminate\\Foundation\\Exceptions\\Handler->renderExceptionWithSymfony(Object(ErrorException), true)
#15 /Users/ahmedmosaad/Herd/myclass2026-main/vendor/laravel/framework/src/Illuminate/Foundation/Exceptions/Handler.php(828): Illuminate\\Foundation\\Exceptions\\Handler->renderExceptionContent(Object(ErrorException))
#16 /Users/ahmedmosaad/Herd/myclass2026-main/vendor/laravel/framework/src/Illuminate/Foundation/Exceptions/Handler.php(807): Illuminate\\Foundation\\Exceptions\\Handler->convertExceptionToResponse(Object(ErrorException))
#17 /Users/ahmedmosaad/Herd/myclass2026-main/vendor/laravel/framework/src/Illuminate/Foundation/Exceptions/Handler.php(706): Illuminate\\Foundation\\Exceptions\\Handler->prepareResponse(Object(Illuminate\\Http\\Request), Object(ErrorException))
#18 /Users/ahmedmosaad/Herd/myclass2026-main/vendor/laravel/framework/src/Illuminate/Foundation/Exceptions/Handler.php(594): Illuminate\\Foundation\\Exceptions\\Handler->renderExceptionResponse(Object(Illuminate\\Http\\Request), Object(ErrorException))
#19 /Users/ahmedmosaad/Herd/myclass2026-main/vendor/laravel/framework/src/Illuminate/Routing/Pipeline.php(51): Illuminate\\Foundation\\Exceptions\\Handler->render(Object(Illuminate\\Http\\Request), Object(ErrorException))
#20 /Users/ahmedmosaad/Herd/myclass2026-main/vendor/laravel/framework/src/Illuminate/Pipeline/Pipeline.php(214): Illuminate\\Routing\\Pipeline->handleException(Object(Illuminate\\Http\\Request), Object(ErrorException))
#21 /Users/ahmedmosaad/Herd/myclass2026-main/vendor/laravel/framework/src/Illuminate/Session/Middleware/AuthenticateSession.php(67): Illuminate\\Pipeline\\Pipeline->{closure:{closure:Illuminate\\Pipeline\\Pipeline::carry():184}:185}(Object(Illuminate\\Http\\Request))
#22 /Users/ahmedmosaad/Herd/myclass2026-main/vendor/laravel/framework/src/Illuminate/Pipeline/Pipeline.php(209): Illuminate\\Session\\Middleware\\AuthenticateSession->handle(Object(Illuminate\\Http\\Request), Object(Closure))
#23 /Users/ahmedmosaad/Herd/myclass2026-main/vendor/laravel/framework/src/Illuminate/Auth/Middleware/Authenticate.php(64): Illuminate\\Pipeline\\Pipeline->{closure:{closure:Illuminate\\Pipeline\\Pipeline::carry():184}:185}(Object(Illuminate\\Http\\Request))
#24 /Users/ahmedmosaad/Herd/myclass2026-main/vendor/laravel/framework/src/Illuminate/Pipeline/Pipeline.php(209): Illuminate\\Auth\\Middleware\\Authenticate->handle(Object(Illuminate\\Http\\Request), Object(Closure), 'sanctum')
#25 /Users/ahmedmosaad/Herd/myclass2026-main/vendor/laravel/framework/src/Illuminate/Foundation/Http/Middleware/VerifyCsrfToken.php(88): Illuminate\\Pipeline\\Pipeline->{closure:{closure:Illuminate\\Pipeline\\Pipeline::carry():184}:185}(Object(Illuminate\\Http\\Request))
#26 /Users/ahmedmosaad/Herd/myclass2026-main/vendor/laravel/framework/src/Illuminate/Pipeline/Pipeline.php(209): Illuminate\\Foundation\\Http\\Middleware\\VerifyCsrfToken->handle(Object(Illuminate\\Http\\Request), Object(Closure))
#27 /Users/ahmedmosaad/Herd/myclass2026-main/vendor/laravel/framework/src/Illuminate/View/Middleware/ShareErrorsFromSession.php(49): Illuminate\\Pipeline\\Pipeline->{closure:{closure:Illuminate\\Pipeline\\Pipeline::carry():184}:185}(Object(Illuminate\\Http\\Request))
#28 /Users/ahmedmosaad/Herd/myclass2026-main/vendor/laravel/framework/src/Illuminate/Pipeline/Pipeline.php(209): Illuminate\\View\\Middleware\\ShareErrorsFromSession->handle(Object(Illuminate\\Http\\Request), Object(Closure))
#29 /Users/ahmedmosaad/Herd/myclass2026-main/vendor/laravel/framework/src/Illuminate/Session/Middleware/StartSession.php(121): Illuminate\\Pipeline\\Pipeline->{closure:{closure:Illuminate\\Pipeline\\Pipeline::carry():184}:185}(Object(Illuminate\\Http\\Request))
#30 /Users/ahmedmosaad/Herd/myclass2026-main/vendor/laravel/framework/src/Illuminate/Session/Middleware/StartSession.php(64): Illuminate\\Session\\Middleware\\StartSession->handleStatefulRequest(Object(Illuminate\\Http\\Request), Object(Illuminate\\Session\\Store), Object(Closure))
#31 /Users/ahmedmosaad/Herd/myclass2026-main/vendor/laravel/framework/src/Illuminate/Pipeline/Pipeline.php(209): Illuminate\\Session\\Middleware\\StartSession->handle(Object(Illuminate\\Http\\Request), Object(Closure))
#32 /Users/ahmedmosaad/Herd/myclass2026-main/vendor/laravel/framework/src/Illuminate/Cookie/Middleware/AddQueuedCookiesToResponse.php(37): Illuminate\\Pipeline\\Pipeline->{closure:{closure:Illuminate\\Pipeline\\Pipeline::carry():184}:185}(Object(Illuminate\\Http\\Request))
#33 /Users/ahmedmosaad/Herd/myclass2026-main/vendor/laravel/framework/src/Illuminate/Pipeline/Pipeline.php(209): Illuminate\\Cookie\\Middleware\\AddQueuedCookiesToResponse->handle(Object(Illuminate\\Http\\Request), Object(Closure))
#34 /Users/ahmedmosaad/Herd/myclass2026-main/vendor/laravel/framework/src/Illuminate/Cookie/Middleware/EncryptCookies.php(75): Illuminate\\Pipeline\\Pipeline->{closure:{closure:Illuminate\\Pipeline\\Pipeline::carry():184}:185}(Object(Illuminate\\Http\\Request))
#35 /Users/ahmedmosaad/Herd/myclass2026-main/vendor/laravel/framework/src/Illuminate/Pipeline/Pipeline.php(209): Illuminate\\Cookie\\Middleware\\EncryptCookies->handle(Object(Illuminate\\Http\\Request), Object(Closure))
#36 /Users/ahmedmosaad/Herd/myclass2026-main/vendor/laravel/framework/src/Illuminate/Pipeline/Pipeline.php(127): Illuminate\\Pipeline\\Pipeline->{closure:{closure:Illuminate\\Pipeline\\Pipeline::carry():184}:185}(Object(Illuminate\\Http\\Request))
#37 /Users/ahmedmosaad/Herd/myclass2026-main/vendor/laravel/framework/src/Illuminate/Routing/Router.php(807): Illuminate\\Pipeline\\Pipeline->then(Object(Closure))
#38 /Users/ahmedmosaad/Herd/myclass2026-main/vendor/laravel/framework/src/Illuminate/Routing/Router.php(786): Illuminate\\Routing\\Router->runRouteWithinStack(Object(Illuminate\\Routing\\Route), Object(Illuminate\\Http\\Request))
#39 /Users/ahmedmosaad/Herd/myclass2026-main/vendor/laravel/framework/src/Illuminate/Routing/Router.php(750): Illuminate\\Routing\\Router->runRoute(Object(Illuminate\\Http\\Request), Object(Illuminate\\Routing\\Route))
#40 /Users/ahmedmosaad/Herd/myclass2026-main/vendor/laravel/framework/src/Illuminate/Routing/Router.php(739): Illuminate\\Routing\\Router->dispatchToRoute(Object(Illuminate\\Http\\Request))
#41 /Users/ahmedmosaad/Herd/myclass2026-main/vendor/laravel/framework/src/Illuminate/Foundation/Http/Kernel.php(201): Illuminate\\Routing\\Router->dispatch(Object(Illuminate\\Http\\Request))
#42 /Users/ahmedmosaad/Herd/myclass2026-main/vendor/laravel/framework/src/Illuminate/Pipeline/Pipeline.php(170): Illuminate\\Foundation\\Http\\Kernel->{closure:Illuminate\\Foundation\\Http\\Kernel::dispatchToRouter():198}(Object(Illuminate\\Http\\Request))
#43 /Users/ahmedmosaad/Herd/myclass2026-main/vendor/laravel/framework/src/Illuminate/Foundation/Http/Middleware/TransformsRequest.php(21): Illuminate\\Pipeline\\Pipeline->{closure:Illuminate\\Pipeline\\Pipeline::prepareDestination():168}(Object(Illuminate\\Http\\Request))
#44 /Users/ahmedmosaad/Herd/myclass2026-main/vendor/laravel/framework/src/Illuminate/Foundation/Http/Middleware/ConvertEmptyStringsToNull.php(31): Illuminate\\Foundation\\Http\\Middleware\\TransformsRequest->handle(Object(Illuminate\\Http\\Request), Object(Closure))
#45 /Users/ahmedmosaad/Herd/myclass2026-main/vendor/laravel/framework/src/Illuminate/Pipeline/Pipeline.php(209): Illuminate\\Foundation\\Http\\Middleware\\ConvertEmptyStringsToNull->handle(Object(Illuminate\\Http\\Request), Object(Closure))
#46 /Users/ahmedmosaad/Herd/myclass2026-main/vendor/laravel/framework/src/Illuminate/Foundation/Http/Middleware/TransformsRequest.php(21): Illuminate\\Pipeline\\Pipeline->{closure:{closure:Illuminate\\Pipeline\\Pipeline::carry():184}:185}(Object(Illuminate\\Http\\Request))
#47 /Users/ahmedmosaad/Herd/myclass2026-main/vendor/laravel/framework/src/Illuminate/Foundation/Http/Middleware/TrimStrings.php(51): Illuminate\\Foundation\\Http\\Middleware\\TransformsRequest->handle(Object(Illuminate\\Http\\Request), Object(Closure))
#48 /Users/ahmedmosaad/Herd/myclass2026-main/vendor/laravel/framework/src/Illuminate/Pipeline/Pipeline.php(209): Illuminate\\Foundation\\Http\\Middleware\\TrimStrings->handle(Object(Illuminate\\Http\\Request), Object(Closure))
#49 /Users/ahmedmosaad/Herd/myclass2026-main/vendor/laravel/framework/src/Illuminate/Http/Middleware/ValidatePostSize.php(27): Illuminate\\Pipeline\\Pipeline->{closure:{closure:Illuminate\\Pipeline\\Pipeline::carry():184}:185}(Object(Illuminate\\Http\\Request))
#50 /Users/ahmedmosaad/Herd/myclass2026-main/vendor/laravel/framework/src/Illuminate/Pipeline/Pipeline.php(209): Illuminate\\Http\\Middleware\\ValidatePostSize->handle(Object(Illuminate\\Http\\Request), Object(Closure))
#51 /Users/ahmedmosaad/Herd/myclass2026-main/vendor/laravel/framework/src/Illuminate/Foundation/Http/Middleware/PreventRequestsDuringMaintenance.php(110): Illuminate\\Pipeline\\Pipeline->{closure:{closure:Illuminate\\Pipeline\\Pipeline::carry():184}:185}(Object(Illuminate\\Http\\Request))
#52 /Users/ahmedmosaad/Herd/myclass2026-main/vendor/laravel/framework/src/Illuminate/Pipeline/Pipeline.php(209): Illuminate\\Foundation\\Http\\Middleware\\PreventRequestsDuringMaintenance->handle(Object(Illuminate\\Http\\Request), Object(Closure))
#53 /Users/ahmedmosaad/Herd/myclass2026-main/vendor/laravel/framework/src/Illuminate/Http/Middleware/HandleCors.php(49): Illuminate\\Pipeline\\Pipeline->{closure:{closure:Illuminate\\Pipeline\\Pipeline::carry():184}:185}(Object(Illuminate\\Http\\Request))
#54 /Users/ahmedmosaad/Herd/myclass2026-main/vendor/laravel/framework/src/Illuminate/Pipeline/Pipeline.php(209): Illuminate\\Http\\Middleware\\HandleCors->handle(Object(Illuminate\\Http\\Request), Object(Closure))
#55 /Users/ahmedmosaad/Herd/myclass2026-main/vendor/laravel/framework/src/Illuminate/Http/Middleware/TrustProxies.php(58): Illuminate\\Pipeline\\Pipeline->{closure:{closure:Illuminate\\Pipeline\\Pipeline::carry():184}:185}(Object(Illuminate\\Http\\Request))
#56 /Users/ahmedmosaad/Herd/myclass2026-main/vendor/laravel/framework/src/Illuminate/Pipeline/Pipeline.php(209): Illuminate\\Http\\Middleware\\TrustProxies->handle(Object(Illuminate\\Http\\Request), Object(Closure))
#57 /Users/ahmedmosaad/Herd/myclass2026-main/vendor/laravel/framework/src/Illuminate/Foundation/Http/Middleware/InvokeDeferredCallbacks.php(22): Illuminate\\Pipeline\\Pipeline->{closure:{closure:Illuminate\\Pipeline\\Pipeline::carry():184}:185}(Object(Illuminate\\Http\\Request))
#58 /Users/ahmedmosaad/Herd/myclass2026-main/vendor/laravel/framework/src/Illuminate/Pipeline/Pipeline.php(209): Illuminate\\Foundation\\Http\\Middleware\\InvokeDeferredCallbacks->handle(Object(Illuminate\\Http\\Request), Object(Closure))
#59 /Users/ahmedmosaad/Herd/myclass2026-main/vendor/laravel/framework/src/Illuminate/Http/Middleware/ValidatePathEncoding.php(26): Illuminate\\Pipeline\\Pipeline->{closure:{closure:Illuminate\\Pipeline\\Pipeline::carry():184}:185}(Object(Illuminate\\Http\\Request))
#60 /Users/ahmedmosaad/Herd/myclass2026-main/vendor/laravel/framework/src/Illuminate/Pipeline/Pipeline.php(209): Illuminate\\Http\\Middleware\\ValidatePathEncoding->handle(Object(Illuminate\\Http\\Request), Object(Closure))
#61 /Users/ahmedmosaad/Herd/myclass2026-main/vendor/laravel/framework/src/Illuminate/Pipeline/Pipeline.php(127): Illuminate\\Pipeline\\Pipeline->{closure:{closure:Illuminate\\Pipeline\\Pipeline::carry():184}:185}(Object(Illuminate\\Http\\Request))
#62 /Users/ahmedmosaad/Herd/myclass2026-main/vendor/laravel/framework/src/Illuminate/Foundation/Http/Kernel.php(176): Illuminate\\Pipeline\\Pipeline->then(Object(Closure))
#63 /Users/ahmedmosaad/Herd/myclass2026-main/vendor/laravel/framework/src/Illuminate/Foundation/Http/Kernel.php(145): Illuminate\\Foundation\\Http\\Kernel->sendRequestThroughRouter(Object(Illuminate\\Http\\Request))
#64 /Users/ahmedmosaad/Herd/myclass2026-main/vendor/laravel/framework/src/Illuminate/Foundation/Application.php(1220): Illuminate\\Foundation\\Http\\Kernel->handle(Object(Illuminate\\Http\\Request))
#65 /Users/ahmedmosaad/Herd/myclass2026-main/public/index.php(20): Illuminate\\Foundation\\Application->handleRequest(Object(Illuminate\\Http\\Request))
#66 /Users/ahmedmosaad/Herd/myclass2026-main/vendor/laravel/framework/src/Illuminate/Foundation/resources/server.php(23): require_once('/Users/ahmedmos...')
#67 {main}
"} 
[2026-02-07 11:36:14] local.ERROR: include(assets/images/icon-copy.svg): Failed to open stream: No such file or directory {"userId":19,"exception":"[object] (ErrorException(code: 0): include(assets/images/icon-copy.svg): Failed to open stream: No such file or directory at /Users/ahmedmosaad/Herd/myclass2026-main/vendor/symfony/error-handler/ErrorRenderer/HtmlErrorRenderer.php:341)
[stacktrace]
#0 /Users/ahmedmosaad/Herd/myclass2026-main/vendor/laravel/framework/src/Illuminate/Foundation/Bootstrap/HandleExceptions.php(256): Illuminate\\Foundation\\Bootstrap\\HandleExceptions->handleError(2, 'include(assets/...', '/Users/ahmedmos...', 341)
#1 /Users/ahmedmosaad/Herd/myclass2026-main/vendor/symfony/error-handler/ErrorRenderer/HtmlErrorRenderer.php(341): Illuminate\\Foundation\\Bootstrap\\HandleExceptions->{closure:Illuminate\\Foundation\\Bootstrap\\HandleExceptions::forwardsTo():255}(2, 'include(assets/...', '/Users/ahmedmos...', 341)
#2 /Users/ahmedmosaad/Herd/myclass2026-main/vendor/symfony/error-handler/ErrorRenderer/HtmlErrorRenderer.php(341): include('/Users/ahmedmos...')
#3 /Users/ahmedmosaad/Herd/myclass2026-main/vendor/symfony/error-handler/Resources/views/trace.html.php(29): Symfony\\Component\\ErrorHandler\\ErrorRenderer\\HtmlErrorRenderer->include('assets/images/i...')
#4 /Users/ahmedmosaad/Herd/myclass2026-main/vendor/symfony/error-handler/ErrorRenderer/HtmlErrorRenderer.php(341): include('/Users/ahmedmos...')
#5 /Users/ahmedmosaad/Herd/myclass2026-main/vendor/symfony/error-handler/Resources/views/traces.html.php(48): Symfony\\Component\\ErrorHandler\\ErrorRenderer\\HtmlErrorRenderer->include('views/trace.htm...', Array)
#6 /Users/ahmedmosaad/Herd/myclass2026-main/vendor/symfony/error-handler/ErrorRenderer/HtmlErrorRenderer.php(341): include('/Users/ahmedmos...')
#7 /Users/ahmedmosaad/Herd/myclass2026-main/vendor/symfony/error-handler/Resources/views/exception.html.php(54): Symfony\\Component\\ErrorHandler\\ErrorRenderer\\HtmlErrorRenderer->include('views/traces.ht...', Array)
#8 /Users/ahmedmosaad/Herd/myclass2026-main/vendor/symfony/error-handler/ErrorRenderer/HtmlErrorRenderer.php(341): include('/Users/ahmedmos...')
#9 /Users/ahmedmosaad/Herd/myclass2026-main/vendor/symfony/error-handler/Resources/views/exception_full.html.php(35): Symfony\\Component\\ErrorHandler\\ErrorRenderer\\HtmlErrorRenderer->include('views/exception...', Array)
#10 /Users/ahmedmosaad/Herd/myclass2026-main/vendor/symfony/error-handler/ErrorRenderer/HtmlErrorRenderer.php(341): include('/Users/ahmedmos...')
#11 /Users/ahmedmosaad/Herd/myclass2026-main/vendor/symfony/error-handler/ErrorRenderer/HtmlErrorRenderer.php(140): Symfony\\Component\\ErrorHandler\\ErrorRenderer\\HtmlErrorRenderer->include('views/exception...', Array)
#12 /Users/ahmedmosaad/Herd/myclass2026-main/vendor/symfony/error-handler/ErrorRenderer/HtmlErrorRenderer.php(72): Symfony\\Component\\ErrorHandler\\ErrorRenderer\\HtmlErrorRenderer->renderException(Object(Symfony\\Component\\ErrorHandler\\Exception\\FlattenException))
#13 /Users/ahmedmosaad/Herd/myclass2026-main/vendor/laravel/framework/src/Illuminate/Foundation/Exceptions/Handler.php(879): Symfony\\Component\\ErrorHandler\\ErrorRenderer\\HtmlErrorRenderer->render(Object(Symfony\\Component\\ErrorHandler\\Exception\\FlattenException))
#14 /Users/ahmedmosaad/Herd/myclass2026-main/vendor/laravel/framework/src/Illuminate/Foundation/Exceptions/Handler.php(853): Illuminate\\Foundation\\Exceptions\\Handler->renderExceptionWithSymfony(Object(ErrorException), true)
#15 /Users/ahmedmosaad/Herd/myclass2026-main/vendor/laravel/framework/src/Illuminate/Foundation/Exceptions/Handler.php(828): Illuminate\\Foundation\\Exceptions\\Handler->renderExceptionContent(Object(ErrorException))
#16 /Users/ahmedmosaad/Herd/myclass2026-main/vendor/laravel/framework/src/Illuminate/Foundation/Exceptions/Handler.php(807): Illuminate\\Foundation\\Exceptions\\Handler->convertExceptionToResponse(Object(ErrorException))
#17 /Users/ahmedmosaad/Herd/myclass2026-main/vendor/laravel/framework/src/Illuminate/Foundation/Exceptions/Handler.php(706): Illuminate\\Foundation\\Exceptions\\Handler->prepareResponse(Object(Illuminate\\Http\\Request), Object(ErrorException))
#18 /Users/ahmedmosaad/Herd/myclass2026-main/vendor/laravel/framework/src/Illuminate/Foundation/Exceptions/Handler.php(594): Illuminate\\Foundation\\Exceptions\\Handler->renderExceptionResponse(Object(Illuminate\\Http\\Request), Object(ErrorException))
#19 /Users/ahmedmosaad/Herd/myclass2026-main/vendor/laravel/framework/src/Illuminate/Routing/Pipeline.php(51): Illuminate\\Foundation\\Exceptions\\Handler->render(Object(Illuminate\\Http\\Request), Object(ErrorException))
#20 /Users/ahmedmosaad/Herd/myclass2026-main/vendor/laravel/framework/src/Illuminate/Pipeline/Pipeline.php(214): Illuminate\\Routing\\Pipeline->handleException(Object(Illuminate\\Http\\Request), Object(ErrorException))
#21 /Users/ahmedmosaad/Herd/myclass2026-main/vendor/laravel/framework/src/Illuminate/Auth/Middleware/Authenticate.php(64): Illuminate\\Pipeline\\Pipeline->{closure:{closure:Illuminate\\Pipeline\\Pipeline::carry():184}:185}(Object(Illuminate\\Http\\Request))
#22 /Users/ahmedmosaad/Herd/myclass2026-main/vendor/laravel/framework/src/Illuminate/Pipeline/Pipeline.php(209): Illuminate\\Auth\\Middleware\\Authenticate->handle(Object(Illuminate\\Http\\Request), Object(Closure), 'sanctum')
#23 /Users/ahmedmosaad/Herd/myclass2026-main/vendor/laravel/framework/src/Illuminate/Foundation/Http/Middleware/VerifyCsrfToken.php(88): Illuminate\\Pipeline\\Pipeline->{closure:{closure:Illuminate\\Pipeline\\Pipeline::carry():184}:185}(Object(Illuminate\\Http\\Request))
#24 /Users/ahmedmosaad/Herd/myclass2026-main/vendor/laravel/framework/src/Illuminate/Pipeline/Pipeline.php(209): Illuminate\\Foundation\\Http\\Middleware\\VerifyCsrfToken->handle(Object(Illuminate\\Http\\Request), Object(Closure))
#25 /Users/ahmedmosaad/Herd/myclass2026-main/vendor/laravel/framework/src/Illuminate/View/Middleware/ShareErrorsFromSession.php(49): Illuminate\\Pipeline\\Pipeline->{closure:{closure:Illuminate\\Pipeline\\Pipeline::carry():184}:185}(Object(Illuminate\\Http\\Request))
#26 /Users/ahmedmosaad/Herd/myclass2026-main/vendor/laravel/framework/src/Illuminate/Pipeline/Pipeline.php(209): Illuminate\\View\\Middleware\\ShareErrorsFromSession->handle(Object(Illuminate\\Http\\Request), Object(Closure))
#27 /Users/ahmedmosaad/Herd/myclass2026-main/vendor/laravel/framework/src/Illuminate/Session/Middleware/StartSession.php(121): Illuminate\\Pipeline\\Pipeline->{closure:{closure:Illuminate\\Pipeline\\Pipeline::carry():184}:185}(Object(Illuminate\\Http\\Request))
#28 /Users/ahmedmosaad/Herd/myclass2026-main/vendor/laravel/framework/src/Illuminate/Session/Middleware/StartSession.php(64): Illuminate\\Session\\Middleware\\StartSession->handleStatefulRequest(Object(Illuminate\\Http\\Request), Object(Illuminate\\Session\\Store), Object(Closure))
#29 /Users/ahmedmosaad/Herd/myclass2026-main/vendor/laravel/framework/src/Illuminate/Pipeline/Pipeline.php(209): Illuminate\\Session\\Middleware\\StartSession->handle(Object(Illuminate\\Http\\Request), Object(Closure))
#30 /Users/ahmedmosaad/Herd/myclass2026-main/vendor/laravel/framework/src/Illuminate/Cookie/Middleware/AddQueuedCookiesToResponse.php(37): Illuminate\\Pipeline\\Pipeline->{closure:{closure:Illuminate\\Pipeline\\Pipeline::carry():184}:185}(Object(Illuminate\\Http\\Request))
#31 /Users/ahmedmosaad/Herd/myclass2026-main/vendor/laravel/framework/src/Illuminate/Pipeline/Pipeline.php(209): Illuminate\\Cookie\\Middleware\\AddQueuedCookiesToResponse->handle(Object(Illuminate\\Http\\Request), Object(Closure))
#32 /Users/ahmedmosaad/Herd/myclass2026-main/vendor/laravel/framework/src/Illuminate/Cookie/Middleware/EncryptCookies.php(75): Illuminate\\Pipeline\\Pipeline->{closure:{closure:Illuminate\\Pipeline\\Pipeline::carry():184}:185}(Object(Illuminate\\Http\\Request))
#33 /Users/ahmedmosaad/Herd/myclass2026-main/vendor/laravel/framework/src/Illuminate/Pipeline/Pipeline.php(209): Illuminate\\Cookie\\Middleware\\EncryptCookies->handle(Object(Illuminate\\Http\\Request), Object(Closure))
#34 /Users/ahmedmosaad/Herd/myclass2026-main/vendor/laravel/framework/src/Illuminate/Pipeline/Pipeline.php(127): Illuminate\\Pipeline\\Pipeline->{closure:{closure:Illuminate\\Pipeline\\Pipeline::carry():184}:185}(Object(Illuminate\\Http\\Request))
#35 /Users/ahmedmosaad/Herd/myclass2026-main/vendor/laravel/framework/src/Illuminate/Routing/Router.php(807): Illuminate\\Pipeline\\Pipeline->then(Object(Closure))
#36 /Users/ahmedmosaad/Herd/myclass2026-main/vendor/laravel/framework/src/Illuminate/Routing/Router.php(786): Illuminate\\Routing\\Router->runRouteWithinStack(Object(Illuminate\\Routing\\Route), Object(Illuminate\\Http\\Request))
#37 /Users/ahmedmosaad/Herd/myclass2026-main/vendor/laravel/framework/src/Illuminate/Routing/Router.php(750): Illuminate\\Routing\\Router->runRoute(Object(Illuminate\\Http\\Request), Object(Illuminate\\Routing\\Route))
#38 /Users/ahmedmosaad/Herd/myclass2026-main/vendor/laravel/framework/src/Illuminate/Routing/Router.php(739): Illuminate\\Routing\\Router->dispatchToRoute(Object(Illuminate\\Http\\Request))
#39 /Users/ahmedmosaad/Herd/myclass2026-main/vendor/laravel/framework/src/Illuminate/Foundation/Http/Kernel.php(201): Illuminate\\Routing\\Router->dispatch(Object(Illuminate\\Http\\Request))
#40 /Users/ahmedmosaad/Herd/myclass2026-main/vendor/laravel/framework/src/Illuminate/Pipeline/Pipeline.php(170): Illuminate\\Foundation\\Http\\Kernel->{closure:Illuminate\\Foundation\\Http\\Kernel::dispatchToRouter():198}(Object(Illuminate\\Http\\Request))
#41 /Users/ahmedmosaad/Herd/myclass2026-main/vendor/laravel/framework/src/Illuminate/Foundation/Http/Middleware/TransformsRequest.php(21): Illuminate\\Pipeline\\Pipeline->{closure:Illuminate\\Pipeline\\Pipeline::prepareDestination():168}(Object(Illuminate\\Http\\Request))
#42 /Users/ahmedmosaad/Herd/myclass2026-main/vendor/laravel/framework/src/Illuminate/Foundation/Http/Middleware/ConvertEmptyStringsToNull.php(31): Illuminate\\Foundation\\Http\\Middleware\\TransformsRequest->handle(Object(Illuminate\\Http\\Request), Object(Closure))
#43 /Users/ahmedmosaad/Herd/myclass2026-main/vendor/laravel/framework/src/Illuminate/Pipeline/Pipeline.php(209): Illuminate\\Foundation\\Http\\Middleware\\ConvertEmptyStringsToNull->handle(Object(Illuminate\\Http\\Request), Object(Closure))
#44 /Users/ahmedmosaad/Herd/myclass2026-main/vendor/laravel/framework/src/Illuminate/Foundation/Http/Middleware/TransformsRequest.php(21): Illuminate\\Pipeline\\Pipeline->{closure:{closure:Illuminate\\Pipeline\\Pipeline::carry():184}:185}(Object(Illuminate\\Http\\Request))
#45 /Users/ahmedmosaad/Herd/myclass2026-main/vendor/laravel/framework/src/Illuminate/Foundation/Http/Middleware/TrimStrings.php(51): Illuminate\\Foundation\\Http\\Middleware\\TransformsRequest->handle(Object(Illuminate\\Http\\Request), Object(Closure))
#46 /Users/ahmedmosaad/Herd/myclass2026-main/vendor/laravel/framework/src/Illuminate/Pipeline/Pipeline.php(209): Illuminate\\Foundation\\Http\\Middleware\\TrimStrings->handle(Object(Illuminate\\Http\\Request), Object(Closure))
#47 /Users/ahmedmosaad/Herd/myclass2026-main/vendor/laravel/framework/src/Illuminate/Http/Middleware/ValidatePostSize.php(27): Illuminate\\Pipeline\\Pipeline->{closure:{closure:Illuminate\\Pipeline\\Pipeline::carry():184}:185}(Object(Illuminate\\Http\\Request))
#48 /Users/ahmedmosaad/Herd/myclass2026-main/vendor/laravel/framework/src/Illuminate/Pipeline/Pipeline.php(209): Illuminate\\Http\\Middleware\\ValidatePostSize->handle(Object(Illuminate\\Http\\Request), Object(Closure))
#49 /Users/ahmedmosaad/Herd/myclass2026-main/vendor/laravel/framework/src/Illuminate/Foundation/Http/Middleware/PreventRequestsDuringMaintenance.php(110): Illuminate\\Pipeline\\Pipeline->{closure:{closure:Illuminate\\Pipeline\\Pipeline::carry():184}:185}(Object(Illuminate\\Http\\Request))
#50 /Users/ahmedmosaad/Herd/myclass2026-main/vendor/laravel/framework/src/Illuminate/Pipeline/Pipeline.php(209): Illuminate\\Foundation\\Http\\Middleware\\PreventRequestsDuringMaintenance->handle(Object(Illuminate\\Http\\Request), Object(Closure))
#51 /Users/ahmedmosaad/Herd/myclass2026-main/vendor/laravel/framework/src/Illuminate/Http/Middleware/HandleCors.php(49): Illuminate\\Pipeline\\Pipeline->{closure:{closure:Illuminate\\Pipeline\\Pipeline::carry():184}:185}(Object(Illuminate\\Http\\Request))
#52 /Users/ahmedmosaad/Herd/myclass2026-main/vendor/laravel/framework/src/Illuminate/Pipeline/Pipeline.php(209): Illuminate\\Http\\Middleware\\HandleCors->handle(Object(Illuminate\\Http\\Request), Object(Closure))
#53 /Users/ahmedmosaad/Herd/myclass2026-main/vendor/laravel/framework/src/Illuminate/Http/Middleware/TrustProxies.php(58): Illuminate\\Pipeline\\Pipeline->{closure:{closure:Illuminate\\Pipeline\\Pipeline::carry():184}:185}(Object(Illuminate\\Http\\Request))
#54 /Users/ahmedmosaad/Herd/myclass2026-main/vendor/laravel/framework/src/Illuminate/Pipeline/Pipeline.php(209): Illuminate\\Http\\Middleware\\TrustProxies->handle(Object(Illuminate\\Http\\Request), Object(Closure))
#55 /Users/ahmedmosaad/Herd/myclass2026-main/vendor/laravel/framework/src/Illuminate/Foundation/Http/Middleware/InvokeDeferredCallbacks.php(22): Illuminate\\Pipeline\\Pipeline->{closure:{closure:Illuminate\\Pipeline\\Pipeline::carry():184}:185}(Object(Illuminate\\Http\\Request))
#56 /Users/ahmedmosaad/Herd/myclass2026-main/vendor/laravel/framework/src/Illuminate/Pipeline/Pipeline.php(209): Illuminate\\Foundation\\Http\\Middleware\\InvokeDeferredCallbacks->handle(Object(Illuminate\\Http\\Request), Object(Closure))
#57 /Users/ahmedmosaad/Herd/myclass2026-main/vendor/laravel/framework/src/Illuminate/Http/Middleware/ValidatePathEncoding.php(26): Illuminate\\Pipeline\\Pipeline->{closure:{closure:Illuminate\\Pipeline\\Pipeline::carry():184}:185}(Object(Illuminate\\Http\\Request))
#58 /Users/ahmedmosaad/Herd/myclass2026-main/vendor/laravel/framework/src/Illuminate/Pipeline/Pipeline.php(209): Illuminate\\Http\\Middleware\\ValidatePathEncoding->handle(Object(Illuminate\\Http\\Request), Object(Closure))
#59 /Users/ahmedmosaad/Herd/myclass2026-main/vendor/laravel/framework/src/Illuminate/Pipeline/Pipeline.php(127): Illuminate\\Pipeline\\Pipeline->{closure:{closure:Illuminate\\Pipeline\\Pipeline::carry():184}:185}(Object(Illuminate\\Http\\Request))
#60 /Users/ahmedmosaad/Herd/myclass2026-main/vendor/laravel/framework/src/Illuminate/Foundation/Http/Kernel.php(176): Illuminate\\Pipeline\\Pipeline->then(Object(Closure))
#61 /Users/ahmedmosaad/Herd/myclass2026-main/vendor/laravel/framework/src/Illuminate/Foundation/Http/Kernel.php(145): Illuminate\\Foundation\\Http\\Kernel->sendRequestThroughRouter(Object(Illuminate\\Http\\Request))
#62 /Users/ahmedmosaad/Herd/myclass2026-main/vendor/laravel/framework/src/Illuminate/Foundation/Application.php(1220): Illuminate\\Foundation\\Http\\Kernel->handle(Object(Illuminate\\Http\\Request))
#63 /Users/ahmedmosaad/Herd/myclass2026-main/public/index.php(20): Illuminate\\Foundation\\Application->handleRequest(Object(Illuminate\\Http\\Request))
#64 /Users/ahmedmosaad/Herd/myclass2026-main/vendor/laravel/framework/src/Illuminate/Foundation/resources/server.php(23): require_once('/Users/ahmedmos...')
#65 {main}
"} 
[2026-02-07 11:36:14] local.ERROR: include(assets/images/icon-copy.svg): Failed to open stream: No such file or directory {"userId":19,"exception":"[object] (ErrorException(code: 0): include(assets/images/icon-copy.svg): Failed to open stream: No such file or directory at /Users/ahmedmosaad/Herd/myclass2026-main/vendor/symfony/error-handler/ErrorRenderer/HtmlErrorRenderer.php:341)
[stacktrace]
#0 /Users/ahmedmosaad/Herd/myclass2026-main/vendor/laravel/framework/src/Illuminate/Foundation/Bootstrap/HandleExceptions.php(256): Illuminate\\Foundation\\Bootstrap\\HandleExceptions->handleError(2, 'include(assets/...', '/Users/ahmedmos...', 341)
#1 /Users/ahmedmosaad/Herd/myclass2026-main/vendor/symfony/error-handler/ErrorRenderer/HtmlErrorRenderer.php(341): Illuminate\\Foundation\\Bootstrap\\HandleExceptions->{closure:Illuminate\\Foundation\\Bootstrap\\HandleExceptions::forwardsTo():255}(2, 'include(assets/...', '/Users/ahmedmos...', 341)
#2 /Users/ahmedmosaad/Herd/myclass2026-main/vendor/symfony/error-handler/ErrorRenderer/HtmlErrorRenderer.php(341): include('/Users/ahmedmos...')
#3 /Users/ahmedmosaad/Herd/myclass2026-main/vendor/symfony/error-handler/Resources/views/trace.html.php(29): Symfony\\Component\\ErrorHandler\\ErrorRenderer\\HtmlErrorRenderer->include('assets/images/i...')
#4 /Users/ahmedmosaad/Herd/myclass2026-main/vendor/symfony/error-handler/ErrorRenderer/HtmlErrorRenderer.php(341): include('/Users/ahmedmos...')
#5 /Users/ahmedmosaad/Herd/myclass2026-main/vendor/symfony/error-handler/Resources/views/traces.html.php(48): Symfony\\Component\\ErrorHandler\\ErrorRenderer\\HtmlErrorRenderer->include('views/trace.htm...', Array)
#6 /Users/ahmedmosaad/Herd/myclass2026-main/vendor/symfony/error-handler/ErrorRenderer/HtmlErrorRenderer.php(341): include('/Users/ahmedmos...')
#7 /Users/ahmedmosaad/Herd/myclass2026-main/vendor/symfony/error-handler/Resources/views/exception.html.php(54): Symfony\\Component\\ErrorHandler\\ErrorRenderer\\HtmlErrorRenderer->include('views/traces.ht...', Array)
#8 /Users/ahmedmosaad/Herd/myclass2026-main/vendor/symfony/error-handler/ErrorRenderer/HtmlErrorRenderer.php(341): include('/Users/ahmedmos...')
#9 /Users/ahmedmosaad/Herd/myclass2026-main/vendor/symfony/error-handler/Resources/views/exception_full.html.php(35): Symfony\\Component\\ErrorHandler\\ErrorRenderer\\HtmlErrorRenderer->include('views/exception...', Array)
#10 /Users/ahmedmosaad/Herd/myclass2026-main/vendor/symfony/error-handler/ErrorRenderer/HtmlErrorRenderer.php(341): include('/Users/ahmedmos...')
#11 /Users/ahmedmosaad/Herd/myclass2026-main/vendor/symfony/error-handler/ErrorRenderer/HtmlErrorRenderer.php(140): Symfony\\Component\\ErrorHandler\\ErrorRenderer\\HtmlErrorRenderer->include('views/exception...', Array)
#12 /Users/ahmedmosaad/Herd/myclass2026-main/vendor/symfony/error-handler/ErrorRenderer/HtmlErrorRenderer.php(72): Symfony\\Component\\ErrorHandler\\ErrorRenderer\\HtmlErrorRenderer->renderException(Object(Symfony\\Component\\ErrorHandler\\Exception\\FlattenException))
#13 /Users/ahmedmosaad/Herd/myclass2026-main/vendor/laravel/framework/src/Illuminate/Foundation/Exceptions/Handler.php(879): Symfony\\Component\\ErrorHandler\\ErrorRenderer\\HtmlErrorRenderer->render(Object(Symfony\\Component\\ErrorHandler\\Exception\\FlattenException))
#14 /Users/ahmedmosaad/Herd/myclass2026-main/vendor/laravel/framework/src/Illuminate/Foundation/Exceptions/Handler.php(853): Illuminate\\Foundation\\Exceptions\\Handler->renderExceptionWithSymfony(Object(ErrorException), true)
#15 /Users/ahmedmosaad/Herd/myclass2026-main/vendor/laravel/framework/src/Illuminate/Foundation/Exceptions/Handler.php(828): Illuminate\\Foundation\\Exceptions\\Handler->renderExceptionContent(Object(ErrorException))
#16 /Users/ahmedmosaad/Herd/myclass2026-main/vendor/laravel/framework/src/Illuminate/Foundation/Exceptions/Handler.php(807): Illuminate\\Foundation\\Exceptions\\Handler->convertExceptionToResponse(Object(ErrorException))
#17 /Users/ahmedmosaad/Herd/myclass2026-main/vendor/laravel/framework/src/Illuminate/Foundation/Exceptions/Handler.php(706): Illuminate\\Foundation\\Exceptions\\Handler->prepareResponse(Object(Illuminate\\Http\\Request), Object(ErrorException))
#18 /Users/ahmedmosaad/Herd/myclass2026-main/vendor/laravel/framework/src/Illuminate/Foundation/Exceptions/Handler.php(594): Illuminate\\Foundation\\Exceptions\\Handler->renderExceptionResponse(Object(Illuminate\\Http\\Request), Object(ErrorException))
#19 /Users/ahmedmosaad/Herd/myclass2026-main/vendor/laravel/framework/src/Illuminate/Routing/Pipeline.php(51): Illuminate\\Foundation\\Exceptions\\Handler->render(Object(Illuminate\\Http\\Request), Object(ErrorException))
#20 /Users/ahmedmosaad/Herd/myclass2026-main/vendor/laravel/framework/src/Illuminate/Pipeline/Pipeline.php(214): Illuminate\\Routing\\Pipeline->handleException(Object(Illuminate\\Http\\Request), Object(ErrorException))
#21 /Users/ahmedmosaad/Herd/myclass2026-main/vendor/laravel/framework/src/Illuminate/Foundation/Http/Middleware/VerifyCsrfToken.php(88): Illuminate\\Pipeline\\Pipeline->{closure:{closure:Illuminate\\Pipeline\\Pipeline::carry():184}:185}(Object(Illuminate\\Http\\Request))
#22 /Users/ahmedmosaad/Herd/myclass2026-main/vendor/laravel/framework/src/Illuminate/Pipeline/Pipeline.php(209): Illuminate\\Foundation\\Http\\Middleware\\VerifyCsrfToken->handle(Object(Illuminate\\Http\\Request), Object(Closure))
#23 /Users/ahmedmosaad/Herd/myclass2026-main/vendor/laravel/framework/src/Illuminate/View/Middleware/ShareErrorsFromSession.php(49): Illuminate\\Pipeline\\Pipeline->{closure:{closure:Illuminate\\Pipeline\\Pipeline::carry():184}:185}(Object(Illuminate\\Http\\Request))
#24 /Users/ahmedmosaad/Herd/myclass2026-main/vendor/laravel/framework/src/Illuminate/Pipeline/Pipeline.php(209): Illuminate\\View\\Middleware\\ShareErrorsFromSession->handle(Object(Illuminate\\Http\\Request), Object(Closure))
#25 /Users/ahmedmosaad/Herd/myclass2026-main/vendor/laravel/framework/src/Illuminate/Session/Middleware/StartSession.php(121): Illuminate\\Pipeline\\Pipeline->{closure:{closure:Illuminate\\Pipeline\\Pipeline::carry():184}:185}(Object(Illuminate\\Http\\Request))
#26 /Users/ahmedmosaad/Herd/myclass2026-main/vendor/laravel/framework/src/Illuminate/Session/Middleware/StartSession.php(64): Illuminate\\Session\\Middleware\\StartSession->handleStatefulRequest(Object(Illuminate\\Http\\Request), Object(Illuminate\\Session\\Store), Object(Closure))
#27 /Users/ahmedmosaad/Herd/myclass2026-main/vendor/laravel/framework/src/Illuminate/Pipeline/Pipeline.php(209): Illuminate\\Session\\Middleware\\StartSession->handle(Object(Illuminate\\Http\\Request), Object(Closure))
#28 /Users/ahmedmosaad/Herd/myclass2026-main/vendor/laravel/framework/src/Illuminate/Cookie/Middleware/AddQueuedCookiesToResponse.php(37): Illuminate\\Pipeline\\Pipeline->{closure:{closure:Illuminate\\Pipeline\\Pipeline::carry():184}:185}(Object(Illuminate\\Http\\Request))
#29 /Users/ahmedmosaad/Herd/myclass2026-main/vendor/laravel/framework/src/Illuminate/Pipeline/Pipeline.php(209): Illuminate\\Cookie\\Middleware\\AddQueuedCookiesToResponse->handle(Object(Illuminate\\Http\\Request), Object(Closure))
#30 /Users/ahmedmosaad/Herd/myclass2026-main/vendor/laravel/framework/src/Illuminate/Cookie/Middleware/EncryptCookies.php(75): Illuminate\\Pipeline\\Pipeline->{closure:{closure:Illuminate\\Pipeline\\Pipeline::carry():184}:185}(Object(Illuminate\\Http\\Request))
#31 /Users/ahmedmosaad/Herd/myclass2026-main/vendor/laravel/framework/src/Illuminate/Pipeline/Pipeline.php(209): Illuminate\\Cookie\\Middleware\\EncryptCookies->handle(Object(Illuminate\\Http\\Request), Object(Closure))
#32 /Users/ahmedmosaad/Herd/myclass2026-main/vendor/laravel/framework/src/Illuminate/Pipeline/Pipeline.php(127): Illuminate\\Pipeline\\Pipeline->{closure:{closure:Illuminate\\Pipeline\\Pipeline::carry():184}:185}(Object(Illuminate\\Http\\Request))
#33 /Users/ahmedmosaad/Herd/myclass2026-main/vendor/laravel/framework/src/Illuminate/Routing/Router.php(807): Illuminate\\Pipeline\\Pipeline->then(Object(Closure))
#34 /Users/ahmedmosaad/Herd/myclass2026-main/vendor/laravel/framework/src/Illuminate/Routing/Router.php(786): Illuminate\\Routing\\Router->runRouteWithinStack(Object(Illuminate\\Routing\\Route), Object(Illuminate\\Http\\Request))
#35 /Users/ahmedmosaad/Herd/myclass2026-main/vendor/laravel/framework/src/Illuminate/Routing/Router.php(750): Illuminate\\Routing\\Router->runRoute(Object(Illuminate\\Http\\Request), Object(Illuminate\\Routing\\Route))
#36 /Users/ahmedmosaad/Herd/myclass2026-main/vendor/laravel/framework/src/Illuminate/Routing/Router.php(739): Illuminate\\Routing\\Router->dispatchToRoute(Object(Illuminate\\Http\\Request))
#37 /Users/ahmedmosaad/Herd/myclass2026-main/vendor/laravel/framework/src/Illuminate/Foundation/Http/Kernel.php(201): Illuminate\\Routing\\Router->dispatch(Object(Illuminate\\Http\\Request))
#38 /Users/ahmedmosaad/Herd/myclass2026-main/vendor/laravel/framework/src/Illuminate/Pipeline/Pipeline.php(170): Illuminate\\Foundation\\Http\\Kernel->{closure:Illuminate\\Foundation\\Http\\Kernel::dispatchToRouter():198}(Object(Illuminate\\Http\\Request))
#39 /Users/ahmedmosaad/Herd/myclass2026-main/vendor/laravel/framework/src/Illuminate/Foundation/Http/Middleware/TransformsRequest.php(21): Illuminate\\Pipeline\\Pipeline->{closure:Illuminate\\Pipeline\\Pipeline::prepareDestination():168}(Object(Illuminate\\Http\\Request))
#40 /Users/ahmedmosaad/Herd/myclass2026-main/vendor/laravel/framework/src/Illuminate/Foundation/Http/Middleware/ConvertEmptyStringsToNull.php(31): Illuminate\\Foundation\\Http\\Middleware\\TransformsRequest->handle(Object(Illuminate\\Http\\Request), Object(Closure))
#41 /Users/ahmedmosaad/Herd/myclass2026-main/vendor/laravel/framework/src/Illuminate/Pipeline/Pipeline.php(209): Illuminate\\Foundation\\Http\\Middleware\\ConvertEmptyStringsToNull->handle(Object(Illuminate\\Http\\Request), Object(Closure))
#42 /Users/ahmedmosaad/Herd/myclass2026-main/vendor/laravel/framework/src/Illuminate/Foundation/Http/Middleware/TransformsRequest.php(21): Illuminate\\Pipeline\\Pipeline->{closure:{closure:Illuminate\\Pipeline\\Pipeline::carry():184}:185}(Object(Illuminate\\Http\\Request))
#43 /Users/ahmedmosaad/Herd/myclass2026-main/vendor/laravel/framework/src/Illuminate/Foundation/Http/Middleware/TrimStrings.php(51): Illuminate\\Foundation\\Http\\Middleware\\TransformsRequest->handle(Object(Illuminate\\Http\\Request), Object(Closure))
#44 /Users/ahmedmosaad/Herd/myclass2026-main/vendor/laravel/framework/src/Illuminate/Pipeline/Pipeline.php(209): Illuminate\\Foundation\\Http\\Middleware\\TrimStrings->handle(Object(Illuminate\\Http\\Request), Object(Closure))
#45 /Users/ahmedmosaad/Herd/myclass2026-main/vendor/laravel/framework/src/Illuminate/Http/Middleware/ValidatePostSize.php(27): Illuminate\\Pipeline\\Pipeline->{closure:{closure:Illuminate\\Pipeline\\Pipeline::carry():184}:185}(Object(Illuminate\\Http\\Request))
#46 /Users/ahmedmosaad/Herd/myclass2026-main/vendor/laravel/framework/src/Illuminate/Pipeline/Pipeline.php(209): Illuminate\\Http\\Middleware\\ValidatePostSize->handle(Object(Illuminate\\Http\\Request), Object(Closure))
#47 /Users/ahmedmosaad/Herd/myclass2026-main/vendor/laravel/framework/src/Illuminate/Foundation/Http/Middleware/PreventRequestsDuringMaintenance.php(110): Illuminate\\Pipeline\\Pipeline->{closure:{closure:Illuminate\\Pipeline\\Pipeline::carry():184}:185}(Object(Illuminate\\Http\\Request))
#48 /Users/ahmedmosaad/Herd/myclass2026-main/vendor/laravel/framework/src/Illuminate/Pipeline/Pipeline.php(209): Illuminate\\Foundation\\Http\\Middleware\\PreventRequestsDuringMaintenance->handle(Object(Illuminate\\Http\\Request), Object(Closure))
#49 /Users/ahmedmosaad/Herd/myclass2026-main/vendor/laravel/framework/src/Illuminate/Http/Middleware/HandleCors.php(49): Illuminate\\Pipeline\\Pipeline->{closure:{closure:Illuminate\\Pipeline\\Pipeline::carry():184}:185}(Object(Illuminate\\Http\\Request))
#50 /Users/ahmedmosaad/Herd/myclass2026-main/vendor/laravel/framework/src/Illuminate/Pipeline/Pipeline.php(209): Illuminate\\Http\\Middleware\\HandleCors->handle(Object(Illuminate\\Http\\Request), Object(Closure))
#51 /Users/ahmedmosaad/Herd/myclass2026-main/vendor/laravel/framework/src/Illuminate/Http/Middleware/TrustProxies.php(58): Illuminate\\Pipeline\\Pipeline->{closure:{closure:Illuminate\\Pipeline\\Pipeline::carry():184}:185}(Object(Illuminate\\Http\\Request))
#52 /Users/ahmedmosaad/Herd/myclass2026-main/vendor/laravel/framework/src/Illuminate/Pipeline/Pipeline.php(209): Illuminate\\Http\\Middleware\\TrustProxies->handle(Object(Illuminate\\Http\\Request), Object(Closure))
#53 /Users/ahmedmosaad/Herd/myclass2026-main/vendor/laravel/framework/src/Illuminate/Foundation/Http/Middleware/InvokeDeferredCallbacks.php(22): Illuminate\\Pipeline\\Pipeline->{closure:{closure:Illuminate\\Pipeline\\Pipeline::carry():184}:185}(Object(Illuminate\\Http\\Request))
#54 /Users/ahmedmosaad/Herd/myclass2026-main/vendor/laravel/framework/src/Illuminate/Pipeline/Pipeline.php(209): Illuminate\\Foundation\\Http\\Middleware\\InvokeDeferredCallbacks->handle(Object(Illuminate\\Http\\Request), Object(Closure))
#55 /Users/ahmedmosaad/Herd/myclass2026-main/vendor/laravel/framework/src/Illuminate/Http/Middleware/ValidatePathEncoding.php(26): Illuminate\\Pipeline\\Pipeline->{closure:{closure:Illuminate\\Pipeline\\Pipeline::carry():184}:185}(Object(Illuminate\\Http\\Request))
#56 /Users/ahmedmosaad/Herd/myclass2026-main/vendor/laravel/framework/src/Illuminate/Pipeline/Pipeline.php(209): Illuminate\\Http\\Middleware\\ValidatePathEncoding->handle(Object(Illuminate\\Http\\Request), Object(Closure))
#57 /Users/ahmedmosaad/Herd/myclass2026-main/vendor/laravel/framework/src/Illuminate/Pipeline/Pipeline.php(127): Illuminate\\Pipeline\\Pipeline->{closure:{closure:Illuminate\\Pipeline\\Pipeline::carry():184}:185}(Object(Illuminate\\Http\\Request))
#58 /Users/ahmedmosaad/Herd/myclass2026-main/vendor/laravel/framework/src/Illuminate/Foundation/Http/Kernel.php(176): Illuminate\\Pipeline\\Pipeline->then(Object(Closure))
#59 /Users/ahmedmosaad/Herd/myclass2026-main/vendor/laravel/framework/src/Illuminate/Foundation/Http/Kernel.php(145): Illuminate\\Foundation\\Http\\Kernel->sendRequestThroughRouter(Object(Illuminate\\Http\\Request))
#60 /Users/ahmedmosaad/Herd/myclass2026-main/vendor/laravel/framework/src/Illuminate/Foundation/Application.php(1220): Illuminate\\Foundation\\Http\\Kernel->handle(Object(Illuminate\\Http\\Request))
#61 /Users/ahmedmosaad/Herd/myclass2026-main/public/index.php(20): Illuminate\\Foundation\\Application->handleRequest(Object(Illuminate\\Http\\Request))
#62 /Users/ahmedmosaad/Herd/myclass2026-main/vendor/laravel/framework/src/Illuminate/Foundation/resources/server.php(23): require_once('/Users/ahmedmos...')
#63 {main}
"} 
[2026-02-07 11:36:14] local.ERROR: include(assets/images/icon-copy.svg): Failed to open stream: No such file or directory {"userId":19,"exception":"[object] (ErrorException(code: 0): include(assets/images/icon-copy.svg): Failed to open stream: No such file or directory at /Users/ahmedmosaad/Herd/myclass2026-main/vendor/symfony/error-handler/ErrorRenderer/HtmlErrorRenderer.php:341)
[stacktrace]
#0 /Users/ahmedmosaad/Herd/myclass2026-main/vendor/laravel/framework/src/Illuminate/Foundation/Bootstrap/HandleExceptions.php(256): Illuminate\\Foundation\\Bootstrap\\HandleExceptions->handleError(2, 'include(assets/...', '/Users/ahmedmos...', 341)
#1 /Users/ahmedmosaad/Herd/myclass2026-main/vendor/symfony/error-handler/ErrorRenderer/HtmlErrorRenderer.php(341): Illuminate\\Foundation\\Bootstrap\\HandleExceptions->{closure:Illuminate\\Foundation\\Bootstrap\\HandleExceptions::forwardsTo():255}(2, 'include(assets/...', '/Users/ahmedmos...', 341)
#2 /Users/ahmedmosaad/Herd/myclass2026-main/vendor/symfony/error-handler/ErrorRenderer/HtmlErrorRenderer.php(341): include('/Users/ahmedmos...')
#3 /Users/ahmedmosaad/Herd/myclass2026-main/vendor/symfony/error-handler/Resources/views/trace.html.php(29): Symfony\\Component\\ErrorHandler\\ErrorRenderer\\HtmlErrorRenderer->include('assets/images/i...')
#4 /Users/ahmedmosaad/Herd/myclass2026-main/vendor/symfony/error-handler/ErrorRenderer/HtmlErrorRenderer.php(341): include('/Users/ahmedmos...')
#5 /Users/ahmedmosaad/Herd/myclass2026-main/vendor/symfony/error-handler/Resources/views/traces.html.php(48): Symfony\\Component\\ErrorHandler\\ErrorRenderer\\HtmlErrorRenderer->include('views/trace.htm...', Array)
#6 /Users/ahmedmosaad/Herd/myclass2026-main/vendor/symfony/error-handler/ErrorRenderer/HtmlErrorRenderer.php(341): include('/Users/ahmedmos...')
#7 /Users/ahmedmosaad/Herd/myclass2026-main/vendor/symfony/error-handler/Resources/views/exception.html.php(54): Symfony\\Component\\ErrorHandler\\ErrorRenderer\\HtmlErrorRenderer->include('views/traces.ht...', Array)
#8 /Users/ahmedmosaad/Herd/myclass2026-main/vendor/symfony/error-handler/ErrorRenderer/HtmlErrorRenderer.php(341): include('/Users/ahmedmos...')
#9 /Users/ahmedmosaad/Herd/myclass2026-main/vendor/symfony/error-handler/Resources/views/exception_full.html.php(35): Symfony\\Component\\ErrorHandler\\ErrorRenderer\\HtmlErrorRenderer->include('views/exception...', Array)
#10 /Users/ahmedmosaad/Herd/myclass2026-main/vendor/symfony/error-handler/ErrorRenderer/HtmlErrorRenderer.php(341): include('/Users/ahmedmos...')
#11 /Users/ahmedmosaad/Herd/myclass2026-main/vendor/symfony/error-handler/ErrorRenderer/HtmlErrorRenderer.php(140): Symfony\\Component\\ErrorHandler\\ErrorRenderer\\HtmlErrorRenderer->include('views/exception...', Array)
#12 /Users/ahmedmosaad/Herd/myclass2026-main/vendor/symfony/error-handler/ErrorRenderer/HtmlErrorRenderer.php(72): Symfony\\Component\\ErrorHandler\\ErrorRenderer\\HtmlErrorRenderer->renderException(Object(Symfony\\Component\\ErrorHandler\\Exception\\FlattenException))
#13 /Users/ahmedmosaad/Herd/myclass2026-main/vendor/laravel/framework/src/Illuminate/Foundation/Exceptions/Handler.php(879): Symfony\\Component\\ErrorHandler\\ErrorRenderer\\HtmlErrorRenderer->render(Object(Symfony\\Component\\ErrorHandler\\Exception\\FlattenException))
#14 /Users/ahmedmosaad/Herd/myclass2026-main/vendor/laravel/framework/src/Illuminate/Foundation/Exceptions/Handler.php(853): Illuminate\\Foundation\\Exceptions\\Handler->renderExceptionWithSymfony(Object(ErrorException), true)
#15 /Users/ahmedmosaad/Herd/myclass2026-main/vendor/laravel/framework/src/Illuminate/Foundation/Exceptions/Handler.php(828): Illuminate\\Foundation\\Exceptions\\Handler->renderExceptionContent(Object(ErrorException))
#16 /Users/ahmedmosaad/Herd/myclass2026-main/vendor/laravel/framework/src/Illuminate/Foundation/Exceptions/Handler.php(807): Illuminate\\Foundation\\Exceptions\\Handler->convertExceptionToResponse(Object(ErrorException))
#17 /Users/ahmedmosaad/Herd/myclass2026-main/vendor/laravel/framework/src/Illuminate/Foundation/Exceptions/Handler.php(706): Illuminate\\Foundation\\Exceptions\\Handler->prepareResponse(Object(Illuminate\\Http\\Request), Object(ErrorException))
#18 /Users/ahmedmosaad/Herd/myclass2026-main/vendor/laravel/framework/src/Illuminate/Foundation/Exceptions/Handler.php(594): Illuminate\\Foundation\\Exceptions\\Handler->renderExceptionResponse(Object(Illuminate\\Http\\Request), Object(ErrorException))
#19 /Users/ahmedmosaad/Herd/myclass2026-main/vendor/laravel/framework/src/Illuminate/Routing/Pipeline.php(51): Illuminate\\Foundation\\Exceptions\\Handler->render(Object(Illuminate\\Http\\Request), Object(ErrorException))
#20 /Users/ahmedmosaad/Herd/myclass2026-main/vendor/laravel/framework/src/Illuminate/Pipeline/Pipeline.php(214): Illuminate\\Routing\\Pipeline->handleException(Object(Illuminate\\Http\\Request), Object(ErrorException))
#21 /Users/ahmedmosaad/Herd/myclass2026-main/vendor/laravel/framework/src/Illuminate/View/Middleware/ShareErrorsFromSession.php(49): Illuminate\\Pipeline\\Pipeline->{closure:{closure:Illuminate\\Pipeline\\Pipeline::carry():184}:185}(Object(Illuminate\\Http\\Request))
#22 /Users/ahmedmosaad/Herd/myclass2026-main/vendor/laravel/framework/src/Illuminate/Pipeline/Pipeline.php(209): Illuminate\\View\\Middleware\\ShareErrorsFromSession->handle(Object(Illuminate\\Http\\Request), Object(Closure))
#23 /Users/ahmedmosaad/Herd/myclass2026-main/vendor/laravel/framework/src/Illuminate/Session/Middleware/StartSession.php(121): Illuminate\\Pipeline\\Pipeline->{closure:{closure:Illuminate\\Pipeline\\Pipeline::carry():184}:185}(Object(Illuminate\\Http\\Request))
#24 /Users/ahmedmosaad/Herd/myclass2026-main/vendor/laravel/framework/src/Illuminate/Session/Middleware/StartSession.php(64): Illuminate\\Session\\Middleware\\StartSession->handleStatefulRequest(Object(Illuminate\\Http\\Request), Object(Illuminate\\Session\\Store), Object(Closure))
#25 /Users/ahmedmosaad/Herd/myclass2026-main/vendor/laravel/framework/src/Illuminate/Pipeline/Pipeline.php(209): Illuminate\\Session\\Middleware\\StartSession->handle(Object(Illuminate\\Http\\Request), Object(Closure))
#26 /Users/ahmedmosaad/Herd/myclass2026-main/vendor/laravel/framework/src/Illuminate/Cookie/Middleware/AddQueuedCookiesToResponse.php(37): Illuminate\\Pipeline\\Pipeline->{closure:{closure:Illuminate\\Pipeline\\Pipeline::carry():184}:185}(Object(Illuminate\\Http\\Request))
#27 /Users/ahmedmosaad/Herd/myclass2026-main/vendor/laravel/framework/src/Illuminate/Pipeline/Pipeline.php(209): Illuminate\\Cookie\\Middleware\\AddQueuedCookiesToResponse->handle(Object(Illuminate\\Http\\Request), Object(Closure))
#28 /Users/ahmedmosaad/Herd/myclass2026-main/vendor/laravel/framework/src/Illuminate/Cookie/Middleware/EncryptCookies.php(75): Illuminate\\Pipeline\\Pipeline->{closure:{closure:Illuminate\\Pipeline\\Pipeline::carry():184}:185}(Object(Illuminate\\Http\\Request))
#29 /Users/ahmedmosaad/Herd/myclass2026-main/vendor/laravel/framework/src/Illuminate/Pipeline/Pipeline.php(209): Illuminate\\Cookie\\Middleware\\EncryptCookies->handle(Object(Illuminate\\Http\\Request), Object(Closure))
#30 /Users/ahmedmosaad/Herd/myclass2026-main/vendor/laravel/framework/src/Illuminate/Pipeline/Pipeline.php(127): Illuminate\\Pipeline\\Pipeline->{closure:{closure:Illuminate\\Pipeline\\Pipeline::carry():184}:185}(Object(Illuminate\\Http\\Request))
#31 /Users/ahmedmosaad/Herd/myclass2026-main/vendor/laravel/framework/src/Illuminate/Routing/Router.php(807): Illuminate\\Pipeline\\Pipeline->then(Object(Closure))
#32 /Users/ahmedmosaad/Herd/myclass2026-main/vendor/laravel/framework/src/Illuminate/Routing/Router.php(786): Illuminate\\Routing\\Router->runRouteWithinStack(Object(Illuminate\\Routing\\Route), Object(Illuminate\\Http\\Request))
#33 /Users/ahmedmosaad/Herd/myclass2026-main/vendor/laravel/framework/src/Illuminate/Routing/Router.php(750): Illuminate\\Routing\\Router->runRoute(Object(Illuminate\\Http\\Request), Object(Illuminate\\Routing\\Route))
#34 /Users/ahmedmosaad/Herd/myclass2026-main/vendor/laravel/framework/src/Illuminate/Routing/Router.php(739): Illuminate\\Routing\\Router->dispatchToRoute(Object(Illuminate\\Http\\Request))
#35 /Users/ahmedmosaad/Herd/myclass2026-main/vendor/laravel/framework/src/Illuminate/Foundation/Http/Kernel.php(201): Illuminate\\Routing\\Router->dispatch(Object(Illuminate\\Http\\Request))
#36 /Users/ahmedmosaad/Herd/myclass2026-main/vendor/laravel/framework/src/Illuminate/Pipeline/Pipeline.php(170): Illuminate\\Foundation\\Http\\Kernel->{closure:Illuminate\\Foundation\\Http\\Kernel::dispatchToRouter():198}(Object(Illuminate\\Http\\Request))
#37 /Users/ahmedmosaad/Herd/myclass2026-main/vendor/laravel/framework/src/Illuminate/Foundation/Http/Middleware/TransformsRequest.php(21): Illuminate\\Pipeline\\Pipeline->{closure:Illuminate\\Pipeline\\Pipeline::prepareDestination():168}(Object(Illuminate\\Http\\Request))
#38 /Users/ahmedmosaad/Herd/myclass2026-main/vendor/laravel/framework/src/Illuminate/Foundation/Http/Middleware/ConvertEmptyStringsToNull.php(31): Illuminate\\Foundation\\Http\\Middleware\\TransformsRequest->handle(Object(Illuminate\\Http\\Request), Object(Closure))
#39 /Users/ahmedmosaad/Herd/myclass2026-main/vendor/laravel/framework/src/Illuminate/Pipeline/Pipeline.php(209): Illuminate\\Foundation\\Http\\Middleware\\ConvertEmptyStringsToNull->handle(Object(Illuminate\\Http\\Request), Object(Closure))
#40 /Users/ahmedmosaad/Herd/myclass2026-main/vendor/laravel/framework/src/Illuminate/Foundation/Http/Middleware/TransformsRequest.php(21): Illuminate\\Pipeline\\Pipeline->{closure:{closure:Illuminate\\Pipeline\\Pipeline::carry():184}:185}(Object(Illuminate\\Http\\Request))
#41 /Users/ahmedmosaad/Herd/myclass2026-main/vendor/laravel/framework/src/Illuminate/Foundation/Http/Middleware/TrimStrings.php(51): Illuminate\\Foundation\\Http\\Middleware\\TransformsRequest->handle(Object(Illuminate\\Http\\Request), Object(Closure))
#42 /Users/ahmedmosaad/Herd/myclass2026-main/vendor/laravel/framework/src/Illuminate/Pipeline/Pipeline.php(209): Illuminate\\Foundation\\Http\\Middleware\\TrimStrings->handle(Object(Illuminate\\Http\\Request), Object(Closure))
#43 /Users/ahmedmosaad/Herd/myclass2026-main/vendor/laravel/framework/src/Illuminate/Http/Middleware/ValidatePostSize.php(27): Illuminate\\Pipeline\\Pipeline->{closure:{closure:Illuminate\\Pipeline\\Pipeline::carry():184}:185}(Object(Illuminate\\Http\\Request))
#44 /Users/ahmedmosaad/Herd/myclass2026-main/vendor/laravel/framework/src/Illuminate/Pipeline/Pipeline.php(209): Illuminate\\Http\\Middleware\\ValidatePostSize->handle(Object(Illuminate\\Http\\Request), Object(Closure))
#45 /Users/ahmedmosaad/Herd/myclass2026-main/vendor/laravel/framework/src/Illuminate/Foundation/Http/Middleware/PreventRequestsDuringMaintenance.php(110): Illuminate\\Pipeline\\Pipeline->{closure:{closure:Illuminate\\Pipeline\\Pipeline::carry():184}:185}(Object(Illuminate\\Http\\Request))
#46 /Users/ahmedmosaad/Herd/myclass2026-main/vendor/laravel/framework/src/Illuminate/Pipeline/Pipeline.php(209): Illuminate\\Foundation\\Http\\Middleware\\PreventRequestsDuringMaintenance->handle(Object(Illuminate\\Http\\Request), Object(Closure))
#47 /Users/ahmedmosaad/Herd/myclass2026-main/vendor/laravel/framework/src/Illuminate/Http/Middleware/HandleCors.php(49): Illuminate\\Pipeline\\Pipeline->{closure:{closure:Illuminate\\Pipeline\\Pipeline::carry():184}:185}(Object(Illuminate\\Http\\Request))
#48 /Users/ahmedmosaad/Herd/myclass2026-main/vendor/laravel/framework/src/Illuminate/Pipeline/Pipeline.php(209): Illuminate\\Http\\Middleware\\HandleCors->handle(Object(Illuminate\\Http\\Request), Object(Closure))
#49 /Users/ahmedmosaad/Herd/myclass2026-main/vendor/laravel/framework/src/Illuminate/Http/Middleware/TrustProxies.php(58): Illuminate\\Pipeline\\Pipeline->{closure:{closure:Illuminate\\Pipeline\\Pipeline::carry():184}:185}(Object(Illuminate\\Http\\Request))
#50 /Users/ahmedmosaad/Herd/myclass2026-main/vendor/laravel/framework/src/Illuminate/Pipeline/Pipeline.php(209): Illuminate\\Http\\Middleware\\TrustProxies->handle(Object(Illuminate\\Http\\Request), Object(Closure))
#51 /Users/ahmedmosaad/Herd/myclass2026-main/vendor/laravel/framework/src/Illuminate/Foundation/Http/Middleware/InvokeDeferredCallbacks.php(22): Illuminate\\Pipeline\\Pipeline->{closure:{closure:Illuminate\\Pipeline\\Pipeline::carry():184}:185}(Object(Illuminate\\Http\\Request))
#52 /Users/ahmedmosaad/Herd/myclass2026-main/vendor/laravel/framework/src/Illuminate/Pipeline/Pipeline.php(209): Illuminate\\Foundation\\Http\\Middleware\\InvokeDeferredCallbacks->handle(Object(Illuminate\\Http\\Request), Object(Closure))
#53 /Users/ahmedmosaad/Herd/myclass2026-main/vendor/laravel/framework/src/Illuminate/Http/Middleware/ValidatePathEncoding.php(26): Illuminate\\Pipeline\\Pipeline->{closure:{closure:Illuminate\\Pipeline\\Pipeline::carry():184}:185}(Object(Illuminate\\Http\\Request))
#54 /Users/ahmedmosaad/Herd/myclass2026-main/vendor/laravel/framework/src/Illuminate/Pipeline/Pipeline.php(209): Illuminate\\Http\\Middleware\\ValidatePathEncoding->handle(Object(Illuminate\\Http\\Request), Object(Closure))
#55 /Users/ahmedmosaad/Herd/myclass2026-main/vendor/laravel/framework/src/Illuminate/Pipeline/Pipeline.php(127): Illuminate\\Pipeline\\Pipeline->{closure:{closure:Illuminate\\Pipeline\\Pipeline::carry():184}:185}(Object(Illuminate\\Http\\Request))
#56 /Users/ahmedmosaad/Herd/myclass2026-main/vendor/laravel/framework/src/Illuminate/Foundation/Http/Kernel.php(176): Illuminate\\Pipeline\\Pipeline->then(Object(Closure))
#57 /Users/ahmedmosaad/Herd/myclass2026-main/vendor/laravel/framework/src/Illuminate/Foundation/Http/Kernel.php(145): Illuminate\\Foundation\\Http\\Kernel->sendRequestThroughRouter(Object(Illuminate\\Http\\Request))
#58 /Users/ahmedmosaad/Herd/myclass2026-main/vendor/laravel/framework/src/Illuminate/Foundation/Application.php(1220): Illuminate\\Foundation\\Http\\Kernel->handle(Object(Illuminate\\Http\\Request))
#59 /Users/ahmedmosaad/Herd/myclass2026-main/public/index.php(20): Illuminate\\Foundation\\Application->handleRequest(Object(Illuminate\\Http\\Request))
#60 /Users/ahmedmosaad/Herd/myclass2026-main/vendor/laravel/framework/src/Illuminate/Foundation/resources/server.php(23): require_once('/Users/ahmedmos...')
#61 {main}
"} 
[2026-02-07 11:36:14] local.ERROR: include(assets/images/icon-copy.svg): Failed to open stream: No such file or directory {"userId":19,"exception":"[object] (ErrorException(code: 0): include(assets/images/icon-copy.svg): Failed to open stream: No such file or directory at /Users/ahmedmosaad/Herd/myclass2026-main/vendor/symfony/error-handler/ErrorRenderer/HtmlErrorRenderer.php:341)
[stacktrace]
#0 /Users/ahmedmosaad/Herd/myclass2026-main/vendor/laravel/framework/src/Illuminate/Foundation/Bootstrap/HandleExceptions.php(256): Illuminate\\Foundation\\Bootstrap\\HandleExceptions->handleError(2, 'include(assets/...', '/Users/ahmedmos...', 341)
#1 /Users/ahmedmosaad/Herd/myclass2026-main/vendor/symfony/error-handler/ErrorRenderer/HtmlErrorRenderer.php(341): Illuminate\\Foundation\\Bootstrap\\HandleExceptions->{closure:Illuminate\\Foundation\\Bootstrap\\HandleExceptions::forwardsTo():255}(2, 'include(assets/...', '/Users/ahmedmos...', 341)
#2 /Users/ahmedmosaad/Herd/myclass2026-main/vendor/symfony/error-handler/ErrorRenderer/HtmlErrorRenderer.php(341): include('/Users/ahmedmos...')
#3 /Users/ahmedmosaad/Herd/myclass2026-main/vendor/symfony/error-handler/Resources/views/trace.html.php(29): Symfony\\Component\\ErrorHandler\\ErrorRenderer\\HtmlErrorRenderer->include('assets/images/i...')
#4 /Users/ahmedmosaad/Herd/myclass2026-main/vendor/symfony/error-handler/ErrorRenderer/HtmlErrorRenderer.php(341): include('/Users/ahmedmos...')
#5 /Users/ahmedmosaad/Herd/myclass2026-main/vendor/symfony/error-handler/Resources/views/traces.html.php(48): Symfony\\Component\\ErrorHandler\\ErrorRenderer\\HtmlErrorRenderer->include('views/trace.htm...', Array)
#6 /Users/ahmedmosaad/Herd/myclass2026-main/vendor/symfony/error-handler/ErrorRenderer/HtmlErrorRenderer.php(341): include('/Users/ahmedmos...')
#7 /Users/ahmedmosaad/Herd/myclass2026-main/vendor/symfony/error-handler/Resources/views/exception.html.php(54): Symfony\\Component\\ErrorHandler\\ErrorRenderer\\HtmlErrorRenderer->include('views/traces.ht...', Array)
#8 /Users/ahmedmosaad/Herd/myclass2026-main/vendor/symfony/error-handler/ErrorRenderer/HtmlErrorRenderer.php(341): include('/Users/ahmedmos...')
#9 /Users/ahmedmosaad/Herd/myclass2026-main/vendor/symfony/error-handler/Resources/views/exception_full.html.php(35): Symfony\\Component\\ErrorHandler\\ErrorRenderer\\HtmlErrorRenderer->include('views/exception...', Array)
#10 /Users/ahmedmosaad/Herd/myclass2026-main/vendor/symfony/error-handler/ErrorRenderer/HtmlErrorRenderer.php(341): include('/Users/ahmedmos...')
#11 /Users/ahmedmosaad/Herd/myclass2026-main/vendor/symfony/error-handler/ErrorRenderer/HtmlErrorRenderer.php(140): Symfony\\Component\\ErrorHandler\\ErrorRenderer\\HtmlErrorRenderer->include('views/exception...', Array)
#12 /Users/ahmedmosaad/Herd/myclass2026-main/vendor/symfony/error-handler/ErrorRenderer/HtmlErrorRenderer.php(72): Symfony\\Component\\ErrorHandler\\ErrorRenderer\\HtmlErrorRenderer->renderException(Object(Symfony\\Component\\ErrorHandler\\Exception\\FlattenException))
#13 /Users/ahmedmosaad/Herd/myclass2026-main/vendor/laravel/framework/src/Illuminate/Foundation/Exceptions/Handler.php(879): Symfony\\Component\\ErrorHandler\\ErrorRenderer\\HtmlErrorRenderer->render(Object(Symfony\\Component\\ErrorHandler\\Exception\\FlattenException))
#14 /Users/ahmedmosaad/Herd/myclass2026-main/vendor/laravel/framework/src/Illuminate/Foundation/Exceptions/Handler.php(853): Illuminate\\Foundation\\Exceptions\\Handler->renderExceptionWithSymfony(Object(ErrorException), true)
#15 /Users/ahmedmosaad/Herd/myclass2026-main/vendor/laravel/framework/src/Illuminate/Foundation/Exceptions/Handler.php(828): Illuminate\\Foundation\\Exceptions\\Handler->renderExceptionContent(Object(ErrorException))
#16 /Users/ahmedmosaad/Herd/myclass2026-main/vendor/laravel/framework/src/Illuminate/Foundation/Exceptions/Handler.php(807): Illuminate\\Foundation\\Exceptions\\Handler->convertExceptionToResponse(Object(ErrorException))
#17 /Users/ahmedmosaad/Herd/myclass2026-main/vendor/laravel/framework/src/Illuminate/Foundation/Exceptions/Handler.php(706): Illuminate\\Foundation\\Exceptions\\Handler->prepareResponse(Object(Illuminate\\Http\\Request), Object(ErrorException))
#18 /Users/ahmedmosaad/Herd/myclass2026-main/vendor/laravel/framework/src/Illuminate/Foundation/Exceptions/Handler.php(594): Illuminate\\Foundation\\Exceptions\\Handler->renderExceptionResponse(Object(Illuminate\\Http\\Request), Object(ErrorException))
#19 /Users/ahmedmosaad/Herd/myclass2026-main/vendor/laravel/framework/src/Illuminate/Routing/Pipeline.php(51): Illuminate\\Foundation\\Exceptions\\Handler->render(Object(Illuminate\\Http\\Request), Object(ErrorException))
#20 /Users/ahmedmosaad/Herd/myclass2026-main/vendor/laravel/framework/src/Illuminate/Pipeline/Pipeline.php(214): Illuminate\\Routing\\Pipeline->handleException(Object(Illuminate\\Http\\Request), Object(ErrorException))
#21 /Users/ahmedmosaad/Herd/myclass2026-main/vendor/laravel/framework/src/Illuminate/Session/Middleware/StartSession.php(121): Illuminate\\Pipeline\\Pipeline->{closure:{closure:Illuminate\\Pipeline\\Pipeline::carry():184}:185}(Object(Illuminate\\Http\\Request))
#22 /Users/ahmedmosaad/Herd/myclass2026-main/vendor/laravel/framework/src/Illuminate/Session/Middleware/StartSession.php(64): Illuminate\\Session\\Middleware\\StartSession->handleStatefulRequest(Object(Illuminate\\Http\\Request), Object(Illuminate\\Session\\Store), Object(Closure))
#23 /Users/ahmedmosaad/Herd/myclass2026-main/vendor/laravel/framework/src/Illuminate/Pipeline/Pipeline.php(209): Illuminate\\Session\\Middleware\\StartSession->handle(Object(Illuminate\\Http\\Request), Object(Closure))
#24 /Users/ahmedmosaad/Herd/myclass2026-main/vendor/laravel/framework/src/Illuminate/Cookie/Middleware/AddQueuedCookiesToResponse.php(37): Illuminate\\Pipeline\\Pipeline->{closure:{closure:Illuminate\\Pipeline\\Pipeline::carry():184}:185}(Object(Illuminate\\Http\\Request))
#25 /Users/ahmedmosaad/Herd/myclass2026-main/vendor/laravel/framework/src/Illuminate/Pipeline/Pipeline.php(209): Illuminate\\Cookie\\Middleware\\AddQueuedCookiesToResponse->handle(Object(Illuminate\\Http\\Request), Object(Closure))
#26 /Users/ahmedmosaad/Herd/myclass2026-main/vendor/laravel/framework/src/Illuminate/Cookie/Middleware/EncryptCookies.php(75): Illuminate\\Pipeline\\Pipeline->{closure:{closure:Illuminate\\Pipeline\\Pipeline::carry():184}:185}(Object(Illuminate\\Http\\Request))
#27 /Users/ahmedmosaad/Herd/myclass2026-main/vendor/laravel/framework/src/Illuminate/Pipeline/Pipeline.php(209): Illuminate\\Cookie\\Middleware\\EncryptCookies->handle(Object(Illuminate\\Http\\Request), Object(Closure))
#28 /Users/ahmedmosaad/Herd/myclass2026-main/vendor/laravel/framework/src/Illuminate/Pipeline/Pipeline.php(127): Illuminate\\Pipeline\\Pipeline->{closure:{closure:Illuminate\\Pipeline\\Pipeline::carry():184}:185}(Object(Illuminate\\Http\\Request))
#29 /Users/ahmedmosaad/Herd/myclass2026-main/vendor/laravel/framework/src/Illuminate/Routing/Router.php(807): Illuminate\\Pipeline\\Pipeline->then(Object(Closure))
#30 /Users/ahmedmosaad/Herd/myclass2026-main/vendor/laravel/framework/src/Illuminate/Routing/Router.php(786): Illuminate\\Routing\\Router->runRouteWithinStack(Object(Illuminate\\Routing\\Route), Object(Illuminate\\Http\\Request))
#31 /Users/ahmedmosaad/Herd/myclass2026-main/vendor/laravel/framework/src/Illuminate/Routing/Router.php(750): Illuminate\\Routing\\Router->runRoute(Object(Illuminate\\Http\\Request), Object(Illuminate\\Routing\\Route))
#32 /Users/ahmedmosaad/Herd/myclass2026-main/vendor/laravel/framework/src/Illuminate/Routing/Router.php(739): Illuminate\\Routing\\Router->dispatchToRoute(Object(Illuminate\\Http\\Request))
#33 /Users/ahmedmosaad/Herd/myclass2026-main/vendor/laravel/framework/src/Illuminate/Foundation/Http/Kernel.php(201): Illuminate\\Routing\\Router->dispatch(Object(Illuminate\\Http\\Request))
#34 /Users/ahmedmosaad/Herd/myclass2026-main/vendor/laravel/framework/src/Illuminate/Pipeline/Pipeline.php(170): Illuminate\\Foundation\\Http\\Kernel->{closure:Illuminate\\Foundation\\Http\\Kernel::dispatchToRouter():198}(Object(Illuminate\\Http\\Request))
#35 /Users/ahmedmosaad/Herd/myclass2026-main/vendor/laravel/framework/src/Illuminate/Foundation/Http/Middleware/TransformsRequest.php(21): Illuminate\\Pipeline\\Pipeline->{closure:Illuminate\\Pipeline\\Pipeline::prepareDestination():168}(Object(Illuminate\\Http\\Request))
#36 /Users/ahmedmosaad/Herd/myclass2026-main/vendor/laravel/framework/src/Illuminate/Foundation/Http/Middleware/ConvertEmptyStringsToNull.php(31): Illuminate\\Foundation\\Http\\Middleware\\TransformsRequest->handle(Object(Illuminate\\Http\\Request), Object(Closure))
#37 /Users/ahmedmosaad/Herd/myclass2026-main/vendor/laravel/framework/src/Illuminate/Pipeline/Pipeline.php(209): Illuminate\\Foundation\\Http\\Middleware\\ConvertEmptyStringsToNull->handle(Object(Illuminate\\Http\\Request), Object(Closure))
#38 /Users/ahmedmosaad/Herd/myclass2026-main/vendor/laravel/framework/src/Illuminate/Foundation/Http/Middleware/TransformsRequest.php(21): Illuminate\\Pipeline\\Pipeline->{closure:{closure:Illuminate\\Pipeline\\Pipeline::carry():184}:185}(Object(Illuminate\\Http\\Request))
#39 /Users/ahmedmosaad/Herd/myclass2026-main/vendor/laravel/framework/src/Illuminate/Foundation/Http/Middleware/TrimStrings.php(51): Illuminate\\Foundation\\Http\\Middleware\\TransformsRequest->handle(Object(Illuminate\\Http\\Request), Object(Closure))
#40 /Users/ahmedmosaad/Herd/myclass2026-main/vendor/laravel/framework/src/Illuminate/Pipeline/Pipeline.php(209): Illuminate\\Foundation\\Http\\Middleware\\TrimStrings->handle(Object(Illuminate\\Http\\Request), Object(Closure))
#41 /Users/ahmedmosaad/Herd/myclass2026-main/vendor/laravel/framework/src/Illuminate/Http/Middleware/ValidatePostSize.php(27): Illuminate\\Pipeline\\Pipeline->{closure:{closure:Illuminate\\Pipeline\\Pipeline::carry():184}:185}(Object(Illuminate\\Http\\Request))
#42 /Users/ahmedmosaad/Herd/myclass2026-main/vendor/laravel/framework/src/Illuminate/Pipeline/Pipeline.php(209): Illuminate\\Http\\Middleware\\ValidatePostSize->handle(Object(Illuminate\\Http\\Request), Object(Closure))
#43 /Users/ahmedmosaad/Herd/myclass2026-main/vendor/laravel/framework/src/Illuminate/Foundation/Http/Middleware/PreventRequestsDuringMaintenance.php(110): Illuminate\\Pipeline\\Pipeline->{closure:{closure:Illuminate\\Pipeline\\Pipeline::carry():184}:185}(Object(Illuminate\\Http\\Request))
#44 /Users/ahmedmosaad/Herd/myclass2026-main/vendor/laravel/framework/src/Illuminate/Pipeline/Pipeline.php(209): Illuminate\\Foundation\\Http\\Middleware\\PreventRequestsDuringMaintenance->handle(Object(Illuminate\\Http\\Request), Object(Closure))
#45 /Users/ahmedmosaad/Herd/myclass2026-main/vendor/laravel/framework/src/Illuminate/Http/Middleware/HandleCors.php(49): Illuminate\\Pipeline\\Pipeline->{closure:{closure:Illuminate\\Pipeline\\Pipeline::carry():184}:185}(Object(Illuminate\\Http\\Request))
#46 /Users/ahmedmosaad/Herd/myclass2026-main/vendor/laravel/framework/src/Illuminate/Pipeline/Pipeline.php(209): Illuminate\\Http\\Middleware\\HandleCors->handle(Object(Illuminate\\Http\\Request), Object(Closure))
#47 /Users/ahmedmosaad/Herd/myclass2026-main/vendor/laravel/framework/src/Illuminate/Http/Middleware/TrustProxies.php(58): Illuminate\\Pipeline\\Pipeline->{closure:{closure:Illuminate\\Pipeline\\Pipeline::carry():184}:185}(Object(Illuminate\\Http\\Request))
#48 /Users/ahmedmosaad/Herd/myclass2026-main/vendor/laravel/framework/src/Illuminate/Pipeline/Pipeline.php(209): Illuminate\\Http\\Middleware\\TrustProxies->handle(Object(Illuminate\\Http\\Request), Object(Closure))
#49 /Users/ahmedmosaad/Herd/myclass2026-main/vendor/laravel/framework/src/Illuminate/Foundation/Http/Middleware/InvokeDeferredCallbacks.php(22): Illuminate\\Pipeline\\Pipeline->{closure:{closure:Illuminate\\Pipeline\\Pipeline::carry():184}:185}(Object(Illuminate\\Http\\Request))
#50 /Users/ahmedmosaad/Herd/myclass2026-main/vendor/laravel/framework/src/Illuminate/Pipeline/Pipeline.php(209): Illuminate\\Foundation\\Http\\Middleware\\InvokeDeferredCallbacks->handle(Object(Illuminate\\Http\\Request), Object(Closure))
#51 /Users/ahmedmosaad/Herd/myclass2026-main/vendor/laravel/framework/src/Illuminate/Http/Middleware/ValidatePathEncoding.php(26): Illuminate\\Pipeline\\Pipeline->{closure:{closure:Illuminate\\Pipeline\\Pipeline::carry():184}:185}(Object(Illuminate\\Http\\Request))
#52 /Users/ahmedmosaad/Herd/myclass2026-main/vendor/laravel/framework/src/Illuminate/Pipeline/Pipeline.php(209): Illuminate\\Http\\Middleware\\ValidatePathEncoding->handle(Object(Illuminate\\Http\\Request), Object(Closure))
#53 /Users/ahmedmosaad/Herd/myclass2026-main/vendor/laravel/framework/src/Illuminate/Pipeline/Pipeline.php(127): Illuminate\\Pipeline\\Pipeline->{closure:{closure:Illuminate\\Pipeline\\Pipeline::carry():184}:185}(Object(Illuminate\\Http\\Request))
#54 /Users/ahmedmosaad/Herd/myclass2026-main/vendor/laravel/framework/src/Illuminate/Foundation/Http/Kernel.php(176): Illuminate\\Pipeline\\Pipeline->then(Object(Closure))
#55 /Users/ahmedmosaad/Herd/myclass2026-main/vendor/laravel/framework/src/Illuminate/Foundation/Http/Kernel.php(145): Illuminate\\Foundation\\Http\\Kernel->sendRequestThroughRouter(Object(Illuminate\\Http\\Request))
#56 /Users/ahmedmosaad/Herd/myclass2026-main/vendor/laravel/framework/src/Illuminate/Foundation/Application.php(1220): Illuminate\\Foundation\\Http\\Kernel->handle(Object(Illuminate\\Http\\Request))
#57 /Users/ahmedmosaad/Herd/myclass2026-main/public/index.php(20): Illuminate\\Foundation\\Application->handleRequest(Object(Illuminate\\Http\\Request))
#58 /Users/ahmedmosaad/Herd/myclass2026-main/vendor/laravel/framework/src/Illuminate/Foundation/resources/server.php(23): require_once('/Users/ahmedmos...')
#59 {main}
"} 
[2026-02-07 11:36:14] local.ERROR: include(assets/images/icon-copy.svg): Failed to open stream: No such file or directory {"userId":19,"exception":"[object] (ErrorException(code: 0): include(assets/images/icon-copy.svg): Failed to open stream: No such file or directory at /Users/ahmedmosaad/Herd/myclass2026-main/vendor/symfony/error-handler/ErrorRenderer/HtmlErrorRenderer.php:341)
[stacktrace]
#0 /Users/ahmedmosaad/Herd/myclass2026-main/vendor/laravel/framework/src/Illuminate/Foundation/Bootstrap/HandleExceptions.php(256): Illuminate\\Foundation\\Bootstrap\\HandleExceptions->handleError(2, 'include(assets/...', '/Users/ahmedmos...', 341)
#1 /Users/ahmedmosaad/Herd/myclass2026-main/vendor/symfony/error-handler/ErrorRenderer/HtmlErrorRenderer.php(341): Illuminate\\Foundation\\Bootstrap\\HandleExceptions->{closure:Illuminate\\Foundation\\Bootstrap\\HandleExceptions::forwardsTo():255}(2, 'include(assets/...', '/Users/ahmedmos...', 341)
#2 /Users/ahmedmosaad/Herd/myclass2026-main/vendor/symfony/error-handler/ErrorRenderer/HtmlErrorRenderer.php(341): include('/Users/ahmedmos...')
#3 /Users/ahmedmosaad/Herd/myclass2026-main/vendor/symfony/error-handler/Resources/views/trace.html.php(29): Symfony\\Component\\ErrorHandler\\ErrorRenderer\\HtmlErrorRenderer->include('assets/images/i...')
#4 /Users/ahmedmosaad/Herd/myclass2026-main/vendor/symfony/error-handler/ErrorRenderer/HtmlErrorRenderer.php(341): include('/Users/ahmedmos...')
#5 /Users/ahmedmosaad/Herd/myclass2026-main/vendor/symfony/error-handler/Resources/views/traces.html.php(48): Symfony\\Component\\ErrorHandler\\ErrorRenderer\\HtmlErrorRenderer->include('views/trace.htm...', Array)
#6 /Users/ahmedmosaad/Herd/myclass2026-main/vendor/symfony/error-handler/ErrorRenderer/HtmlErrorRenderer.php(341): include('/Users/ahmedmos...')
#7 /Users/ahmedmosaad/Herd/myclass2026-main/vendor/symfony/error-handler/Resources/views/exception.html.php(54): Symfony\\Component\\ErrorHandler\\ErrorRenderer\\HtmlErrorRenderer->include('views/traces.ht...', Array)
#8 /Users/ahmedmosaad/Herd/myclass2026-main/vendor/symfony/error-handler/ErrorRenderer/HtmlErrorRenderer.php(341): include('/Users/ahmedmos...')
#9 /Users/ahmedmosaad/Herd/myclass2026-main/vendor/symfony/error-handler/Resources/views/exception_full.html.php(35): Symfony\\Component\\ErrorHandler\\ErrorRenderer\\HtmlErrorRenderer->include('views/exception...', Array)
#10 /Users/ahmedmosaad/Herd/myclass2026-main/vendor/symfony/error-handler/ErrorRenderer/HtmlErrorRenderer.php(341): include('/Users/ahmedmos...')
#11 /Users/ahmedmosaad/Herd/myclass2026-main/vendor/symfony/error-handler/ErrorRenderer/HtmlErrorRenderer.php(140): Symfony\\Component\\ErrorHandler\\ErrorRenderer\\HtmlErrorRenderer->include('views/exception...', Array)
#12 /Users/ahmedmosaad/Herd/myclass2026-main/vendor/symfony/error-handler/ErrorRenderer/HtmlErrorRenderer.php(72): Symfony\\Component\\ErrorHandler\\ErrorRenderer\\HtmlErrorRenderer->renderException(Object(Symfony\\Component\\ErrorHandler\\Exception\\FlattenException))
#13 /Users/ahmedmosaad/Herd/myclass2026-main/vendor/laravel/framework/src/Illuminate/Foundation/Exceptions/Handler.php(879): Symfony\\Component\\ErrorHandler\\ErrorRenderer\\HtmlErrorRenderer->render(Object(Symfony\\Component\\ErrorHandler\\Exception\\FlattenException))
#14 /Users/ahmedmosaad/Herd/myclass2026-main/vendor/laravel/framework/src/Illuminate/Foundation/Exceptions/Handler.php(853): Illuminate\\Foundation\\Exceptions\\Handler->renderExceptionWithSymfony(Object(ErrorException), true)
#15 /Users/ahmedmosaad/Herd/myclass2026-main/vendor/laravel/framework/src/Illuminate/Foundation/Exceptions/Handler.php(828): Illuminate\\Foundation\\Exceptions\\Handler->renderExceptionContent(Object(ErrorException))
#16 /Users/ahmedmosaad/Herd/myclass2026-main/vendor/laravel/framework/src/Illuminate/Foundation/Exceptions/Handler.php(807): Illuminate\\Foundation\\Exceptions\\Handler->convertExceptionToResponse(Object(ErrorException))
#17 /Users/ahmedmosaad/Herd/myclass2026-main/vendor/laravel/framework/src/Illuminate/Foundation/Exceptions/Handler.php(706): Illuminate\\Foundation\\Exceptions\\Handler->prepareResponse(Object(Illuminate\\Http\\Request), Object(ErrorException))
#18 /Users/ahmedmosaad/Herd/myclass2026-main/vendor/laravel/framework/src/Illuminate/Foundation/Exceptions/Handler.php(594): Illuminate\\Foundation\\Exceptions\\Handler->renderExceptionResponse(Object(Illuminate\\Http\\Request), Object(ErrorException))
#19 /Users/ahmedmosaad/Herd/myclass2026-main/vendor/laravel/framework/src/Illuminate/Routing/Pipeline.php(51): Illuminate\\Foundation\\Exceptions\\Handler->render(Object(Illuminate\\Http\\Request), Object(ErrorException))
#20 /Users/ahmedmosaad/Herd/myclass2026-main/vendor/laravel/framework/src/Illuminate/Pipeline/Pipeline.php(214): Illuminate\\Routing\\Pipeline->handleException(Object(Illuminate\\Http\\Request), Object(ErrorException))
#21 /Users/ahmedmosaad/Herd/myclass2026-main/vendor/laravel/framework/src/Illuminate/Cookie/Middleware/AddQueuedCookiesToResponse.php(37): Illuminate\\Pipeline\\Pipeline->{closure:{closure:Illuminate\\Pipeline\\Pipeline::carry():184}:185}(Object(Illuminate\\Http\\Request))
#22 /Users/ahmedmosaad/Herd/myclass2026-main/vendor/laravel/framework/src/Illuminate/Pipeline/Pipeline.php(209): Illuminate\\Cookie\\Middleware\\AddQueuedCookiesToResponse->handle(Object(Illuminate\\Http\\Request), Object(Closure))
#23 /Users/ahmedmosaad/Herd/myclass2026-main/vendor/laravel/framework/src/Illuminate/Cookie/Middleware/EncryptCookies.php(75): Illuminate\\Pipeline\\Pipeline->{closure:{closure:Illuminate\\Pipeline\\Pipeline::carry():184}:185}(Object(Illuminate\\Http\\Request))
#24 /Users/ahmedmosaad/Herd/myclass2026-main/vendor/laravel/framework/src/Illuminate/Pipeline/Pipeline.php(209): Illuminate\\Cookie\\Middleware\\EncryptCookies->handle(Object(Illuminate\\Http\\Request), Object(Closure))
#25 /Users/ahmedmosaad/Herd/myclass2026-main/vendor/laravel/framework/src/Illuminate/Pipeline/Pipeline.php(127): Illuminate\\Pipeline\\Pipeline->{closure:{closure:Illuminate\\Pipeline\\Pipeline::carry():184}:185}(Object(Illuminate\\Http\\Request))
#26 /Users/ahmedmosaad/Herd/myclass2026-main/vendor/laravel/framework/src/Illuminate/Routing/Router.php(807): Illuminate\\Pipeline\\Pipeline->then(Object(Closure))
#27 /Users/ahmedmosaad/Herd/myclass2026-main/vendor/laravel/framework/src/Illuminate/Routing/Router.php(786): Illuminate\\Routing\\Router->runRouteWithinStack(Object(Illuminate\\Routing\\Route), Object(Illuminate\\Http\\Request))
#28 /Users/ahmedmosaad/Herd/myclass2026-main/vendor/laravel/framework/src/Illuminate/Routing/Router.php(750): Illuminate\\Routing\\Router->runRoute(Object(Illuminate\\Http\\Request), Object(Illuminate\\Routing\\Route))
#29 /Users/ahmedmosaad/Herd/myclass2026-main/vendor/laravel/framework/src/Illuminate/Routing/Router.php(739): Illuminate\\Routing\\Router->dispatchToRoute(Object(Illuminate\\Http\\Request))
#30 /Users/ahmedmosaad/Herd/myclass2026-main/vendor/laravel/framework/src/Illuminate/Foundation/Http/Kernel.php(201): Illuminate\\Routing\\Router->dispatch(Object(Illuminate\\Http\\Request))
#31 /Users/ahmedmosaad/Herd/myclass2026-main/vendor/laravel/framework/src/Illuminate/Pipeline/Pipeline.php(170): Illuminate\\Foundation\\Http\\Kernel->{closure:Illuminate\\Foundation\\Http\\Kernel::dispatchToRouter():198}(Object(Illuminate\\Http\\Request))
#32 /Users/ahmedmosaad/Herd/myclass2026-main/vendor/laravel/framework/src/Illuminate/Foundation/Http/Middleware/TransformsRequest.php(21): Illuminate\\Pipeline\\Pipeline->{closure:Illuminate\\Pipeline\\Pipeline::prepareDestination():168}(Object(Illuminate\\Http\\Request))
#33 /Users/ahmedmosaad/Herd/myclass2026-main/vendor/laravel/framework/src/Illuminate/Foundation/Http/Middleware/ConvertEmptyStringsToNull.php(31): Illuminate\\Foundation\\Http\\Middleware\\TransformsRequest->handle(Object(Illuminate\\Http\\Request), Object(Closure))
#34 /Users/ahmedmosaad/Herd/myclass2026-main/vendor/laravel/framework/src/Illuminate/Pipeline/Pipeline.php(209): Illuminate\\Foundation\\Http\\Middleware\\ConvertEmptyStringsToNull->handle(Object(Illuminate\\Http\\Request), Object(Closure))
#35 /Users/ahmedmosaad/Herd/myclass2026-main/vendor/laravel/framework/src/Illuminate/Foundation/Http/Middleware/TransformsRequest.php(21): Illuminate\\Pipeline\\Pipeline->{closure:{closure:Illuminate\\Pipeline\\Pipeline::carry():184}:185}(Object(Illuminate\\Http\\Request))
#36 /Users/ahmedmosaad/Herd/myclass2026-main/vendor/laravel/framework/src/Illuminate/Foundation/Http/Middleware/TrimStrings.php(51): Illuminate\\Foundation\\Http\\Middleware\\TransformsRequest->handle(Object(Illuminate\\Http\\Request), Object(Closure))
#37 /Users/ahmedmosaad/Herd/myclass2026-main/vendor/laravel/framework/src/Illuminate/Pipeline/Pipeline.php(209): Illuminate\\Foundation\\Http\\Middleware\\TrimStrings->handle(Object(Illuminate\\Http\\Request), Object(Closure))
#38 /Users/ahmedmosaad/Herd/myclass2026-main/vendor/laravel/framework/src/Illuminate/Http/Middleware/ValidatePostSize.php(27): Illuminate\\Pipeline\\Pipeline->{closure:{closure:Illuminate\\Pipeline\\Pipeline::carry():184}:185}(Object(Illuminate\\Http\\Request))
#39 /Users/ahmedmosaad/Herd/myclass2026-main/vendor/laravel/framework/src/Illuminate/Pipeline/Pipeline.php(209): Illuminate\\Http\\Middleware\\ValidatePostSize->handle(Object(Illuminate\\Http\\Request), Object(Closure))
#40 /Users/ahmedmosaad/Herd/myclass2026-main/vendor/laravel/framework/src/Illuminate/Foundation/Http/Middleware/PreventRequestsDuringMaintenance.php(110): Illuminate\\Pipeline\\Pipeline->{closure:{closure:Illuminate\\Pipeline\\Pipeline::carry():184}:185}(Object(Illuminate\\Http\\Request))
#41 /Users/ahmedmosaad/Herd/myclass2026-main/vendor/laravel/framework/src/Illuminate/Pipeline/Pipeline.php(209): Illuminate\\Foundation\\Http\\Middleware\\PreventRequestsDuringMaintenance->handle(Object(Illuminate\\Http\\Request), Object(Closure))
#42 /Users/ahmedmosaad/Herd/myclass2026-main/vendor/laravel/framework/src/Illuminate/Http/Middleware/HandleCors.php(49): Illuminate\\Pipeline\\Pipeline->{closure:{closure:Illuminate\\Pipeline\\Pipeline::carry():184}:185}(Object(Illuminate\\Http\\Request))
#43 /Users/ahmedmosaad/Herd/myclass2026-main/vendor/laravel/framework/src/Illuminate/Pipeline/Pipeline.php(209): Illuminate\\Http\\Middleware\\HandleCors->handle(Object(Illuminate\\Http\\Request), Object(Closure))
#44 /Users/ahmedmosaad/Herd/myclass2026-main/vendor/laravel/framework/src/Illuminate/Http/Middleware/TrustProxies.php(58): Illuminate\\Pipeline\\Pipeline->{closure:{closure:Illuminate\\Pipeline\\Pipeline::carry():184}:185}(Object(Illuminate\\Http\\Request))
#45 /Users/ahmedmosaad/Herd/myclass2026-main/vendor/laravel/framework/src/Illuminate/Pipeline/Pipeline.php(209): Illuminate\\Http\\Middleware\\TrustProxies->handle(Object(Illuminate\\Http\\Request), Object(Closure))
#46 /Users/ahmedmosaad/Herd/myclass2026-main/vendor/laravel/framework/src/Illuminate/Foundation/Http/Middleware/InvokeDeferredCallbacks.php(22): Illuminate\\Pipeline\\Pipeline->{closure:{closure:Illuminate\\Pipeline\\Pipeline::carry():184}:185}(Object(Illuminate\\Http\\Request))
#47 /Users/ahmedmosaad/Herd/myclass2026-main/vendor/laravel/framework/src/Illuminate/Pipeline/Pipeline.php(209): Illuminate\\Foundation\\Http\\Middleware\\InvokeDeferredCallbacks->handle(Object(Illuminate\\Http\\Request), Object(Closure))
#48 /Users/ahmedmosaad/Herd/myclass2026-main/vendor/laravel/framework/src/Illuminate/Http/Middleware/ValidatePathEncoding.php(26): Illuminate\\Pipeline\\Pipeline->{closure:{closure:Illuminate\\Pipeline\\Pipeline::carry():184}:185}(Object(Illuminate\\Http\\Request))
#49 /Users/ahmedmosaad/Herd/myclass2026-main/vendor/laravel/framework/src/Illuminate/Pipeline/Pipeline.php(209): Illuminate\\Http\\Middleware\\ValidatePathEncoding->handle(Object(Illuminate\\Http\\Request), Object(Closure))
#50 /Users/ahmedmosaad/Herd/myclass2026-main/vendor/laravel/framework/src/Illuminate/Pipeline/Pipeline.php(127): Illuminate\\Pipeline\\Pipeline->{closure:{closure:Illuminate\\Pipeline\\Pipeline::carry():184}:185}(Object(Illuminate\\Http\\Request))
#51 /Users/ahmedmosaad/Herd/myclass2026-main/vendor/laravel/framework/src/Illuminate/Foundation/Http/Kernel.php(176): Illuminate\\Pipeline\\Pipeline->then(Object(Closure))
#52 /Users/ahmedmosaad/Herd/myclass2026-main/vendor/laravel/framework/src/Illuminate/Foundation/Http/Kernel.php(145): Illuminate\\Foundation\\Http\\Kernel->sendRequestThroughRouter(Object(Illuminate\\Http\\Request))
#53 /Users/ahmedmosaad/Herd/myclass2026-main/vendor/laravel/framework/src/Illuminate/Foundation/Application.php(1220): Illuminate\\Foundation\\Http\\Kernel->handle(Object(Illuminate\\Http\\Request))
#54 /Users/ahmedmosaad/Herd/myclass2026-main/public/index.php(20): Illuminate\\Foundation\\Application->handleRequest(Object(Illuminate\\Http\\Request))
#55 /Users/ahmedmosaad/Herd/myclass2026-main/vendor/laravel/framework/src/Illuminate/Foundation/resources/server.php(23): require_once('/Users/ahmedmos...')
#56 {main}
"} 
[2026-02-07 11:36:14] local.ERROR: include(assets/images/icon-copy.svg): Failed to open stream: No such file or directory {"userId":19,"exception":"[object] (ErrorException(code: 0): include(assets/images/icon-copy.svg): Failed to open stream: No such file or directory at /Users/ahmedmosaad/Herd/myclass2026-main/vendor/symfony/error-handler/ErrorRenderer/HtmlErrorRenderer.php:341)
[stacktrace]
#0 /Users/ahmedmosaad/Herd/myclass2026-main/vendor/laravel/framework/src/Illuminate/Foundation/Bootstrap/HandleExceptions.php(256): Illuminate\\Foundation\\Bootstrap\\HandleExceptions->handleError(2, 'include(assets/...', '/Users/ahmedmos...', 341)
#1 /Users/ahmedmosaad/Herd/myclass2026-main/vendor/symfony/error-handler/ErrorRenderer/HtmlErrorRenderer.php(341): Illuminate\\Foundation\\Bootstrap\\HandleExceptions->{closure:Illuminate\\Foundation\\Bootstrap\\HandleExceptions::forwardsTo():255}(2, 'include(assets/...', '/Users/ahmedmos...', 341)
#2 /Users/ahmedmosaad/Herd/myclass2026-main/vendor/symfony/error-handler/ErrorRenderer/HtmlErrorRenderer.php(341): include('/Users/ahmedmos...')
#3 /Users/ahmedmosaad/Herd/myclass2026-main/vendor/symfony/error-handler/Resources/views/trace.html.php(29): Symfony\\Component\\ErrorHandler\\ErrorRenderer\\HtmlErrorRenderer->include('assets/images/i...')
#4 /Users/ahmedmosaad/Herd/myclass2026-main/vendor/symfony/error-handler/ErrorRenderer/HtmlErrorRenderer.php(341): include('/Users/ahmedmos...')
#5 /Users/ahmedmosaad/Herd/myclass2026-main/vendor/symfony/error-handler/Resources/views/traces.html.php(48): Symfony\\Component\\ErrorHandler\\ErrorRenderer\\HtmlErrorRenderer->include('views/trace.htm...', Array)
#6 /Users/ahmedmosaad/Herd/myclass2026-main/vendor/symfony/error-handler/ErrorRenderer/HtmlErrorRenderer.php(341): include('/Users/ahmedmos...')
#7 /Users/ahmedmosaad/Herd/myclass2026-main/vendor/symfony/error-handler/Resources/views/exception.html.php(54): Symfony\\Component\\ErrorHandler\\ErrorRenderer\\HtmlErrorRenderer->include('views/traces.ht...', Array)
#8 /Users/ahmedmosaad/Herd/myclass2026-main/vendor/symfony/error-handler/ErrorRenderer/HtmlErrorRenderer.php(341): include('/Users/ahmedmos...')
#9 /Users/ahmedmosaad/Herd/myclass2026-main/vendor/symfony/error-handler/Resources/views/exception_full.html.php(35): Symfony\\Component\\ErrorHandler\\ErrorRenderer\\HtmlErrorRenderer->include('views/exception...', Array)
#10 /Users/ahmedmosaad/Herd/myclass2026-main/vendor/symfony/error-handler/ErrorRenderer/HtmlErrorRenderer.php(341): include('/Users/ahmedmos...')
#11 /Users/ahmedmosaad/Herd/myclass2026-main/vendor/symfony/error-handler/ErrorRenderer/HtmlErrorRenderer.php(140): Symfony\\Component\\ErrorHandler\\ErrorRenderer\\HtmlErrorRenderer->include('views/exception...', Array)
#12 /Users/ahmedmosaad/Herd/myclass2026-main/vendor/symfony/error-handler/ErrorRenderer/HtmlErrorRenderer.php(72): Symfony\\Component\\ErrorHandler\\ErrorRenderer\\HtmlErrorRenderer->renderException(Object(Symfony\\Component\\ErrorHandler\\Exception\\FlattenException))
#13 /Users/ahmedmosaad/Herd/myclass2026-main/vendor/laravel/framework/src/Illuminate/Foundation/Exceptions/Handler.php(879): Symfony\\Component\\ErrorHandler\\ErrorRenderer\\HtmlErrorRenderer->render(Object(Symfony\\Component\\ErrorHandler\\Exception\\FlattenException))
#14 /Users/ahmedmosaad/Herd/myclass2026-main/vendor/laravel/framework/src/Illuminate/Foundation/Exceptions/Handler.php(853): Illuminate\\Foundation\\Exceptions\\Handler->renderExceptionWithSymfony(Object(ErrorException), true)
#15 /Users/ahmedmosaad/Herd/myclass2026-main/vendor/laravel/framework/src/Illuminate/Foundation/Exceptions/Handler.php(828): Illuminate\\Foundation\\Exceptions\\Handler->renderExceptionContent(Object(ErrorException))
#16 /Users/ahmedmosaad/Herd/myclass2026-main/vendor/laravel/framework/src/Illuminate/Foundation/Exceptions/Handler.php(807): Illuminate\\Foundation\\Exceptions\\Handler->convertExceptionToResponse(Object(ErrorException))
#17 /Users/ahmedmosaad/Herd/myclass2026-main/vendor/laravel/framework/src/Illuminate/Foundation/Exceptions/Handler.php(706): Illuminate\\Foundation\\Exceptions\\Handler->prepareResponse(Object(Illuminate\\Http\\Request), Object(ErrorException))
#18 /Users/ahmedmosaad/Herd/myclass2026-main/vendor/laravel/framework/src/Illuminate/Foundation/Exceptions/Handler.php(594): Illuminate\\Foundation\\Exceptions\\Handler->renderExceptionResponse(Object(Illuminate\\Http\\Request), Object(ErrorException))
#19 /Users/ahmedmosaad/Herd/myclass2026-main/vendor/laravel/framework/src/Illuminate/Routing/Pipeline.php(51): Illuminate\\Foundation\\Exceptions\\Handler->render(Object(Illuminate\\Http\\Request), Object(ErrorException))
#20 /Users/ahmedmosaad/Herd/myclass2026-main/vendor/laravel/framework/src/Illuminate/Pipeline/Pipeline.php(214): Illuminate\\Routing\\Pipeline->handleException(Object(Illuminate\\Http\\Request), Object(ErrorException))
#21 /Users/ahmedmosaad/Herd/myclass2026-main/vendor/laravel/framework/src/Illuminate/Cookie/Middleware/EncryptCookies.php(75): Illuminate\\Pipeline\\Pipeline->{closure:{closure:Illuminate\\Pipeline\\Pipeline::carry():184}:185}(Object(Illuminate\\Http\\Request))
#22 /Users/ahmedmosaad/Herd/myclass2026-main/vendor/laravel/framework/src/Illuminate/Pipeline/Pipeline.php(209): Illuminate\\Cookie\\Middleware\\EncryptCookies->handle(Object(Illuminate\\Http\\Request), Object(Closure))
#23 /Users/ahmedmosaad/Herd/myclass2026-main/vendor/laravel/framework/src/Illuminate/Pipeline/Pipeline.php(127): Illuminate\\Pipeline\\Pipeline->{closure:{closure:Illuminate\\Pipeline\\Pipeline::carry():184}:185}(Object(Illuminate\\Http\\Request))
#24 /Users/ahmedmosaad/Herd/myclass2026-main/vendor/laravel/framework/src/Illuminate/Routing/Router.php(807): Illuminate\\Pipeline\\Pipeline->then(Object(Closure))
#25 /Users/ahmedmosaad/Herd/myclass2026-main/vendor/laravel/framework/src/Illuminate/Routing/Router.php(786): Illuminate\\Routing\\Router->runRouteWithinStack(Object(Illuminate\\Routing\\Route), Object(Illuminate\\Http\\Request))
#26 /Users/ahmedmosaad/Herd/myclass2026-main/vendor/laravel/framework/src/Illuminate/Routing/Router.php(750): Illuminate\\Routing\\Router->runRoute(Object(Illuminate\\Http\\Request), Object(Illuminate\\Routing\\Route))
#27 /Users/ahmedmosaad/Herd/myclass2026-main/vendor/laravel/framework/src/Illuminate/Routing/Router.php(739): Illuminate\\Routing\\Router->dispatchToRoute(Object(Illuminate\\Http\\Request))
#28 /Users/ahmedmosaad/Herd/myclass2026-main/vendor/laravel/framework/src/Illuminate/Foundation/Http/Kernel.php(201): Illuminate\\Routing\\Router->dispatch(Object(Illuminate\\Http\\Request))
#29 /Users/ahmedmosaad/Herd/myclass2026-main/vendor/laravel/framework/src/Illuminate/Pipeline/Pipeline.php(170): Illuminate\\Foundation\\Http\\Kernel->{closure:Illuminate\\Foundation\\Http\\Kernel::dispatchToRouter():198}(Object(Illuminate\\Http\\Request))
#30 /Users/ahmedmosaad/Herd/myclass2026-main/vendor/laravel/framework/src/Illuminate/Foundation/Http/Middleware/TransformsRequest.php(21): Illuminate\\Pipeline\\Pipeline->{closure:Illuminate\\Pipeline\\Pipeline::prepareDestination():168}(Object(Illuminate\\Http\\Request))
#31 /Users/ahmedmosaad/Herd/myclass2026-main/vendor/laravel/framework/src/Illuminate/Foundation/Http/Middleware/ConvertEmptyStringsToNull.php(31): Illuminate\\Foundation\\Http\\Middleware\\TransformsRequest->handle(Object(Illuminate\\Http\\Request), Object(Closure))
#32 /Users/ahmedmosaad/Herd/myclass2026-main/vendor/laravel/framework/src/Illuminate/Pipeline/Pipeline.php(209): Illuminate\\Foundation\\Http\\Middleware\\ConvertEmptyStringsToNull->handle(Object(Illuminate\\Http\\Request), Object(Closure))
#33 /Users/ahmedmosaad/Herd/myclass2026-main/vendor/laravel/framework/src/Illuminate/Foundation/Http/Middleware/TransformsRequest.php(21): Illuminate\\Pipeline\\Pipeline->{closure:{closure:Illuminate\\Pipeline\\Pipeline::carry():184}:185}(Object(Illuminate\\Http\\Request))
#34 /Users/ahmedmosaad/Herd/myclass2026-main/vendor/laravel/framework/src/Illuminate/Foundation/Http/Middleware/TrimStrings.php(51): Illuminate\\Foundation\\Http\\Middleware\\TransformsRequest->handle(Object(Illuminate\\Http\\Request), Object(Closure))
#35 /Users/ahmedmosaad/Herd/myclass2026-main/vendor/laravel/framework/src/Illuminate/Pipeline/Pipeline.php(209): Illuminate\\Foundation\\Http\\Middleware\\TrimStrings->handle(Object(Illuminate\\Http\\Request), Object(Closure))
#36 /Users/ahmedmosaad/Herd/myclass2026-main/vendor/laravel/framework/src/Illuminate/Http/Middleware/ValidatePostSize.php(27): Illuminate\\Pipeline\\Pipeline->{closure:{closure:Illuminate\\Pipeline\\Pipeline::carry():184}:185}(Object(Illuminate\\Http\\Request))
#37 /Users/ahmedmosaad/Herd/myclass2026-main/vendor/laravel/framework/src/Illuminate/Pipeline/Pipeline.php(209): Illuminate\\Http\\Middleware\\ValidatePostSize->handle(Object(Illuminate\\Http\\Request), Object(Closure))
#38 /Users/ahmedmosaad/Herd/myclass2026-main/vendor/laravel/framework/src/Illuminate/Foundation/Http/Middleware/PreventRequestsDuringMaintenance.php(110): Illuminate\\Pipeline\\Pipeline->{closure:{closure:Illuminate\\Pipeline\\Pipeline::carry():184}:185}(Object(Illuminate\\Http\\Request))
#39 /Users/ahmedmosaad/Herd/myclass2026-main/vendor/laravel/framework/src/Illuminate/Pipeline/Pipeline.php(209): Illuminate\\Foundation\\Http\\Middleware\\PreventRequestsDuringMaintenance->handle(Object(Illuminate\\Http\\Request), Object(Closure))
#40 /Users/ahmedmosaad/Herd/myclass2026-main/vendor/laravel/framework/src/Illuminate/Http/Middleware/HandleCors.php(49): Illuminate\\Pipeline\\Pipeline->{closure:{closure:Illuminate\\Pipeline\\Pipeline::carry():184}:185}(Object(Illuminate\\Http\\Request))
#41 /Users/ahmedmosaad/Herd/myclass2026-main/vendor/laravel/framework/src/Illuminate/Pipeline/Pipeline.php(209): Illuminate\\Http\\Middleware\\HandleCors->handle(Object(Illuminate\\Http\\Request), Object(Closure))
#42 /Users/ahmedmosaad/Herd/myclass2026-main/vendor/laravel/framework/src/Illuminate/Http/Middleware/TrustProxies.php(58): Illuminate\\Pipeline\\Pipeline->{closure:{closure:Illuminate\\Pipeline\\Pipeline::carry():184}:185}(Object(Illuminate\\Http\\Request))
#43 /Users/ahmedmosaad/Herd/myclass2026-main/vendor/laravel/framework/src/Illuminate/Pipeline/Pipeline.php(209): Illuminate\\Http\\Middleware\\TrustProxies->handle(Object(Illuminate\\Http\\Request), Object(Closure))
#44 /Users/ahmedmosaad/Herd/myclass2026-main/vendor/laravel/framework/src/Illuminate/Foundation/Http/Middleware/InvokeDeferredCallbacks.php(22): Illuminate\\Pipeline\\Pipeline->{closure:{closure:Illuminate\\Pipeline\\Pipeline::carry():184}:185}(Object(Illuminate\\Http\\Request))
#45 /Users/ahmedmosaad/Herd/myclass2026-main/vendor/laravel/framework/src/Illuminate/Pipeline/Pipeline.php(209): Illuminate\\Foundation\\Http\\Middleware\\InvokeDeferredCallbacks->handle(Object(Illuminate\\Http\\Request), Object(Closure))
#46 /Users/ahmedmosaad/Herd/myclass2026-main/vendor/laravel/framework/src/Illuminate/Http/Middleware/ValidatePathEncoding.php(26): Illuminate\\Pipeline\\Pipeline->{closure:{closure:Illuminate\\Pipeline\\Pipeline::carry():184}:185}(Object(Illuminate\\Http\\Request))
#47 /Users/ahmedmosaad/Herd/myclass2026-main/vendor/laravel/framework/src/Illuminate/Pipeline/Pipeline.php(209): Illuminate\\Http\\Middleware\\ValidatePathEncoding->handle(Object(Illuminate\\Http\\Request), Object(Closure))
#48 /Users/ahmedmosaad/Herd/myclass2026-main/vendor/laravel/framework/src/Illuminate/Pipeline/Pipeline.php(127): Illuminate\\Pipeline\\Pipeline->{closure:{closure:Illuminate\\Pipeline\\Pipeline::carry():184}:185}(Object(Illuminate\\Http\\Request))
#49 /Users/ahmedmosaad/Herd/myclass2026-main/vendor/laravel/framework/src/Illuminate/Foundation/Http/Kernel.php(176): Illuminate\\Pipeline\\Pipeline->then(Object(Closure))
#50 /Users/ahmedmosaad/Herd/myclass2026-main/vendor/laravel/framework/src/Illuminate/Foundation/Http/Kernel.php(145): Illuminate\\Foundation\\Http\\Kernel->sendRequestThroughRouter(Object(Illuminate\\Http\\Request))
#51 /Users/ahmedmosaad/Herd/myclass2026-main/vendor/laravel/framework/src/Illuminate/Foundation/Application.php(1220): Illuminate\\Foundation\\Http\\Kernel->handle(Object(Illuminate\\Http\\Request))
#52 /Users/ahmedmosaad/Herd/myclass2026-main/public/index.php(20): Illuminate\\Foundation\\Application->handleRequest(Object(Illuminate\\Http\\Request))
#53 /Users/ahmedmosaad/Herd/myclass2026-main/vendor/laravel/framework/src/Illuminate/Foundation/resources/server.php(23): require_once('/Users/ahmedmos...')
#54 {main}
"} 
[2026-02-07 11:36:14] local.ERROR: include(assets/images/icon-copy.svg): Failed to open stream: No such file or directory {"userId":19,"exception":"[object] (ErrorException(code: 0): include(assets/images/icon-copy.svg): Failed to open stream: No such file or directory at /Users/ahmedmosaad/Herd/myclass2026-main/vendor/symfony/error-handler/ErrorRenderer/HtmlErrorRenderer.php:341)
[stacktrace]
#0 /Users/ahmedmosaad/Herd/myclass2026-main/vendor/laravel/framework/src/Illuminate/Foundation/Bootstrap/HandleExceptions.php(256): Illuminate\\Foundation\\Bootstrap\\HandleExceptions->handleError(2, 'include(assets/...', '/Users/ahmedmos...', 341)
#1 /Users/ahmedmosaad/Herd/myclass2026-main/vendor/symfony/error-handler/ErrorRenderer/HtmlErrorRenderer.php(341): Illuminate\\Foundation\\Bootstrap\\HandleExceptions->{closure:Illuminate\\Foundation\\Bootstrap\\HandleExceptions::forwardsTo():255}(2, 'include(assets/...', '/Users/ahmedmos...', 341)
#2 /Users/ahmedmosaad/Herd/myclass2026-main/vendor/symfony/error-handler/ErrorRenderer/HtmlErrorRenderer.php(341): include('/Users/ahmedmos...')
#3 /Users/ahmedmosaad/Herd/myclass2026-main/vendor/symfony/error-handler/Resources/views/trace.html.php(29): Symfony\\Component\\ErrorHandler\\ErrorRenderer\\HtmlErrorRenderer->include('assets/images/i...')
#4 /Users/ahmedmosaad/Herd/myclass2026-main/vendor/symfony/error-handler/ErrorRenderer/HtmlErrorRenderer.php(341): include('/Users/ahmedmos...')
#5 /Users/ahmedmosaad/Herd/myclass2026-main/vendor/symfony/error-handler/Resources/views/traces.html.php(48): Symfony\\Component\\ErrorHandler\\ErrorRenderer\\HtmlErrorRenderer->include('views/trace.htm...', Array)
#6 /Users/ahmedmosaad/Herd/myclass2026-main/vendor/symfony/error-handler/ErrorRenderer/HtmlErrorRenderer.php(341): include('/Users/ahmedmos...')
#7 /Users/ahmedmosaad/Herd/myclass2026-main/vendor/symfony/error-handler/Resources/views/exception.html.php(54): Symfony\\Component\\ErrorHandler\\ErrorRenderer\\HtmlErrorRenderer->include('views/traces.ht...', Array)
#8 /Users/ahmedmosaad/Herd/myclass2026-main/vendor/symfony/error-handler/ErrorRenderer/HtmlErrorRenderer.php(341): include('/Users/ahmedmos...')
#9 /Users/ahmedmosaad/Herd/myclass2026-main/vendor/symfony/error-handler/Resources/views/exception_full.html.php(35): Symfony\\Component\\ErrorHandler\\ErrorRenderer\\HtmlErrorRenderer->include('views/exception...', Array)
#10 /Users/ahmedmosaad/Herd/myclass2026-main/vendor/symfony/error-handler/ErrorRenderer/HtmlErrorRenderer.php(341): include('/Users/ahmedmos...')
#11 /Users/ahmedmosaad/Herd/myclass2026-main/vendor/symfony/error-handler/ErrorRenderer/HtmlErrorRenderer.php(140): Symfony\\Component\\ErrorHandler\\ErrorRenderer\\HtmlErrorRenderer->include('views/exception...', Array)
#12 /Users/ahmedmosaad/Herd/myclass2026-main/vendor/symfony/error-handler/ErrorRenderer/HtmlErrorRenderer.php(72): Symfony\\Component\\ErrorHandler\\ErrorRenderer\\HtmlErrorRenderer->renderException(Object(Symfony\\Component\\ErrorHandler\\Exception\\FlattenException))
#13 /Users/ahmedmosaad/Herd/myclass2026-main/vendor/laravel/framework/src/Illuminate/Foundation/Exceptions/Handler.php(879): Symfony\\Component\\ErrorHandler\\ErrorRenderer\\HtmlErrorRenderer->render(Object(Symfony\\Component\\ErrorHandler\\Exception\\FlattenException))
#14 /Users/ahmedmosaad/Herd/myclass2026-main/vendor/laravel/framework/src/Illuminate/Foundation/Exceptions/Handler.php(853): Illuminate\\Foundation\\Exceptions\\Handler->renderExceptionWithSymfony(Object(ErrorException), true)
#15 /Users/ahmedmosaad/Herd/myclass2026-main/vendor/laravel/framework/src/Illuminate/Foundation/Exceptions/Handler.php(828): Illuminate\\Foundation\\Exceptions\\Handler->renderExceptionContent(Object(ErrorException))
#16 /Users/ahmedmosaad/Herd/myclass2026-main/vendor/laravel/framework/src/Illuminate/Foundation/Exceptions/Handler.php(807): Illuminate\\Foundation\\Exceptions\\Handler->convertExceptionToResponse(Object(ErrorException))
#17 /Users/ahmedmosaad/Herd/myclass2026-main/vendor/laravel/framework/src/Illuminate/Foundation/Exceptions/Handler.php(706): Illuminate\\Foundation\\Exceptions\\Handler->prepareResponse(Object(Illuminate\\Http\\Request), Object(ErrorException))
#18 /Users/ahmedmosaad/Herd/myclass2026-main/vendor/laravel/framework/src/Illuminate/Foundation/Exceptions/Handler.php(594): Illuminate\\Foundation\\Exceptions\\Handler->renderExceptionResponse(Object(Illuminate\\Http\\Request), Object(ErrorException))
#19 /Users/ahmedmosaad/Herd/myclass2026-main/vendor/laravel/framework/src/Illuminate/Routing/Pipeline.php(51): Illuminate\\Foundation\\Exceptions\\Handler->render(Object(Illuminate\\Http\\Request), Object(ErrorException))
#20 /Users/ahmedmosaad/Herd/myclass2026-main/vendor/laravel/framework/src/Illuminate/Pipeline/Pipeline.php(214): Illuminate\\Routing\\Pipeline->handleException(Object(Illuminate\\Http\\Request), Object(ErrorException))
#21 /Users/ahmedmosaad/Herd/myclass2026-main/vendor/laravel/framework/src/Illuminate/Pipeline/Pipeline.php(127): Illuminate\\Pipeline\\Pipeline->{closure:{closure:Illuminate\\Pipeline\\Pipeline::carry():184}:185}(Object(Illuminate\\Http\\Request))
#22 /Users/ahmedmosaad/Herd/myclass2026-main/vendor/laravel/framework/src/Illuminate/Routing/Router.php(807): Illuminate\\Pipeline\\Pipeline->then(Object(Closure))
#23 /Users/ahmedmosaad/Herd/myclass2026-main/vendor/laravel/framework/src/Illuminate/Routing/Router.php(786): Illuminate\\Routing\\Router->runRouteWithinStack(Object(Illuminate\\Routing\\Route), Object(Illuminate\\Http\\Request))
#24 /Users/ahmedmosaad/Herd/myclass2026-main/vendor/laravel/framework/src/Illuminate/Routing/Router.php(750): Illuminate\\Routing\\Router->runRoute(Object(Illuminate\\Http\\Request), Object(Illuminate\\Routing\\Route))
#25 /Users/ahmedmosaad/Herd/myclass2026-main/vendor/laravel/framework/src/Illuminate/Routing/Router.php(739): Illuminate\\Routing\\Router->dispatchToRoute(Object(Illuminate\\Http\\Request))
#26 /Users/ahmedmosaad/Herd/myclass2026-main/vendor/laravel/framework/src/Illuminate/Foundation/Http/Kernel.php(201): Illuminate\\Routing\\Router->dispatch(Object(Illuminate\\Http\\Request))
#27 /Users/ahmedmosaad/Herd/myclass2026-main/vendor/laravel/framework/src/Illuminate/Pipeline/Pipeline.php(170): Illuminate\\Foundation\\Http\\Kernel->{closure:Illuminate\\Foundation\\Http\\Kernel::dispatchToRouter():198}(Object(Illuminate\\Http\\Request))
#28 /Users/ahmedmosaad/Herd/myclass2026-main/vendor/laravel/framework/src/Illuminate/Foundation/Http/Middleware/TransformsRequest.php(21): Illuminate\\Pipeline\\Pipeline->{closure:Illuminate\\Pipeline\\Pipeline::prepareDestination():168}(Object(Illuminate\\Http\\Request))
#29 /Users/ahmedmosaad/Herd/myclass2026-main/vendor/laravel/framework/src/Illuminate/Foundation/Http/Middleware/ConvertEmptyStringsToNull.php(31): Illuminate\\Foundation\\Http\\Middleware\\TransformsRequest->handle(Object(Illuminate\\Http\\Request), Object(Closure))
#30 /Users/ahmedmosaad/Herd/myclass2026-main/vendor/laravel/framework/src/Illuminate/Pipeline/Pipeline.php(209): Illuminate\\Foundation\\Http\\Middleware\\ConvertEmptyStringsToNull->handle(Object(Illuminate\\Http\\Request), Object(Closure))
#31 /Users/ahmedmosaad/Herd/myclass2026-main/vendor/laravel/framework/src/Illuminate/Foundation/Http/Middleware/TransformsRequest.php(21): Illuminate\\Pipeline\\Pipeline->{closure:{closure:Illuminate\\Pipeline\\Pipeline::carry():184}:185}(Object(Illuminate\\Http\\Request))
#32 /Users/ahmedmosaad/Herd/myclass2026-main/vendor/laravel/framework/src/Illuminate/Foundation/Http/Middleware/TrimStrings.php(51): Illuminate\\Foundation\\Http\\Middleware\\TransformsRequest->handle(Object(Illuminate\\Http\\Request), Object(Closure))
#33 /Users/ahmedmosaad/Herd/myclass2026-main/vendor/laravel/framework/src/Illuminate/Pipeline/Pipeline.php(209): Illuminate\\Foundation\\Http\\Middleware\\TrimStrings->handle(Object(Illuminate\\Http\\Request), Object(Closure))
#34 /Users/ahmedmosaad/Herd/myclass2026-main/vendor/laravel/framework/src/Illuminate/Http/Middleware/ValidatePostSize.php(27): Illuminate\\Pipeline\\Pipeline->{closure:{closure:Illuminate\\Pipeline\\Pipeline::carry():184}:185}(Object(Illuminate\\Http\\Request))
#35 /Users/ahmedmosaad/Herd/myclass2026-main/vendor/laravel/framework/src/Illuminate/Pipeline/Pipeline.php(209): Illuminate\\Http\\Middleware\\ValidatePostSize->handle(Object(Illuminate\\Http\\Request), Object(Closure))
#36 /Users/ahmedmosaad/Herd/myclass2026-main/vendor/laravel/framework/src/Illuminate/Foundation/Http/Middleware/PreventRequestsDuringMaintenance.php(110): Illuminate\\Pipeline\\Pipeline->{closure:{closure:Illuminate\\Pipeline\\Pipeline::carry():184}:185}(Object(Illuminate\\Http\\Request))
#37 /Users/ahmedmosaad/Herd/myclass2026-main/vendor/laravel/framework/src/Illuminate/Pipeline/Pipeline.php(209): Illuminate\\Foundation\\Http\\Middleware\\PreventRequestsDuringMaintenance->handle(Object(Illuminate\\Http\\Request), Object(Closure))
#38 /Users/ahmedmosaad/Herd/myclass2026-main/vendor/laravel/framework/src/Illuminate/Http/Middleware/HandleCors.php(49): Illuminate\\Pipeline\\Pipeline->{closure:{closure:Illuminate\\Pipeline\\Pipeline::carry():184}:185}(Object(Illuminate\\Http\\Request))
#39 /Users/ahmedmosaad/Herd/myclass2026-main/vendor/laravel/framework/src/Illuminate/Pipeline/Pipeline.php(209): Illuminate\\Http\\Middleware\\HandleCors->handle(Object(Illuminate\\Http\\Request), Object(Closure))
#40 /Users/ahmedmosaad/Herd/myclass2026-main/vendor/laravel/framework/src/Illuminate/Http/Middleware/TrustProxies.php(58): Illuminate\\Pipeline\\Pipeline->{closure:{closure:Illuminate\\Pipeline\\Pipeline::carry():184}:185}(Object(Illuminate\\Http\\Request))
#41 /Users/ahmedmosaad/Herd/myclass2026-main/vendor/laravel/framework/src/Illuminate/Pipeline/Pipeline.php(209): Illuminate\\Http\\Middleware\\TrustProxies->handle(Object(Illuminate\\Http\\Request), Object(Closure))
#42 /Users/ahmedmosaad/Herd/myclass2026-main/vendor/laravel/framework/src/Illuminate/Foundation/Http/Middleware/InvokeDeferredCallbacks.php(22): Illuminate\\Pipeline\\Pipeline->{closure:{closure:Illuminate\\Pipeline\\Pipeline::carry():184}:185}(Object(Illuminate\\Http\\Request))
#43 /Users/ahmedmosaad/Herd/myclass2026-main/vendor/laravel/framework/src/Illuminate/Pipeline/Pipeline.php(209): Illuminate\\Foundation\\Http\\Middleware\\InvokeDeferredCallbacks->handle(Object(Illuminate\\Http\\Request), Object(Closure))
#44 /Users/ahmedmosaad/Herd/myclass2026-main/vendor/laravel/framework/src/Illuminate/Http/Middleware/ValidatePathEncoding.php(26): Illuminate\\Pipeline\\Pipeline->{closure:{closure:Illuminate\\Pipeline\\Pipeline::carry():184}:185}(Object(Illuminate\\Http\\Request))
#45 /Users/ahmedmosaad/Herd/myclass2026-main/vendor/laravel/framework/src/Illuminate/Pipeline/Pipeline.php(209): Illuminate\\Http\\Middleware\\ValidatePathEncoding->handle(Object(Illuminate\\Http\\Request), Object(Closure))
#46 /Users/ahmedmosaad/Herd/myclass2026-main/vendor/laravel/framework/src/Illuminate/Pipeline/Pipeline.php(127): Illuminate\\Pipeline\\Pipeline->{closure:{closure:Illuminate\\Pipeline\\Pipeline::carry():184}:185}(Object(Illuminate\\Http\\Request))
#47 /Users/ahmedmosaad/Herd/myclass2026-main/vendor/laravel/framework/src/Illuminate/Foundation/Http/Kernel.php(176): Illuminate\\Pipeline\\Pipeline->then(Object(Closure))
#48 /Users/ahmedmosaad/Herd/myclass2026-main/vendor/laravel/framework/src/Illuminate/Foundation/Http/Kernel.php(145): Illuminate\\Foundation\\Http\\Kernel->sendRequestThroughRouter(Object(Illuminate\\Http\\Request))
#49 /Users/ahmedmosaad/Herd/myclass2026-main/vendor/laravel/framework/src/Illuminate/Foundation/Application.php(1220): Illuminate\\Foundation\\Http\\Kernel->handle(Object(Illuminate\\Http\\Request))
#50 /Users/ahmedmosaad/Herd/myclass2026-main/public/index.php(20): Illuminate\\Foundation\\Application->handleRequest(Object(Illuminate\\Http\\Request))
#51 /Users/ahmedmosaad/Herd/myclass2026-main/vendor/laravel/framework/src/Illuminate/Foundation/resources/server.php(23): require_once('/Users/ahmedmos...')
#52 {main}
"} 
[2026-02-07 11:36:14] local.ERROR: include(assets/images/icon-copy.svg): Failed to open stream: No such file or directory {"userId":19,"exception":"[object] (ErrorException(code: 0): include(assets/images/icon-copy.svg): Failed to open stream: No such file or directory at /Users/ahmedmosaad/Herd/myclass2026-main/vendor/symfony/error-handler/ErrorRenderer/HtmlErrorRenderer.php:341)
[stacktrace]
#0 /Users/ahmedmosaad/Herd/myclass2026-main/vendor/laravel/framework/src/Illuminate/Foundation/Bootstrap/HandleExceptions.php(256): Illuminate\\Foundation\\Bootstrap\\HandleExceptions->handleError(2, 'include(assets/...', '/Users/ahmedmos...', 341)
#1 /Users/ahmedmosaad/Herd/myclass2026-main/vendor/symfony/error-handler/ErrorRenderer/HtmlErrorRenderer.php(341): Illuminate\\Foundation\\Bootstrap\\HandleExceptions->{closure:Illuminate\\Foundation\\Bootstrap\\HandleExceptions::forwardsTo():255}(2, 'include(assets/...', '/Users/ahmedmos...', 341)
#2 /Users/ahmedmosaad/Herd/myclass2026-main/vendor/symfony/error-handler/ErrorRenderer/HtmlErrorRenderer.php(341): include('/Users/ahmedmos...')
#3 /Users/ahmedmosaad/Herd/myclass2026-main/vendor/symfony/error-handler/Resources/views/trace.html.php(29): Symfony\\Component\\ErrorHandler\\ErrorRenderer\\HtmlErrorRenderer->include('assets/images/i...')
#4 /Users/ahmedmosaad/Herd/myclass2026-main/vendor/symfony/error-handler/ErrorRenderer/HtmlErrorRenderer.php(341): include('/Users/ahmedmos...')
#5 /Users/ahmedmosaad/Herd/myclass2026-main/vendor/symfony/error-handler/Resources/views/traces.html.php(48): Symfony\\Component\\ErrorHandler\\ErrorRenderer\\HtmlErrorRenderer->include('views/trace.htm...', Array)
#6 /Users/ahmedmosaad/Herd/myclass2026-main/vendor/symfony/error-handler/ErrorRenderer/HtmlErrorRenderer.php(341): include('/Users/ahmedmos...')
#7 /Users/ahmedmosaad/Herd/myclass2026-main/vendor/symfony/error-handler/Resources/views/exception.html.php(54): Symfony\\Component\\ErrorHandler\\ErrorRenderer\\HtmlErrorRenderer->include('views/traces.ht...', Array)
#8 /Users/ahmedmosaad/Herd/myclass2026-main/vendor/symfony/error-handler/ErrorRenderer/HtmlErrorRenderer.php(341): include('/Users/ahmedmos...')
#9 /Users/ahmedmosaad/Herd/myclass2026-main/vendor/symfony/error-handler/Resources/views/exception_full.html.php(35): Symfony\\Component\\ErrorHandler\\ErrorRenderer\\HtmlErrorRenderer->include('views/exception...', Array)
#10 /Users/ahmedmosaad/Herd/myclass2026-main/vendor/symfony/error-handler/ErrorRenderer/HtmlErrorRenderer.php(341): include('/Users/ahmedmos...')
#11 /Users/ahmedmosaad/Herd/myclass2026-main/vendor/symfony/error-handler/ErrorRenderer/HtmlErrorRenderer.php(140): Symfony\\Component\\ErrorHandler\\ErrorRenderer\\HtmlErrorRenderer->include('views/exception...', Array)
#12 /Users/ahmedmosaad/Herd/myclass2026-main/vendor/symfony/error-handler/ErrorRenderer/HtmlErrorRenderer.php(72): Symfony\\Component\\ErrorHandler\\ErrorRenderer\\HtmlErrorRenderer->renderException(Object(Symfony\\Component\\ErrorHandler\\Exception\\FlattenException))
#13 /Users/ahmedmosaad/Herd/myclass2026-main/vendor/laravel/framework/src/Illuminate/Foundation/Exceptions/Handler.php(879): Symfony\\Component\\ErrorHandler\\ErrorRenderer\\HtmlErrorRenderer->render(Object(Symfony\\Component\\ErrorHandler\\Exception\\FlattenException))
#14 /Users/ahmedmosaad/Herd/myclass2026-main/vendor/laravel/framework/src/Illuminate/Foundation/Exceptions/Handler.php(853): Illuminate\\Foundation\\Exceptions\\Handler->renderExceptionWithSymfony(Object(ErrorException), true)
#15 /Users/ahmedmosaad/Herd/myclass2026-main/vendor/laravel/framework/src/Illuminate/Foundation/Exceptions/Handler.php(828): Illuminate\\Foundation\\Exceptions\\Handler->renderExceptionContent(Object(ErrorException))
#16 /Users/ahmedmosaad/Herd/myclass2026-main/vendor/laravel/framework/src/Illuminate/Foundation/Exceptions/Handler.php(807): Illuminate\\Foundation\\Exceptions\\Handler->convertExceptionToResponse(Object(ErrorException))
#17 /Users/ahmedmosaad/Herd/myclass2026-main/vendor/laravel/framework/src/Illuminate/Foundation/Exceptions/Handler.php(706): Illuminate\\Foundation\\Exceptions\\Handler->prepareResponse(Object(Illuminate\\Http\\Request), Object(ErrorException))
#18 /Users/ahmedmosaad/Herd/myclass2026-main/vendor/laravel/framework/src/Illuminate/Foundation/Exceptions/Handler.php(594): Illuminate\\Foundation\\Exceptions\\Handler->renderExceptionResponse(Object(Illuminate\\Http\\Request), Object(ErrorException))
#19 /Users/ahmedmosaad/Herd/myclass2026-main/vendor/laravel/framework/src/Illuminate/Routing/Pipeline.php(51): Illuminate\\Foundation\\Exceptions\\Handler->render(Object(Illuminate\\Http\\Request), Object(ErrorException))
#20 /Users/ahmedmosaad/Herd/myclass2026-main/vendor/laravel/framework/src/Illuminate/Pipeline/Pipeline.php(172): Illuminate\\Routing\\Pipeline->handleException(Object(Illuminate\\Http\\Request), Object(ErrorException))
#21 /Users/ahmedmosaad/Herd/myclass2026-main/vendor/laravel/framework/src/Illuminate/Foundation/Http/Middleware/TransformsRequest.php(21): Illuminate\\Pipeline\\Pipeline->{closure:Illuminate\\Pipeline\\Pipeline::prepareDestination():168}(Object(Illuminate\\Http\\Request))
#22 /Users/ahmedmosaad/Herd/myclass2026-main/vendor/laravel/framework/src/Illuminate/Foundation/Http/Middleware/ConvertEmptyStringsToNull.php(31): Illuminate\\Foundation\\Http\\Middleware\\TransformsRequest->handle(Object(Illuminate\\Http\\Request), Object(Closure))
#23 /Users/ahmedmosaad/Herd/myclass2026-main/vendor/laravel/framework/src/Illuminate/Pipeline/Pipeline.php(209): Illuminate\\Foundation\\Http\\Middleware\\ConvertEmptyStringsToNull->handle(Object(Illuminate\\Http\\Request), Object(Closure))
#24 /Users/ahmedmosaad/Herd/myclass2026-main/vendor/laravel/framework/src/Illuminate/Foundation/Http/Middleware/TransformsRequest.php(21): Illuminate\\Pipeline\\Pipeline->{closure:{closure:Illuminate\\Pipeline\\Pipeline::carry():184}:185}(Object(Illuminate\\Http\\Request))
#25 /Users/ahmedmosaad/Herd/myclass2026-main/vendor/laravel/framework/src/Illuminate/Foundation/Http/Middleware/TrimStrings.php(51): Illuminate\\Foundation\\Http\\Middleware\\TransformsRequest->handle(Object(Illuminate\\Http\\Request), Object(Closure))
#26 /Users/ahmedmosaad/Herd/myclass2026-main/vendor/laravel/framework/src/Illuminate/Pipeline/Pipeline.php(209): Illuminate\\Foundation\\Http\\Middleware\\TrimStrings->handle(Object(Illuminate\\Http\\Request), Object(Closure))
#27 /Users/ahmedmosaad/Herd/myclass2026-main/vendor/laravel/framework/src/Illuminate/Http/Middleware/ValidatePostSize.php(27): Illuminate\\Pipeline\\Pipeline->{closure:{closure:Illuminate\\Pipeline\\Pipeline::carry():184}:185}(Object(Illuminate\\Http\\Request))
#28 /Users/ahmedmosaad/Herd/myclass2026-main/vendor/laravel/framework/src/Illuminate/Pipeline/Pipeline.php(209): Illuminate\\Http\\Middleware\\ValidatePostSize->handle(Object(Illuminate\\Http\\Request), Object(Closure))
#29 /Users/ahmedmosaad/Herd/myclass2026-main/vendor/laravel/framework/src/Illuminate/Foundation/Http/Middleware/PreventRequestsDuringMaintenance.php(110): Illuminate\\Pipeline\\Pipeline->{closure:{closure:Illuminate\\Pipeline\\Pipeline::carry():184}:185}(Object(Illuminate\\Http\\Request))
#30 /Users/ahmedmosaad/Herd/myclass2026-main/vendor/laravel/framework/src/Illuminate/Pipeline/Pipeline.php(209): Illuminate\\Foundation\\Http\\Middleware\\PreventRequestsDuringMaintenance->handle(Object(Illuminate\\Http\\Request), Object(Closure))
#31 /Users/ahmedmosaad/Herd/myclass2026-main/vendor/laravel/framework/src/Illuminate/Http/Middleware/HandleCors.php(49): Illuminate\\Pipeline\\Pipeline->{closure:{closure:Illuminate\\Pipeline\\Pipeline::carry():184}:185}(Object(Illuminate\\Http\\Request))
#32 /Users/ahmedmosaad/Herd/myclass2026-main/vendor/laravel/framework/src/Illuminate/Pipeline/Pipeline.php(209): Illuminate\\Http\\Middleware\\HandleCors->handle(Object(Illuminate\\Http\\Request), Object(Closure))
#33 /Users/ahmedmosaad/Herd/myclass2026-main/vendor/laravel/framework/src/Illuminate/Http/Middleware/TrustProxies.php(58): Illuminate\\Pipeline\\Pipeline->{closure:{closure:Illuminate\\Pipeline\\Pipeline::carry():184}:185}(Object(Illuminate\\Http\\Request))
#34 /Users/ahmedmosaad/Herd/myclass2026-main/vendor/laravel/framework/src/Illuminate/Pipeline/Pipeline.php(209): Illuminate\\Http\\Middleware\\TrustProxies->handle(Object(Illuminate\\Http\\Request), Object(Closure))
#35 /Users/ahmedmosaad/Herd/myclass2026-main/vendor/laravel/framework/src/Illuminate/Foundation/Http/Middleware/InvokeDeferredCallbacks.php(22): Illuminate\\Pipeline\\Pipeline->{closure:{closure:Illuminate\\Pipeline\\Pipeline::carry():184}:185}(Object(Illuminate\\Http\\Request))
#36 /Users/ahmedmosaad/Herd/myclass2026-main/vendor/laravel/framework/src/Illuminate/Pipeline/Pipeline.php(209): Illuminate\\Foundation\\Http\\Middleware\\InvokeDeferredCallbacks->handle(Object(Illuminate\\Http\\Request), Object(Closure))
#37 /Users/ahmedmosaad/Herd/myclass2026-main/vendor/laravel/framework/src/Illuminate/Http/Middleware/ValidatePathEncoding.php(26): Illuminate\\Pipeline\\Pipeline->{closure:{closure:Illuminate\\Pipeline\\Pipeline::carry():184}:185}(Object(Illuminate\\Http\\Request))
#38 /Users/ahmedmosaad/Herd/myclass2026-main/vendor/laravel/framework/src/Illuminate/Pipeline/Pipeline.php(209): Illuminate\\Http\\Middleware\\ValidatePathEncoding->handle(Object(Illuminate\\Http\\Request), Object(Closure))
#39 /Users/ahmedmosaad/Herd/myclass2026-main/vendor/laravel/framework/src/Illuminate/Pipeline/Pipeline.php(127): Illuminate\\Pipeline\\Pipeline->{closure:{closure:Illuminate\\Pipeline\\Pipeline::carry():184}:185}(Object(Illuminate\\Http\\Request))
#40 /Users/ahmedmosaad/Herd/myclass2026-main/vendor/laravel/framework/src/Illuminate/Foundation/Http/Kernel.php(176): Illuminate\\Pipeline\\Pipeline->then(Object(Closure))
#41 /Users/ahmedmosaad/Herd/myclass2026-main/vendor/laravel/framework/src/Illuminate/Foundation/Http/Kernel.php(145): Illuminate\\Foundation\\Http\\Kernel->sendRequestThroughRouter(Object(Illuminate\\Http\\Request))
#42 /Users/ahmedmosaad/Herd/myclass2026-main/vendor/laravel/framework/src/Illuminate/Foundation/Application.php(1220): Illuminate\\Foundation\\Http\\Kernel->handle(Object(Illuminate\\Http\\Request))
#43 /Users/ahmedmosaad/Herd/myclass2026-main/public/index.php(20): Illuminate\\Foundation\\Application->handleRequest(Object(Illuminate\\Http\\Request))
#44 /Users/ahmedmosaad/Herd/myclass2026-main/vendor/laravel/framework/src/Illuminate/Foundation/resources/server.php(23): require_once('/Users/ahmedmos...')
#45 {main}
"} 
[2026-02-07 11:36:14] local.ERROR: include(assets/images/icon-copy.svg): Failed to open stream: No such file or directory {"userId":19,"exception":"[object] (ErrorException(code: 0): include(assets/images/icon-copy.svg): Failed to open stream: No such file or directory at /Users/ahmedmosaad/Herd/myclass2026-main/vendor/symfony/error-handler/ErrorRenderer/HtmlErrorRenderer.php:341)
[stacktrace]
#0 /Users/ahmedmosaad/Herd/myclass2026-main/vendor/laravel/framework/src/Illuminate/Foundation/Bootstrap/HandleExceptions.php(256): Illuminate\\Foundation\\Bootstrap\\HandleExceptions->handleError(2, 'include(assets/...', '/Users/ahmedmos...', 341)
#1 /Users/ahmedmosaad/Herd/myclass2026-main/vendor/symfony/error-handler/ErrorRenderer/HtmlErrorRenderer.php(341): Illuminate\\Foundation\\Bootstrap\\HandleExceptions->{closure:Illuminate\\Foundation\\Bootstrap\\HandleExceptions::forwardsTo():255}(2, 'include(assets/...', '/Users/ahmedmos...', 341)
#2 /Users/ahmedmosaad/Herd/myclass2026-main/vendor/symfony/error-handler/ErrorRenderer/HtmlErrorRenderer.php(341): include('/Users/ahmedmos...')
#3 /Users/ahmedmosaad/Herd/myclass2026-main/vendor/symfony/error-handler/Resources/views/trace.html.php(29): Symfony\\Component\\ErrorHandler\\ErrorRenderer\\HtmlErrorRenderer->include('assets/images/i...')
#4 /Users/ahmedmosaad/Herd/myclass2026-main/vendor/symfony/error-handler/ErrorRenderer/HtmlErrorRenderer.php(341): include('/Users/ahmedmos...')
#5 /Users/ahmedmosaad/Herd/myclass2026-main/vendor/symfony/error-handler/Resources/views/traces.html.php(48): Symfony\\Component\\ErrorHandler\\ErrorRenderer\\HtmlErrorRenderer->include('views/trace.htm...', Array)
#6 /Users/ahmedmosaad/Herd/myclass2026-main/vendor/symfony/error-handler/ErrorRenderer/HtmlErrorRenderer.php(341): include('/Users/ahmedmos...')
#7 /Users/ahmedmosaad/Herd/myclass2026-main/vendor/symfony/error-handler/Resources/views/exception.html.php(54): Symfony\\Component\\ErrorHandler\\ErrorRenderer\\HtmlErrorRenderer->include('views/traces.ht...', Array)
#8 /Users/ahmedmosaad/Herd/myclass2026-main/vendor/symfony/error-handler/ErrorRenderer/HtmlErrorRenderer.php(341): include('/Users/ahmedmos...')
#9 /Users/ahmedmosaad/Herd/myclass2026-main/vendor/symfony/error-handler/Resources/views/exception_full.html.php(35): Symfony\\Component\\ErrorHandler\\ErrorRenderer\\HtmlErrorRenderer->include('views/exception...', Array)
#10 /Users/ahmedmosaad/Herd/myclass2026-main/vendor/symfony/error-handler/ErrorRenderer/HtmlErrorRenderer.php(341): include('/Users/ahmedmos...')
#11 /Users/ahmedmosaad/Herd/myclass2026-main/vendor/symfony/error-handler/ErrorRenderer/HtmlErrorRenderer.php(140): Symfony\\Component\\ErrorHandler\\ErrorRenderer\\HtmlErrorRenderer->include('views/exception...', Array)
#12 /Users/ahmedmosaad/Herd/myclass2026-main/vendor/symfony/error-handler/ErrorRenderer/HtmlErrorRenderer.php(72): Symfony\\Component\\ErrorHandler\\ErrorRenderer\\HtmlErrorRenderer->renderException(Object(Symfony\\Component\\ErrorHandler\\Exception\\FlattenException))
#13 /Users/ahmedmosaad/Herd/myclass2026-main/vendor/laravel/framework/src/Illuminate/Foundation/Exceptions/Handler.php(879): Symfony\\Component\\ErrorHandler\\ErrorRenderer\\HtmlErrorRenderer->render(Object(Symfony\\Component\\ErrorHandler\\Exception\\FlattenException))
#14 /Users/ahmedmosaad/Herd/myclass2026-main/vendor/laravel/framework/src/Illuminate/Foundation/Exceptions/Handler.php(853): Illuminate\\Foundation\\Exceptions\\Handler->renderExceptionWithSymfony(Object(ErrorException), true)
#15 /Users/ahmedmosaad/Herd/myclass2026-main/vendor/laravel/framework/src/Illuminate/Foundation/Exceptions/Handler.php(828): Illuminate\\Foundation\\Exceptions\\Handler->renderExceptionContent(Object(ErrorException))
#16 /Users/ahmedmosaad/Herd/myclass2026-main/vendor/laravel/framework/src/Illuminate/Foundation/Exceptions/Handler.php(807): Illuminate\\Foundation\\Exceptions\\Handler->convertExceptionToResponse(Object(ErrorException))
#17 /Users/ahmedmosaad/Herd/myclass2026-main/vendor/laravel/framework/src/Illuminate/Foundation/Exceptions/Handler.php(706): Illuminate\\Foundation\\Exceptions\\Handler->prepareResponse(Object(Illuminate\\Http\\Request), Object(ErrorException))
#18 /Users/ahmedmosaad/Herd/myclass2026-main/vendor/laravel/framework/src/Illuminate/Foundation/Exceptions/Handler.php(594): Illuminate\\Foundation\\Exceptions\\Handler->renderExceptionResponse(Object(Illuminate\\Http\\Request), Object(ErrorException))
#19 /Users/ahmedmosaad/Herd/myclass2026-main/vendor/laravel/framework/src/Illuminate/Routing/Pipeline.php(51): Illuminate\\Foundation\\Exceptions\\Handler->render(Object(Illuminate\\Http\\Request), Object(ErrorException))
#20 /Users/ahmedmosaad/Herd/myclass2026-main/vendor/laravel/framework/src/Illuminate/Pipeline/Pipeline.php(214): Illuminate\\Routing\\Pipeline->handleException(Object(Illuminate\\Http\\Request), Object(ErrorException))
#21 /Users/ahmedmosaad/Herd/myclass2026-main/vendor/laravel/framework/src/Illuminate/Foundation/Http/Middleware/TransformsRequest.php(21): Illuminate\\Pipeline\\Pipeline->{closure:{closure:Illuminate\\Pipeline\\Pipeline::carry():184}:185}(Object(Illuminate\\Http\\Request))
#22 /Users/ahmedmosaad/Herd/myclass2026-main/vendor/laravel/framework/src/Illuminate/Foundation/Http/Middleware/TrimStrings.php(51): Illuminate\\Foundation\\Http\\Middleware\\TransformsRequest->handle(Object(Illuminate\\Http\\Request), Object(Closure))
#23 /Users/ahmedmosaad/Herd/myclass2026-main/vendor/laravel/framework/src/Illuminate/Pipeline/Pipeline.php(209): Illuminate\\Foundation\\Http\\Middleware\\TrimStrings->handle(Object(Illuminate\\Http\\Request), Object(Closure))
#24 /Users/ahmedmosaad/Herd/myclass2026-main/vendor/laravel/framework/src/Illuminate/Http/Middleware/ValidatePostSize.php(27): Illuminate\\Pipeline\\Pipeline->{closure:{closure:Illuminate\\Pipeline\\Pipeline::carry():184}:185}(Object(Illuminate\\Http\\Request))
#25 /Users/ahmedmosaad/Herd/myclass2026-main/vendor/laravel/framework/src/Illuminate/Pipeline/Pipeline.php(209): Illuminate\\Http\\Middleware\\ValidatePostSize->handle(Object(Illuminate\\Http\\Request), Object(Closure))
#26 /Users/ahmedmosaad/Herd/myclass2026-main/vendor/laravel/framework/src/Illuminate/Foundation/Http/Middleware/PreventRequestsDuringMaintenance.php(110): Illuminate\\Pipeline\\Pipeline->{closure:{closure:Illuminate\\Pipeline\\Pipeline::carry():184}:185}(Object(Illuminate\\Http\\Request))
#27 /Users/ahmedmosaad/Herd/myclass2026-main/vendor/laravel/framework/src/Illuminate/Pipeline/Pipeline.php(209): Illuminate\\Foundation\\Http\\Middleware\\PreventRequestsDuringMaintenance->handle(Object(Illuminate\\Http\\Request), Object(Closure))
#28 /Users/ahmedmosaad/Herd/myclass2026-main/vendor/laravel/framework/src/Illuminate/Http/Middleware/HandleCors.php(49): Illuminate\\Pipeline\\Pipeline->{closure:{closure:Illuminate\\Pipeline\\Pipeline::carry():184}:185}(Object(Illuminate\\Http\\Request))
#29 /Users/ahmedmosaad/Herd/myclass2026-main/vendor/laravel/framework/src/Illuminate/Pipeline/Pipeline.php(209): Illuminate\\Http\\Middleware\\HandleCors->handle(Object(Illuminate\\Http\\Request), Object(Closure))
#30 /Users/ahmedmosaad/Herd/myclass2026-main/vendor/laravel/framework/src/Illuminate/Http/Middleware/TrustProxies.php(58): Illuminate\\Pipeline\\Pipeline->{closure:{closure:Illuminate\\Pipeline\\Pipeline::carry():184}:185}(Object(Illuminate\\Http\\Request))
#31 /Users/ahmedmosaad/Herd/myclass2026-main/vendor/laravel/framework/src/Illuminate/Pipeline/Pipeline.php(209): Illuminate\\Http\\Middleware\\TrustProxies->handle(Object(Illuminate\\Http\\Request), Object(Closure))
#32 /Users/ahmedmosaad/Herd/myclass2026-main/vendor/laravel/framework/src/Illuminate/Foundation/Http/Middleware/InvokeDeferredCallbacks.php(22): Illuminate\\Pipeline\\Pipeline->{closure:{closure:Illuminate\\Pipeline\\Pipeline::carry():184}:185}(Object(Illuminate\\Http\\Request))
#33 /Users/ahmedmosaad/Herd/myclass2026-main/vendor/laravel/framework/src/Illuminate/Pipeline/Pipeline.php(209): Illuminate\\Foundation\\Http\\Middleware\\InvokeDeferredCallbacks->handle(Object(Illuminate\\Http\\Request), Object(Closure))
#34 /Users/ahmedmosaad/Herd/myclass2026-main/vendor/laravel/framework/src/Illuminate/Http/Middleware/ValidatePathEncoding.php(26): Illuminate\\Pipeline\\Pipeline->{closure:{closure:Illuminate\\Pipeline\\Pipeline::carry():184}:185}(Object(Illuminate\\Http\\Request))
#35 /Users/ahmedmosaad/Herd/myclass2026-main/vendor/laravel/framework/src/Illuminate/Pipeline/Pipeline.php(209): Illuminate\\Http\\Middleware\\ValidatePathEncoding->handle(Object(Illuminate\\Http\\Request), Object(Closure))
#36 /Users/ahmedmosaad/Herd/myclass2026-main/vendor/laravel/framework/src/Illuminate/Pipeline/Pipeline.php(127): Illuminate\\Pipeline\\Pipeline->{closure:{closure:Illuminate\\Pipeline\\Pipeline::carry():184}:185}(Object(Illuminate\\Http\\Request))
#37 /Users/ahmedmosaad/Herd/myclass2026-main/vendor/laravel/framework/src/Illuminate/Foundation/Http/Kernel.php(176): Illuminate\\Pipeline\\Pipeline->then(Object(Closure))
#38 /Users/ahmedmosaad/Herd/myclass2026-main/vendor/laravel/framework/src/Illuminate/Foundation/Http/Kernel.php(145): Illuminate\\Foundation\\Http\\Kernel->sendRequestThroughRouter(Object(Illuminate\\Http\\Request))
#39 /Users/ahmedmosaad/Herd/myclass2026-main/vendor/laravel/framework/src/Illuminate/Foundation/Application.php(1220): Illuminate\\Foundation\\Http\\Kernel->handle(Object(Illuminate\\Http\\Request))
#40 /Users/ahmedmosaad/Herd/myclass2026-main/public/index.php(20): Illuminate\\Foundation\\Application->handleRequest(Object(Illuminate\\Http\\Request))
#41 /Users/ahmedmosaad/Herd/myclass2026-main/vendor/laravel/framework/src/Illuminate/Foundation/resources/server.php(23): require_once('/Users/ahmedmos...')
#42 {main}
"} 
[2026-02-07 11:36:14] local.ERROR: include(assets/images/icon-copy.svg): Failed to open stream: No such file or directory {"userId":19,"exception":"[object] (ErrorException(code: 0): include(assets/images/icon-copy.svg): Failed to open stream: No such file or directory at /Users/ahmedmosaad/Herd/myclass2026-main/vendor/symfony/error-handler/ErrorRenderer/HtmlErrorRenderer.php:341)
[stacktrace]
#0 /Users/ahmedmosaad/Herd/myclass2026-main/vendor/laravel/framework/src/Illuminate/Foundation/Bootstrap/HandleExceptions.php(256): Illuminate\\Foundation\\Bootstrap\\HandleExceptions->handleError(2, 'include(assets/...', '/Users/ahmedmos...', 341)
#1 /Users/ahmedmosaad/Herd/myclass2026-main/vendor/symfony/error-handler/ErrorRenderer/HtmlErrorRenderer.php(341): Illuminate\\Foundation\\Bootstrap\\HandleExceptions->{closure:Illuminate\\Foundation\\Bootstrap\\HandleExceptions::forwardsTo():255}(2, 'include(assets/...', '/Users/ahmedmos...', 341)
#2 /Users/ahmedmosaad/Herd/myclass2026-main/vendor/symfony/error-handler/ErrorRenderer/HtmlErrorRenderer.php(341): include('/Users/ahmedmos...')
#3 /Users/ahmedmosaad/Herd/myclass2026-main/vendor/symfony/error-handler/Resources/views/trace.html.php(29): Symfony\\Component\\ErrorHandler\\ErrorRenderer\\HtmlErrorRenderer->include('assets/images/i...')
#4 /Users/ahmedmosaad/Herd/myclass2026-main/vendor/symfony/error-handler/ErrorRenderer/HtmlErrorRenderer.php(341): include('/Users/ahmedmos...')
#5 /Users/ahmedmosaad/Herd/myclass2026-main/vendor/symfony/error-handler/Resources/views/traces.html.php(48): Symfony\\Component\\ErrorHandler\\ErrorRenderer\\HtmlErrorRenderer->include('views/trace.htm...', Array)
#6 /Users/ahmedmosaad/Herd/myclass2026-main/vendor/symfony/error-handler/ErrorRenderer/HtmlErrorRenderer.php(341): include('/Users/ahmedmos...')
#7 /Users/ahmedmosaad/Herd/myclass2026-main/vendor/symfony/error-handler/Resources/views/exception.html.php(54): Symfony\\Component\\ErrorHandler\\ErrorRenderer\\HtmlErrorRenderer->include('views/traces.ht...', Array)
#8 /Users/ahmedmosaad/Herd/myclass2026-main/vendor/symfony/error-handler/ErrorRenderer/HtmlErrorRenderer.php(341): include('/Users/ahmedmos...')
#9 /Users/ahmedmosaad/Herd/myclass2026-main/vendor/symfony/error-handler/Resources/views/exception_full.html.php(35): Symfony\\Component\\ErrorHandler\\ErrorRenderer\\HtmlErrorRenderer->include('views/exception...', Array)
#10 /Users/ahmedmosaad/Herd/myclass2026-main/vendor/symfony/error-handler/ErrorRenderer/HtmlErrorRenderer.php(341): include('/Users/ahmedmos...')
#11 /Users/ahmedmosaad/Herd/myclass2026-main/vendor/symfony/error-handler/ErrorRenderer/HtmlErrorRenderer.php(140): Symfony\\Component\\ErrorHandler\\ErrorRenderer\\HtmlErrorRenderer->include('views/exception...', Array)
#12 /Users/ahmedmosaad/Herd/myclass2026-main/vendor/symfony/error-handler/ErrorRenderer/HtmlErrorRenderer.php(72): Symfony\\Component\\ErrorHandler\\ErrorRenderer\\HtmlErrorRenderer->renderException(Object(Symfony\\Component\\ErrorHandler\\Exception\\FlattenException))
#13 /Users/ahmedmosaad/Herd/myclass2026-main/vendor/laravel/framework/src/Illuminate/Foundation/Exceptions/Handler.php(879): Symfony\\Component\\ErrorHandler\\ErrorRenderer\\HtmlErrorRenderer->render(Object(Symfony\\Component\\ErrorHandler\\Exception\\FlattenException))
#14 /Users/ahmedmosaad/Herd/myclass2026-main/vendor/laravel/framework/src/Illuminate/Foundation/Exceptions/Handler.php(853): Illuminate\\Foundation\\Exceptions\\Handler->renderExceptionWithSymfony(Object(ErrorException), true)
#15 /Users/ahmedmosaad/Herd/myclass2026-main/vendor/laravel/framework/src/Illuminate/Foundation/Exceptions/Handler.php(828): Illuminate\\Foundation\\Exceptions\\Handler->renderExceptionContent(Object(ErrorException))
#16 /Users/ahmedmosaad/Herd/myclass2026-main/vendor/laravel/framework/src/Illuminate/Foundation/Exceptions/Handler.php(807): Illuminate\\Foundation\\Exceptions\\Handler->convertExceptionToResponse(Object(ErrorException))
#17 /Users/ahmedmosaad/Herd/myclass2026-main/vendor/laravel/framework/src/Illuminate/Foundation/Exceptions/Handler.php(706): Illuminate\\Foundation\\Exceptions\\Handler->prepareResponse(Object(Illuminate\\Http\\Request), Object(ErrorException))
#18 /Users/ahmedmosaad/Herd/myclass2026-main/vendor/laravel/framework/src/Illuminate/Foundation/Exceptions/Handler.php(594): Illuminate\\Foundation\\Exceptions\\Handler->renderExceptionResponse(Object(Illuminate\\Http\\Request), Object(ErrorException))
#19 /Users/ahmedmosaad/Herd/myclass2026-main/vendor/laravel/framework/src/Illuminate/Routing/Pipeline.php(51): Illuminate\\Foundation\\Exceptions\\Handler->render(Object(Illuminate\\Http\\Request), Object(ErrorException))
#20 /Users/ahmedmosaad/Herd/myclass2026-main/vendor/laravel/framework/src/Illuminate/Pipeline/Pipeline.php(214): Illuminate\\Routing\\Pipeline->handleException(Object(Illuminate\\Http\\Request), Object(ErrorException))
#21 /Users/ahmedmosaad/Herd/myclass2026-main/vendor/laravel/framework/src/Illuminate/Http/Middleware/ValidatePostSize.php(27): Illuminate\\Pipeline\\Pipeline->{closure:{closure:Illuminate\\Pipeline\\Pipeline::carry():184}:185}(Object(Illuminate\\Http\\Request))
#22 /Users/ahmedmosaad/Herd/myclass2026-main/vendor/laravel/framework/src/Illuminate/Pipeline/Pipeline.php(209): Illuminate\\Http\\Middleware\\ValidatePostSize->handle(Object(Illuminate\\Http\\Request), Object(Closure))
#23 /Users/ahmedmosaad/Herd/myclass2026-main/vendor/laravel/framework/src/Illuminate/Foundation/Http/Middleware/PreventRequestsDuringMaintenance.php(110): Illuminate\\Pipeline\\Pipeline->{closure:{closure:Illuminate\\Pipeline\\Pipeline::carry():184}:185}(Object(Illuminate\\Http\\Request))
#24 /Users/ahmedmosaad/Herd/myclass2026-main/vendor/laravel/framework/src/Illuminate/Pipeline/Pipeline.php(209): Illuminate\\Foundation\\Http\\Middleware\\PreventRequestsDuringMaintenance->handle(Object(Illuminate\\Http\\Request), Object(Closure))
#25 /Users/ahmedmosaad/Herd/myclass2026-main/vendor/laravel/framework/src/Illuminate/Http/Middleware/HandleCors.php(49): Illuminate\\Pipeline\\Pipeline->{closure:{closure:Illuminate\\Pipeline\\Pipeline::carry():184}:185}(Object(Illuminate\\Http\\Request))
#26 /Users/ahmedmosaad/Herd/myclass2026-main/vendor/laravel/framework/src/Illuminate/Pipeline/Pipeline.php(209): Illuminate\\Http\\Middleware\\HandleCors->handle(Object(Illuminate\\Http\\Request), Object(Closure))
#27 /Users/ahmedmosaad/Herd/myclass2026-main/vendor/laravel/framework/src/Illuminate/Http/Middleware/TrustProxies.php(58): Illuminate\\Pipeline\\Pipeline->{closure:{closure:Illuminate\\Pipeline\\Pipeline::carry():184}:185}(Object(Illuminate\\Http\\Request))
#28 /Users/ahmedmosaad/Herd/myclass2026-main/vendor/laravel/framework/src/Illuminate/Pipeline/Pipeline.php(209): Illuminate\\Http\\Middleware\\TrustProxies->handle(Object(Illuminate\\Http\\Request), Object(Closure))
#29 /Users/ahmedmosaad/Herd/myclass2026-main/vendor/laravel/framework/src/Illuminate/Foundation/Http/Middleware/InvokeDeferredCallbacks.php(22): Illuminate\\Pipeline\\Pipeline->{closure:{closure:Illuminate\\Pipeline\\Pipeline::carry():184}:185}(Object(Illuminate\\Http\\Request))
#30 /Users/ahmedmosaad/Herd/myclass2026-main/vendor/laravel/framework/src/Illuminate/Pipeline/Pipeline.php(209): Illuminate\\Foundation\\Http\\Middleware\\InvokeDeferredCallbacks->handle(Object(Illuminate\\Http\\Request), Object(Closure))
#31 /Users/ahmedmosaad/Herd/myclass2026-main/vendor/laravel/framework/src/Illuminate/Http/Middleware/ValidatePathEncoding.php(26): Illuminate\\Pipeline\\Pipeline->{closure:{closure:Illuminate\\Pipeline\\Pipeline::carry():184}:185}(Object(Illuminate\\Http\\Request))
#32 /Users/ahmedmosaad/Herd/myclass2026-main/vendor/laravel/framework/src/Illuminate/Pipeline/Pipeline.php(209): Illuminate\\Http\\Middleware\\ValidatePathEncoding->handle(Object(Illuminate\\Http\\Request), Object(Closure))
#33 /Users/ahmedmosaad/Herd/myclass2026-main/vendor/laravel/framework/src/Illuminate/Pipeline/Pipeline.php(127): Illuminate\\Pipeline\\Pipeline->{closure:{closure:Illuminate\\Pipeline\\Pipeline::carry():184}:185}(Object(Illuminate\\Http\\Request))
#34 /Users/ahmedmosaad/Herd/myclass2026-main/vendor/laravel/framework/src/Illuminate/Foundation/Http/Kernel.php(176): Illuminate\\Pipeline\\Pipeline->then(Object(Closure))
#35 /Users/ahmedmosaad/Herd/myclass2026-main/vendor/laravel/framework/src/Illuminate/Foundation/Http/Kernel.php(145): Illuminate\\Foundation\\Http\\Kernel->sendRequestThroughRouter(Object(Illuminate\\Http\\Request))
#36 /Users/ahmedmosaad/Herd/myclass2026-main/vendor/laravel/framework/src/Illuminate/Foundation/Application.php(1220): Illuminate\\Foundation\\Http\\Kernel->handle(Object(Illuminate\\Http\\Request))
#37 /Users/ahmedmosaad/Herd/myclass2026-main/public/index.php(20): Illuminate\\Foundation\\Application->handleRequest(Object(Illuminate\\Http\\Request))
#38 /Users/ahmedmosaad/Herd/myclass2026-main/vendor/laravel/framework/src/Illuminate/Foundation/resources/server.php(23): require_once('/Users/ahmedmos...')
#39 {main}
"} 
[2026-02-07 11:36:14] local.ERROR: include(assets/images/icon-copy.svg): Failed to open stream: No such file or directory {"userId":19,"exception":"[object] (ErrorException(code: 0): include(assets/images/icon-copy.svg): Failed to open stream: No such file or directory at /Users/ahmedmosaad/Herd/myclass2026-main/vendor/symfony/error-handler/ErrorRenderer/HtmlErrorRenderer.php:341)
[stacktrace]
#0 /Users/ahmedmosaad/Herd/myclass2026-main/vendor/laravel/framework/src/Illuminate/Foundation/Bootstrap/HandleExceptions.php(256): Illuminate\\Foundation\\Bootstrap\\HandleExceptions->handleError(2, 'include(assets/...', '/Users/ahmedmos...', 341)
#1 /Users/ahmedmosaad/Herd/myclass2026-main/vendor/symfony/error-handler/ErrorRenderer/HtmlErrorRenderer.php(341): Illuminate\\Foundation\\Bootstrap\\HandleExceptions->{closure:Illuminate\\Foundation\\Bootstrap\\HandleExceptions::forwardsTo():255}(2, 'include(assets/...', '/Users/ahmedmos...', 341)
#2 /Users/ahmedmosaad/Herd/myclass2026-main/vendor/symfony/error-handler/ErrorRenderer/HtmlErrorRenderer.php(341): include('/Users/ahmedmos...')
#3 /Users/ahmedmosaad/Herd/myclass2026-main/vendor/symfony/error-handler/Resources/views/trace.html.php(29): Symfony\\Component\\ErrorHandler\\ErrorRenderer\\HtmlErrorRenderer->include('assets/images/i...')
#4 /Users/ahmedmosaad/Herd/myclass2026-main/vendor/symfony/error-handler/ErrorRenderer/HtmlErrorRenderer.php(341): include('/Users/ahmedmos...')
#5 /Users/ahmedmosaad/Herd/myclass2026-main/vendor/symfony/error-handler/Resources/views/traces.html.php(48): Symfony\\Component\\ErrorHandler\\ErrorRenderer\\HtmlErrorRenderer->include('views/trace.htm...', Array)
#6 /Users/ahmedmosaad/Herd/myclass2026-main/vendor/symfony/error-handler/ErrorRenderer/HtmlErrorRenderer.php(341): include('/Users/ahmedmos...')
#7 /Users/ahmedmosaad/Herd/myclass2026-main/vendor/symfony/error-handler/Resources/views/exception.html.php(54): Symfony\\Component\\ErrorHandler\\ErrorRenderer\\HtmlErrorRenderer->include('views/traces.ht...', Array)
#8 /Users/ahmedmosaad/Herd/myclass2026-main/vendor/symfony/error-handler/ErrorRenderer/HtmlErrorRenderer.php(341): include('/Users/ahmedmos...')
#9 /Users/ahmedmosaad/Herd/myclass2026-main/vendor/symfony/error-handler/Resources/views/exception_full.html.php(35): Symfony\\Component\\ErrorHandler\\ErrorRenderer\\HtmlErrorRenderer->include('views/exception...', Array)
#10 /Users/ahmedmosaad/Herd/myclass2026-main/vendor/symfony/error-handler/ErrorRenderer/HtmlErrorRenderer.php(341): include('/Users/ahmedmos...')
#11 /Users/ahmedmosaad/Herd/myclass2026-main/vendor/symfony/error-handler/ErrorRenderer/HtmlErrorRenderer.php(140): Symfony\\Component\\ErrorHandler\\ErrorRenderer\\HtmlErrorRenderer->include('views/exception...', Array)
#12 /Users/ahmedmosaad/Herd/myclass2026-main/vendor/symfony/error-handler/ErrorRenderer/HtmlErrorRenderer.php(72): Symfony\\Component\\ErrorHandler\\ErrorRenderer\\HtmlErrorRenderer->renderException(Object(Symfony\\Component\\ErrorHandler\\Exception\\FlattenException))
#13 /Users/ahmedmosaad/Herd/myclass2026-main/vendor/laravel/framework/src/Illuminate/Foundation/Exceptions/Handler.php(879): Symfony\\Component\\ErrorHandler\\ErrorRenderer\\HtmlErrorRenderer->render(Object(Symfony\\Component\\ErrorHandler\\Exception\\FlattenException))
#14 /Users/ahmedmosaad/Herd/myclass2026-main/vendor/laravel/framework/src/Illuminate/Foundation/Exceptions/Handler.php(853): Illuminate\\Foundation\\Exceptions\\Handler->renderExceptionWithSymfony(Object(ErrorException), true)
#15 /Users/ahmedmosaad/Herd/myclass2026-main/vendor/laravel/framework/src/Illuminate/Foundation/Exceptions/Handler.php(828): Illuminate\\Foundation\\Exceptions\\Handler->renderExceptionContent(Object(ErrorException))
#16 /Users/ahmedmosaad/Herd/myclass2026-main/vendor/laravel/framework/src/Illuminate/Foundation/Exceptions/Handler.php(807): Illuminate\\Foundation\\Exceptions\\Handler->convertExceptionToResponse(Object(ErrorException))
#17 /Users/ahmedmosaad/Herd/myclass2026-main/vendor/laravel/framework/src/Illuminate/Foundation/Exceptions/Handler.php(706): Illuminate\\Foundation\\Exceptions\\Handler->prepareResponse(Object(Illuminate\\Http\\Request), Object(ErrorException))
#18 /Users/ahmedmosaad/Herd/myclass2026-main/vendor/laravel/framework/src/Illuminate/Foundation/Exceptions/Handler.php(594): Illuminate\\Foundation\\Exceptions\\Handler->renderExceptionResponse(Object(Illuminate\\Http\\Request), Object(ErrorException))
#19 /Users/ahmedmosaad/Herd/myclass2026-main/vendor/laravel/framework/src/Illuminate/Routing/Pipeline.php(51): Illuminate\\Foundation\\Exceptions\\Handler->render(Object(Illuminate\\Http\\Request), Object(ErrorException))
#20 /Users/ahmedmosaad/Herd/myclass2026-main/vendor/laravel/framework/src/Illuminate/Pipeline/Pipeline.php(214): Illuminate\\Routing\\Pipeline->handleException(Object(Illuminate\\Http\\Request), Object(ErrorException))
#21 /Users/ahmedmosaad/Herd/myclass2026-main/vendor/laravel/framework/src/Illuminate/Foundation/Http/Middleware/PreventRequestsDuringMaintenance.php(110): Illuminate\\Pipeline\\Pipeline->{closure:{closure:Illuminate\\Pipeline\\Pipeline::carry():184}:185}(Object(Illuminate\\Http\\Request))
#22 /Users/ahmedmosaad/Herd/myclass2026-main/vendor/laravel/framework/src/Illuminate/Pipeline/Pipeline.php(209): Illuminate\\Foundation\\Http\\Middleware\\PreventRequestsDuringMaintenance->handle(Object(Illuminate\\Http\\Request), Object(Closure))
#23 /Users/ahmedmosaad/Herd/myclass2026-main/vendor/laravel/framework/src/Illuminate/Http/Middleware/HandleCors.php(49): Illuminate\\Pipeline\\Pipeline->{closure:{closure:Illuminate\\Pipeline\\Pipeline::carry():184}:185}(Object(Illuminate\\Http\\Request))
#24 /Users/ahmedmosaad/Herd/myclass2026-main/vendor/laravel/framework/src/Illuminate/Pipeline/Pipeline.php(209): Illuminate\\Http\\Middleware\\HandleCors->handle(Object(Illuminate\\Http\\Request), Object(Closure))
#25 /Users/ahmedmosaad/Herd/myclass2026-main/vendor/laravel/framework/src/Illuminate/Http/Middleware/TrustProxies.php(58): Illuminate\\Pipeline\\Pipeline->{closure:{closure:Illuminate\\Pipeline\\Pipeline::carry():184}:185}(Object(Illuminate\\Http\\Request))
#26 /Users/ahmedmosaad/Herd/myclass2026-main/vendor/laravel/framework/src/Illuminate/Pipeline/Pipeline.php(209): Illuminate\\Http\\Middleware\\TrustProxies->handle(Object(Illuminate\\Http\\Request), Object(Closure))
#27 /Users/ahmedmosaad/Herd/myclass2026-main/vendor/laravel/framework/src/Illuminate/Foundation/Http/Middleware/InvokeDeferredCallbacks.php(22): Illuminate\\Pipeline\\Pipeline->{closure:{closure:Illuminate\\Pipeline\\Pipeline::carry():184}:185}(Object(Illuminate\\Http\\Request))
#28 /Users/ahmedmosaad/Herd/myclass2026-main/vendor/laravel/framework/src/Illuminate/Pipeline/Pipeline.php(209): Illuminate\\Foundation\\Http\\Middleware\\InvokeDeferredCallbacks->handle(Object(Illuminate\\Http\\Request), Object(Closure))
#29 /Users/ahmedmosaad/Herd/myclass2026-main/vendor/laravel/framework/src/Illuminate/Http/Middleware/ValidatePathEncoding.php(26): Illuminate\\Pipeline\\Pipeline->{closure:{closure:Illuminate\\Pipeline\\Pipeline::carry():184}:185}(Object(Illuminate\\Http\\Request))
#30 /Users/ahmedmosaad/Herd/myclass2026-main/vendor/laravel/framework/src/Illuminate/Pipeline/Pipeline.php(209): Illuminate\\Http\\Middleware\\ValidatePathEncoding->handle(Object(Illuminate\\Http\\Request), Object(Closure))
#31 /Users/ahmedmosaad/Herd/myclass2026-main/vendor/laravel/framework/src/Illuminate/Pipeline/Pipeline.php(127): Illuminate\\Pipeline\\Pipeline->{closure:{closure:Illuminate\\Pipeline\\Pipeline::carry():184}:185}(Object(Illuminate\\Http\\Request))
#32 /Users/ahmedmosaad/Herd/myclass2026-main/vendor/laravel/framework/src/Illuminate/Foundation/Http/Kernel.php(176): Illuminate\\Pipeline\\Pipeline->then(Object(Closure))
#33 /Users/ahmedmosaad/Herd/myclass2026-main/vendor/laravel/framework/src/Illuminate/Foundation/Http/Kernel.php(145): Illuminate\\Foundation\\Http\\Kernel->sendRequestThroughRouter(Object(Illuminate\\Http\\Request))
#34 /Users/ahmedmosaad/Herd/myclass2026-main/vendor/laravel/framework/src/Illuminate/Foundation/Application.php(1220): Illuminate\\Foundation\\Http\\Kernel->handle(Object(Illuminate\\Http\\Request))
#35 /Users/ahmedmosaad/Herd/myclass2026-main/public/index.php(20): Illuminate\\Foundation\\Application->handleRequest(Object(Illuminate\\Http\\Request))
#36 /Users/ahmedmosaad/Herd/myclass2026-main/vendor/laravel/framework/src/Illuminate/Foundation/resources/server.php(23): require_once('/Users/ahmedmos...')
#37 {main}
"} 
[2026-02-07 11:36:14] local.ERROR: include(assets/images/icon-copy.svg): Failed to open stream: No such file or directory {"userId":19,"exception":"[object] (ErrorException(code: 0): include(assets/images/icon-copy.svg): Failed to open stream: No such file or directory at /Users/ahmedmosaad/Herd/myclass2026-main/vendor/symfony/error-handler/ErrorRenderer/HtmlErrorRenderer.php:341)
[stacktrace]
#0 /Users/ahmedmosaad/Herd/myclass2026-main/vendor/laravel/framework/src/Illuminate/Foundation/Bootstrap/HandleExceptions.php(256): Illuminate\\Foundation\\Bootstrap\\HandleExceptions->handleError(2, 'include(assets/...', '/Users/ahmedmos...', 341)
#1 /Users/ahmedmosaad/Herd/myclass2026-main/vendor/symfony/error-handler/ErrorRenderer/HtmlErrorRenderer.php(341): Illuminate\\Foundation\\Bootstrap\\HandleExceptions->{closure:Illuminate\\Foundation\\Bootstrap\\HandleExceptions::forwardsTo():255}(2, 'include(assets/...', '/Users/ahmedmos...', 341)
#2 /Users/ahmedmosaad/Herd/myclass2026-main/vendor/symfony/error-handler/ErrorRenderer/HtmlErrorRenderer.php(341): include('/Users/ahmedmos...')
#3 /Users/ahmedmosaad/Herd/myclass2026-main/vendor/symfony/error-handler/Resources/views/trace.html.php(29): Symfony\\Component\\ErrorHandler\\ErrorRenderer\\HtmlErrorRenderer->include('assets/images/i...')
#4 /Users/ahmedmosaad/Herd/myclass2026-main/vendor/symfony/error-handler/ErrorRenderer/HtmlErrorRenderer.php(341): include('/Users/ahmedmos...')
#5 /Users/ahmedmosaad/Herd/myclass2026-main/vendor/symfony/error-handler/Resources/views/traces.html.php(48): Symfony\\Component\\ErrorHandler\\ErrorRenderer\\HtmlErrorRenderer->include('views/trace.htm...', Array)
#6 /Users/ahmedmosaad/Herd/myclass2026-main/vendor/symfony/error-handler/ErrorRenderer/HtmlErrorRenderer.php(341): include('/Users/ahmedmos...')
#7 /Users/ahmedmosaad/Herd/myclass2026-main/vendor/symfony/error-handler/Resources/views/exception.html.php(54): Symfony\\Component\\ErrorHandler\\ErrorRenderer\\HtmlErrorRenderer->include('views/traces.ht...', Array)
#8 /Users/ahmedmosaad/Herd/myclass2026-main/vendor/symfony/error-handler/ErrorRenderer/HtmlErrorRenderer.php(341): include('/Users/ahmedmos...')
#9 /Users/ahmedmosaad/Herd/myclass2026-main/vendor/symfony/error-handler/Resources/views/exception_full.html.php(35): Symfony\\Component\\ErrorHandler\\ErrorRenderer\\HtmlErrorRenderer->include('views/exception...', Array)
#10 /Users/ahmedmosaad/Herd/myclass2026-main/vendor/symfony/error-handler/ErrorRenderer/HtmlErrorRenderer.php(341): include('/Users/ahmedmos...')
#11 /Users/ahmedmosaad/Herd/myclass2026-main/vendor/symfony/error-handler/ErrorRenderer/HtmlErrorRenderer.php(140): Symfony\\Component\\ErrorHandler\\ErrorRenderer\\HtmlErrorRenderer->include('views/exception...', Array)
#12 /Users/ahmedmosaad/Herd/myclass2026-main/vendor/symfony/error-handler/ErrorRenderer/HtmlErrorRenderer.php(72): Symfony\\Component\\ErrorHandler\\ErrorRenderer\\HtmlErrorRenderer->renderException(Object(Symfony\\Component\\ErrorHandler\\Exception\\FlattenException))
#13 /Users/ahmedmosaad/Herd/myclass2026-main/vendor/laravel/framework/src/Illuminate/Foundation/Exceptions/Handler.php(879): Symfony\\Component\\ErrorHandler\\ErrorRenderer\\HtmlErrorRenderer->render(Object(Symfony\\Component\\ErrorHandler\\Exception\\FlattenException))
#14 /Users/ahmedmosaad/Herd/myclass2026-main/vendor/laravel/framework/src/Illuminate/Foundation/Exceptions/Handler.php(853): Illuminate\\Foundation\\Exceptions\\Handler->renderExceptionWithSymfony(Object(ErrorException), true)
#15 /Users/ahmedmosaad/Herd/myclass2026-main/vendor/laravel/framework/src/Illuminate/Foundation/Exceptions/Handler.php(828): Illuminate\\Foundation\\Exceptions\\Handler->renderExceptionContent(Object(ErrorException))
#16 /Users/ahmedmosaad/Herd/myclass2026-main/vendor/laravel/framework/src/Illuminate/Foundation/Exceptions/Handler.php(807): Illuminate\\Foundation\\Exceptions\\Handler->convertExceptionToResponse(Object(ErrorException))
#17 /Users/ahmedmosaad/Herd/myclass2026-main/vendor/laravel/framework/src/Illuminate/Foundation/Exceptions/Handler.php(706): Illuminate\\Foundation\\Exceptions\\Handler->prepareResponse(Object(Illuminate\\Http\\Request), Object(ErrorException))
#18 /Users/ahmedmosaad/Herd/myclass2026-main/vendor/laravel/framework/src/Illuminate/Foundation/Exceptions/Handler.php(594): Illuminate\\Foundation\\Exceptions\\Handler->renderExceptionResponse(Object(Illuminate\\Http\\Request), Object(ErrorException))
#19 /Users/ahmedmosaad/Herd/myclass2026-main/vendor/laravel/framework/src/Illuminate/Routing/Pipeline.php(51): Illuminate\\Foundation\\Exceptions\\Handler->render(Object(Illuminate\\Http\\Request), Object(ErrorException))
#20 /Users/ahmedmosaad/Herd/myclass2026-main/vendor/laravel/framework/src/Illuminate/Pipeline/Pipeline.php(214): Illuminate\\Routing\\Pipeline->handleException(Object(Illuminate\\Http\\Request), Object(ErrorException))
#21 /Users/ahmedmosaad/Herd/myclass2026-main/vendor/laravel/framework/src/Illuminate/Http/Middleware/HandleCors.php(49): Illuminate\\Pipeline\\Pipeline->{closure:{closure:Illuminate\\Pipeline\\Pipeline::carry():184}:185}(Object(Illuminate\\Http\\Request))
#22 /Users/ahmedmosaad/Herd/myclass2026-main/vendor/laravel/framework/src/Illuminate/Pipeline/Pipeline.php(209): Illuminate\\Http\\Middleware\\HandleCors->handle(Object(Illuminate\\Http\\Request), Object(Closure))
#23 /Users/ahmedmosaad/Herd/myclass2026-main/vendor/laravel/framework/src/Illuminate/Http/Middleware/TrustProxies.php(58): Illuminate\\Pipeline\\Pipeline->{closure:{closure:Illuminate\\Pipeline\\Pipeline::carry():184}:185}(Object(Illuminate\\Http\\Request))
#24 /Users/ahmedmosaad/Herd/myclass2026-main/vendor/laravel/framework/src/Illuminate/Pipeline/Pipeline.php(209): Illuminate\\Http\\Middleware\\TrustProxies->handle(Object(Illuminate\\Http\\Request), Object(Closure))
#25 /Users/ahmedmosaad/Herd/myclass2026-main/vendor/laravel/framework/src/Illuminate/Foundation/Http/Middleware/InvokeDeferredCallbacks.php(22): Illuminate\\Pipeline\\Pipeline->{closure:{closure:Illuminate\\Pipeline\\Pipeline::carry():184}:185}(Object(Illuminate\\Http\\Request))
#26 /Users/ahmedmosaad/Herd/myclass2026-main/vendor/laravel/framework/src/Illuminate/Pipeline/Pipeline.php(209): Illuminate\\Foundation\\Http\\Middleware\\InvokeDeferredCallbacks->handle(Object(Illuminate\\Http\\Request), Object(Closure))
#27 /Users/ahmedmosaad/Herd/myclass2026-main/vendor/laravel/framework/src/Illuminate/Http/Middleware/ValidatePathEncoding.php(26): Illuminate\\Pipeline\\Pipeline->{closure:{closure:Illuminate\\Pipeline\\Pipeline::carry():184}:185}(Object(Illuminate\\Http\\Request))
#28 /Users/ahmedmosaad/Herd/myclass2026-main/vendor/laravel/framework/src/Illuminate/Pipeline/Pipeline.php(209): Illuminate\\Http\\Middleware\\ValidatePathEncoding->handle(Object(Illuminate\\Http\\Request), Object(Closure))
#29 /Users/ahmedmosaad/Herd/myclass2026-main/vendor/laravel/framework/src/Illuminate/Pipeline/Pipeline.php(127): Illuminate\\Pipeline\\Pipeline->{closure:{closure:Illuminate\\Pipeline\\Pipeline::carry():184}:185}(Object(Illuminate\\Http\\Request))
#30 /Users/ahmedmosaad/Herd/myclass2026-main/vendor/laravel/framework/src/Illuminate/Foundation/Http/Kernel.php(176): Illuminate\\Pipeline\\Pipeline->then(Object(Closure))
#31 /Users/ahmedmosaad/Herd/myclass2026-main/vendor/laravel/framework/src/Illuminate/Foundation/Http/Kernel.php(145): Illuminate\\Foundation\\Http\\Kernel->sendRequestThroughRouter(Object(Illuminate\\Http\\Request))
#32 /Users/ahmedmosaad/Herd/myclass2026-main/vendor/laravel/framework/src/Illuminate/Foundation/Application.php(1220): Illuminate\\Foundation\\Http\\Kernel->handle(Object(Illuminate\\Http\\Request))
#33 /Users/ahmedmosaad/Herd/myclass2026-main/public/index.php(20): Illuminate\\Foundation\\Application->handleRequest(Object(Illuminate\\Http\\Request))
#34 /Users/ahmedmosaad/Herd/myclass2026-main/vendor/laravel/framework/src/Illuminate/Foundation/resources/server.php(23): require_once('/Users/ahmedmos...')
#35 {main}
"} 
[2026-02-07 11:36:14] local.ERROR: include(assets/images/icon-copy.svg): Failed to open stream: No such file or directory {"userId":19,"exception":"[object] (ErrorException(code: 0): include(assets/images/icon-copy.svg): Failed to open stream: No such file or directory at /Users/ahmedmosaad/Herd/myclass2026-main/vendor/symfony/error-handler/ErrorRenderer/HtmlErrorRenderer.php:341)
[stacktrace]
#0 /Users/ahmedmosaad/Herd/myclass2026-main/vendor/laravel/framework/src/Illuminate/Foundation/Bootstrap/HandleExceptions.php(256): Illuminate\\Foundation\\Bootstrap\\HandleExceptions->handleError(2, 'include(assets/...', '/Users/ahmedmos...', 341)
#1 /Users/ahmedmosaad/Herd/myclass2026-main/vendor/symfony/error-handler/ErrorRenderer/HtmlErrorRenderer.php(341): Illuminate\\Foundation\\Bootstrap\\HandleExceptions->{closure:Illuminate\\Foundation\\Bootstrap\\HandleExceptions::forwardsTo():255}(2, 'include(assets/...', '/Users/ahmedmos...', 341)
#2 /Users/ahmedmosaad/Herd/myclass2026-main/vendor/symfony/error-handler/ErrorRenderer/HtmlErrorRenderer.php(341): include('/Users/ahmedmos...')
#3 /Users/ahmedmosaad/Herd/myclass2026-main/vendor/symfony/error-handler/Resources/views/trace.html.php(29): Symfony\\Component\\ErrorHandler\\ErrorRenderer\\HtmlErrorRenderer->include('assets/images/i...')
#4 /Users/ahmedmosaad/Herd/myclass2026-main/vendor/symfony/error-handler/ErrorRenderer/HtmlErrorRenderer.php(341): include('/Users/ahmedmos...')
#5 /Users/ahmedmosaad/Herd/myclass2026-main/vendor/symfony/error-handler/Resources/views/traces.html.php(48): Symfony\\Component\\ErrorHandler\\ErrorRenderer\\HtmlErrorRenderer->include('views/trace.htm...', Array)
#6 /Users/ahmedmosaad/Herd/myclass2026-main/vendor/symfony/error-handler/ErrorRenderer/HtmlErrorRenderer.php(341): include('/Users/ahmedmos...')
#7 /Users/ahmedmosaad/Herd/myclass2026-main/vendor/symfony/error-handler/Resources/views/exception.html.php(54): Symfony\\Component\\ErrorHandler\\ErrorRenderer\\HtmlErrorRenderer->include('views/traces.ht...', Array)
#8 /Users/ahmedmosaad/Herd/myclass2026-main/vendor/symfony/error-handler/ErrorRenderer/HtmlErrorRenderer.php(341): include('/Users/ahmedmos...')
#9 /Users/ahmedmosaad/Herd/myclass2026-main/vendor/symfony/error-handler/Resources/views/exception_full.html.php(35): Symfony\\Component\\ErrorHandler\\ErrorRenderer\\HtmlErrorRenderer->include('views/exception...', Array)
#10 /Users/ahmedmosaad/Herd/myclass2026-main/vendor/symfony/error-handler/ErrorRenderer/HtmlErrorRenderer.php(341): include('/Users/ahmedmos...')
#11 /Users/ahmedmosaad/Herd/myclass2026-main/vendor/symfony/error-handler/ErrorRenderer/HtmlErrorRenderer.php(140): Symfony\\Component\\ErrorHandler\\ErrorRenderer\\HtmlErrorRenderer->include('views/exception...', Array)
#12 /Users/ahmedmosaad/Herd/myclass2026-main/vendor/symfony/error-handler/ErrorRenderer/HtmlErrorRenderer.php(72): Symfony\\Component\\ErrorHandler\\ErrorRenderer\\HtmlErrorRenderer->renderException(Object(Symfony\\Component\\ErrorHandler\\Exception\\FlattenException))
#13 /Users/ahmedmosaad/Herd/myclass2026-main/vendor/laravel/framework/src/Illuminate/Foundation/Exceptions/Handler.php(879): Symfony\\Component\\ErrorHandler\\ErrorRenderer\\HtmlErrorRenderer->render(Object(Symfony\\Component\\ErrorHandler\\Exception\\FlattenException))
#14 /Users/ahmedmosaad/Herd/myclass2026-main/vendor/laravel/framework/src/Illuminate/Foundation/Exceptions/Handler.php(853): Illuminate\\Foundation\\Exceptions\\Handler->renderExceptionWithSymfony(Object(ErrorException), true)
#15 /Users/ahmedmosaad/Herd/myclass2026-main/vendor/laravel/framework/src/Illuminate/Foundation/Exceptions/Handler.php(828): Illuminate\\Foundation\\Exceptions\\Handler->renderExceptionContent(Object(ErrorException))
#16 /Users/ahmedmosaad/Herd/myclass2026-main/vendor/laravel/framework/src/Illuminate/Foundation/Exceptions/Handler.php(807): Illuminate\\Foundation\\Exceptions\\Handler->convertExceptionToResponse(Object(ErrorException))
#17 /Users/ahmedmosaad/Herd/myclass2026-main/vendor/laravel/framework/src/Illuminate/Foundation/Exceptions/Handler.php(706): Illuminate\\Foundation\\Exceptions\\Handler->prepareResponse(Object(Illuminate\\Http\\Request), Object(ErrorException))
#18 /Users/ahmedmosaad/Herd/myclass2026-main/vendor/laravel/framework/src/Illuminate/Foundation/Exceptions/Handler.php(594): Illuminate\\Foundation\\Exceptions\\Handler->renderExceptionResponse(Object(Illuminate\\Http\\Request), Object(ErrorException))
#19 /Users/ahmedmosaad/Herd/myclass2026-main/vendor/laravel/framework/src/Illuminate/Routing/Pipeline.php(51): Illuminate\\Foundation\\Exceptions\\Handler->render(Object(Illuminate\\Http\\Request), Object(ErrorException))
#20 /Users/ahmedmosaad/Herd/myclass2026-main/vendor/laravel/framework/src/Illuminate/Pipeline/Pipeline.php(214): Illuminate\\Routing\\Pipeline->handleException(Object(Illuminate\\Http\\Request), Object(ErrorException))
#21 /Users/ahmedmosaad/Herd/myclass2026-main/vendor/laravel/framework/src/Illuminate/Http/Middleware/TrustProxies.php(58): Illuminate\\Pipeline\\Pipeline->{closure:{closure:Illuminate\\Pipeline\\Pipeline::carry():184}:185}(Object(Illuminate\\Http\\Request))
#22 /Users/ahmedmosaad/Herd/myclass2026-main/vendor/laravel/framework/src/Illuminate/Pipeline/Pipeline.php(209): Illuminate\\Http\\Middleware\\TrustProxies->handle(Object(Illuminate\\Http\\Request), Object(Closure))
#23 /Users/ahmedmosaad/Herd/myclass2026-main/vendor/laravel/framework/src/Illuminate/Foundation/Http/Middleware/InvokeDeferredCallbacks.php(22): Illuminate\\Pipeline\\Pipeline->{closure:{closure:Illuminate\\Pipeline\\Pipeline::carry():184}:185}(Object(Illuminate\\Http\\Request))
#24 /Users/ahmedmosaad/Herd/myclass2026-main/vendor/laravel/framework/src/Illuminate/Pipeline/Pipeline.php(209): Illuminate\\Foundation\\Http\\Middleware\\InvokeDeferredCallbacks->handle(Object(Illuminate\\Http\\Request), Object(Closure))
#25 /Users/ahmedmosaad/Herd/myclass2026-main/vendor/laravel/framework/src/Illuminate/Http/Middleware/ValidatePathEncoding.php(26): Illuminate\\Pipeline\\Pipeline->{closure:{closure:Illuminate\\Pipeline\\Pipeline::carry():184}:185}(Object(Illuminate\\Http\\Request))
#26 /Users/ahmedmosaad/Herd/myclass2026-main/vendor/laravel/framework/src/Illuminate/Pipeline/Pipeline.php(209): Illuminate\\Http\\Middleware\\ValidatePathEncoding->handle(Object(Illuminate\\Http\\Request), Object(Closure))
#27 /Users/ahmedmosaad/Herd/myclass2026-main/vendor/laravel/framework/src/Illuminate/Pipeline/Pipeline.php(127): Illuminate\\Pipeline\\Pipeline->{closure:{closure:Illuminate\\Pipeline\\Pipeline::carry():184}:185}(Object(Illuminate\\Http\\Request))
#28 /Users/ahmedmosaad/Herd/myclass2026-main/vendor/laravel/framework/src/Illuminate/Foundation/Http/Kernel.php(176): Illuminate\\Pipeline\\Pipeline->then(Object(Closure))
#29 /Users/ahmedmosaad/Herd/myclass2026-main/vendor/laravel/framework/src/Illuminate/Foundation/Http/Kernel.php(145): Illuminate\\Foundation\\Http\\Kernel->sendRequestThroughRouter(Object(Illuminate\\Http\\Request))
#30 /Users/ahmedmosaad/Herd/myclass2026-main/vendor/laravel/framework/src/Illuminate/Foundation/Application.php(1220): Illuminate\\Foundation\\Http\\Kernel->handle(Object(Illuminate\\Http\\Request))
#31 /Users/ahmedmosaad/Herd/myclass2026-main/public/index.php(20): Illuminate\\Foundation\\Application->handleRequest(Object(Illuminate\\Http\\Request))
#32 /Users/ahmedmosaad/Herd/myclass2026-main/vendor/laravel/framework/src/Illuminate/Foundation/resources/server.php(23): require_once('/Users/ahmedmos...')
#33 {main}
"} 
[2026-02-07 11:36:14] local.ERROR: include(assets/images/icon-copy.svg): Failed to open stream: No such file or directory {"userId":19,"exception":"[object] (ErrorException(code: 0): include(assets/images/icon-copy.svg): Failed to open stream: No such file or directory at /Users/ahmedmosaad/Herd/myclass2026-main/vendor/symfony/error-handler/ErrorRenderer/HtmlErrorRenderer.php:341)
[stacktrace]
#0 /Users/ahmedmosaad/Herd/myclass2026-main/vendor/laravel/framework/src/Illuminate/Foundation/Bootstrap/HandleExceptions.php(256): Illuminate\\Foundation\\Bootstrap\\HandleExceptions->handleError(2, 'include(assets/...', '/Users/ahmedmos...', 341)
#1 /Users/ahmedmosaad/Herd/myclass2026-main/vendor/symfony/error-handler/ErrorRenderer/HtmlErrorRenderer.php(341): Illuminate\\Foundation\\Bootstrap\\HandleExceptions->{closure:Illuminate\\Foundation\\Bootstrap\\HandleExceptions::forwardsTo():255}(2, 'include(assets/...', '/Users/ahmedmos...', 341)
#2 /Users/ahmedmosaad/Herd/myclass2026-main/vendor/symfony/error-handler/ErrorRenderer/HtmlErrorRenderer.php(341): include('/Users/ahmedmos...')
#3 /Users/ahmedmosaad/Herd/myclass2026-main/vendor/symfony/error-handler/Resources/views/trace.html.php(29): Symfony\\Component\\ErrorHandler\\ErrorRenderer\\HtmlErrorRenderer->include('assets/images/i...')
#4 /Users/ahmedmosaad/Herd/myclass2026-main/vendor/symfony/error-handler/ErrorRenderer/HtmlErrorRenderer.php(341): include('/Users/ahmedmos...')
#5 /Users/ahmedmosaad/Herd/myclass2026-main/vendor/symfony/error-handler/Resources/views/traces.html.php(48): Symfony\\Component\\ErrorHandler\\ErrorRenderer\\HtmlErrorRenderer->include('views/trace.htm...', Array)
#6 /Users/ahmedmosaad/Herd/myclass2026-main/vendor/symfony/error-handler/ErrorRenderer/HtmlErrorRenderer.php(341): include('/Users/ahmedmos...')
#7 /Users/ahmedmosaad/Herd/myclass2026-main/vendor/symfony/error-handler/Resources/views/exception.html.php(54): Symfony\\Component\\ErrorHandler\\ErrorRenderer\\HtmlErrorRenderer->include('views/traces.ht...', Array)
#8 /Users/ahmedmosaad/Herd/myclass2026-main/vendor/symfony/error-handler/ErrorRenderer/HtmlErrorRenderer.php(341): include('/Users/ahmedmos...')
#9 /Users/ahmedmosaad/Herd/myclass2026-main/vendor/symfony/error-handler/Resources/views/exception_full.html.php(35): Symfony\\Component\\ErrorHandler\\ErrorRenderer\\HtmlErrorRenderer->include('views/exception...', Array)
#10 /Users/ahmedmosaad/Herd/myclass2026-main/vendor/symfony/error-handler/ErrorRenderer/HtmlErrorRenderer.php(341): include('/Users/ahmedmos...')
#11 /Users/ahmedmosaad/Herd/myclass2026-main/vendor/symfony/error-handler/ErrorRenderer/HtmlErrorRenderer.php(140): Symfony\\Component\\ErrorHandler\\ErrorRenderer\\HtmlErrorRenderer->include('views/exception...', Array)
#12 /Users/ahmedmosaad/Herd/myclass2026-main/vendor/symfony/error-handler/ErrorRenderer/HtmlErrorRenderer.php(72): Symfony\\Component\\ErrorHandler\\ErrorRenderer\\HtmlErrorRenderer->renderException(Object(Symfony\\Component\\ErrorHandler\\Exception\\FlattenException))
#13 /Users/ahmedmosaad/Herd/myclass2026-main/vendor/laravel/framework/src/Illuminate/Foundation/Exceptions/Handler.php(879): Symfony\\Component\\ErrorHandler\\ErrorRenderer\\HtmlErrorRenderer->render(Object(Symfony\\Component\\ErrorHandler\\Exception\\FlattenException))
#14 /Users/ahmedmosaad/Herd/myclass2026-main/vendor/laravel/framework/src/Illuminate/Foundation/Exceptions/Handler.php(853): Illuminate\\Foundation\\Exceptions\\Handler->renderExceptionWithSymfony(Object(ErrorException), true)
#15 /Users/ahmedmosaad/Herd/myclass2026-main/vendor/laravel/framework/src/Illuminate/Foundation/Exceptions/Handler.php(828): Illuminate\\Foundation\\Exceptions\\Handler->renderExceptionContent(Object(ErrorException))
#16 /Users/ahmedmosaad/Herd/myclass2026-main/vendor/laravel/framework/src/Illuminate/Foundation/Exceptions/Handler.php(807): Illuminate\\Foundation\\Exceptions\\Handler->convertExceptionToResponse(Object(ErrorException))
#17 /Users/ahmedmosaad/Herd/myclass2026-main/vendor/laravel/framework/src/Illuminate/Foundation/Exceptions/Handler.php(706): Illuminate\\Foundation\\Exceptions\\Handler->prepareResponse(Object(Illuminate\\Http\\Request), Object(ErrorException))
#18 /Users/ahmedmosaad/Herd/myclass2026-main/vendor/laravel/framework/src/Illuminate/Foundation/Exceptions/Handler.php(594): Illuminate\\Foundation\\Exceptions\\Handler->renderExceptionResponse(Object(Illuminate\\Http\\Request), Object(ErrorException))
#19 /Users/ahmedmosaad/Herd/myclass2026-main/vendor/laravel/framework/src/Illuminate/Routing/Pipeline.php(51): Illuminate\\Foundation\\Exceptions\\Handler->render(Object(Illuminate\\Http\\Request), Object(ErrorException))
#20 /Users/ahmedmosaad/Herd/myclass2026-main/vendor/laravel/framework/src/Illuminate/Pipeline/Pipeline.php(214): Illuminate\\Routing\\Pipeline->handleException(Object(Illuminate\\Http\\Request), Object(ErrorException))
#21 /Users/ahmedmosaad/Herd/myclass2026-main/vendor/laravel/framework/src/Illuminate/Foundation/Http/Middleware/InvokeDeferredCallbacks.php(22): Illuminate\\Pipeline\\Pipeline->{closure:{closure:Illuminate\\Pipeline\\Pipeline::carry():184}:185}(Object(Illuminate\\Http\\Request))
#22 /Users/ahmedmosaad/Herd/myclass2026-main/vendor/laravel/framework/src/Illuminate/Pipeline/Pipeline.php(209): Illuminate\\Foundation\\Http\\Middleware\\InvokeDeferredCallbacks->handle(Object(Illuminate\\Http\\Request), Object(Closure))
#23 /Users/ahmedmosaad/Herd/myclass2026-main/vendor/laravel/framework/src/Illuminate/Http/Middleware/ValidatePathEncoding.php(26): Illuminate\\Pipeline\\Pipeline->{closure:{closure:Illuminate\\Pipeline\\Pipeline::carry():184}:185}(Object(Illuminate\\Http\\Request))
#24 /Users/ahmedmosaad/Herd/myclass2026-main/vendor/laravel/framework/src/Illuminate/Pipeline/Pipeline.php(209): Illuminate\\Http\\Middleware\\ValidatePathEncoding->handle(Object(Illuminate\\Http\\Request), Object(Closure))
#25 /Users/ahmedmosaad/Herd/myclass2026-main/vendor/laravel/framework/src/Illuminate/Pipeline/Pipeline.php(127): Illuminate\\Pipeline\\Pipeline->{closure:{closure:Illuminate\\Pipeline\\Pipeline::carry():184}:185}(Object(Illuminate\\Http\\Request))
#26 /Users/ahmedmosaad/Herd/myclass2026-main/vendor/laravel/framework/src/Illuminate/Foundation/Http/Kernel.php(176): Illuminate\\Pipeline\\Pipeline->then(Object(Closure))
#27 /Users/ahmedmosaad/Herd/myclass2026-main/vendor/laravel/framework/src/Illuminate/Foundation/Http/Kernel.php(145): Illuminate\\Foundation\\Http\\Kernel->sendRequestThroughRouter(Object(Illuminate\\Http\\Request))
#28 /Users/ahmedmosaad/Herd/myclass2026-main/vendor/laravel/framework/src/Illuminate/Foundation/Application.php(1220): Illuminate\\Foundation\\Http\\Kernel->handle(Object(Illuminate\\Http\\Request))
#29 /Users/ahmedmosaad/Herd/myclass2026-main/public/index.php(20): Illuminate\\Foundation\\Application->handleRequest(Object(Illuminate\\Http\\Request))
#30 /Users/ahmedmosaad/Herd/myclass2026-main/vendor/laravel/framework/src/Illuminate/Foundation/resources/server.php(23): require_once('/Users/ahmedmos...')
#31 {main}
"} 
[2026-02-07 11:36:14] local.ERROR: include(assets/images/icon-copy.svg): Failed to open stream: No such file or directory {"userId":19,"exception":"[object] (ErrorException(code: 0): include(assets/images/icon-copy.svg): Failed to open stream: No such file or directory at /Users/ahmedmosaad/Herd/myclass2026-main/vendor/symfony/error-handler/ErrorRenderer/HtmlErrorRenderer.php:341)
[stacktrace]
#0 /Users/ahmedmosaad/Herd/myclass2026-main/vendor/laravel/framework/src/Illuminate/Foundation/Bootstrap/HandleExceptions.php(256): Illuminate\\Foundation\\Bootstrap\\HandleExceptions->handleError(2, 'include(assets/...', '/Users/ahmedmos...', 341)
#1 /Users/ahmedmosaad/Herd/myclass2026-main/vendor/symfony/error-handler/ErrorRenderer/HtmlErrorRenderer.php(341): Illuminate\\Foundation\\Bootstrap\\HandleExceptions->{closure:Illuminate\\Foundation\\Bootstrap\\HandleExceptions::forwardsTo():255}(2, 'include(assets/...', '/Users/ahmedmos...', 341)
#2 /Users/ahmedmosaad/Herd/myclass2026-main/vendor/symfony/error-handler/ErrorRenderer/HtmlErrorRenderer.php(341): include('/Users/ahmedmos...')
#3 /Users/ahmedmosaad/Herd/myclass2026-main/vendor/symfony/error-handler/Resources/views/trace.html.php(29): Symfony\\Component\\ErrorHandler\\ErrorRenderer\\HtmlErrorRenderer->include('assets/images/i...')
#4 /Users/ahmedmosaad/Herd/myclass2026-main/vendor/symfony/error-handler/ErrorRenderer/HtmlErrorRenderer.php(341): include('/Users/ahmedmos...')
#5 /Users/ahmedmosaad/Herd/myclass2026-main/vendor/symfony/error-handler/Resources/views/traces.html.php(48): Symfony\\Component\\ErrorHandler\\ErrorRenderer\\HtmlErrorRenderer->include('views/trace.htm...', Array)
#6 /Users/ahmedmosaad/Herd/myclass2026-main/vendor/symfony/error-handler/ErrorRenderer/HtmlErrorRenderer.php(341): include('/Users/ahmedmos...')
#7 /Users/ahmedmosaad/Herd/myclass2026-main/vendor/symfony/error-handler/Resources/views/exception.html.php(54): Symfony\\Component\\ErrorHandler\\ErrorRenderer\\HtmlErrorRenderer->include('views/traces.ht...', Array)
#8 /Users/ahmedmosaad/Herd/myclass2026-main/vendor/symfony/error-handler/ErrorRenderer/HtmlErrorRenderer.php(341): include('/Users/ahmedmos...')
#9 /Users/ahmedmosaad/Herd/myclass2026-main/vendor/symfony/error-handler/Resources/views/exception_full.html.php(35): Symfony\\Component\\ErrorHandler\\ErrorRenderer\\HtmlErrorRenderer->include('views/exception...', Array)
#10 /Users/ahmedmosaad/Herd/myclass2026-main/vendor/symfony/error-handler/ErrorRenderer/HtmlErrorRenderer.php(341): include('/Users/ahmedmos...')
#11 /Users/ahmedmosaad/Herd/myclass2026-main/vendor/symfony/error-handler/ErrorRenderer/HtmlErrorRenderer.php(140): Symfony\\Component\\ErrorHandler\\ErrorRenderer\\HtmlErrorRenderer->include('views/exception...', Array)
#12 /Users/ahmedmosaad/Herd/myclass2026-main/vendor/symfony/error-handler/ErrorRenderer/HtmlErrorRenderer.php(72): Symfony\\Component\\ErrorHandler\\ErrorRenderer\\HtmlErrorRenderer->renderException(Object(Symfony\\Component\\ErrorHandler\\Exception\\FlattenException))
#13 /Users/ahmedmosaad/Herd/myclass2026-main/vendor/laravel/framework/src/Illuminate/Foundation/Exceptions/Handler.php(879): Symfony\\Component\\ErrorHandler\\ErrorRenderer\\HtmlErrorRenderer->render(Object(Symfony\\Component\\ErrorHandler\\Exception\\FlattenException))
#14 /Users/ahmedmosaad/Herd/myclass2026-main/vendor/laravel/framework/src/Illuminate/Foundation/Exceptions/Handler.php(853): Illuminate\\Foundation\\Exceptions\\Handler->renderExceptionWithSymfony(Object(ErrorException), true)
#15 /Users/ahmedmosaad/Herd/myclass2026-main/vendor/laravel/framework/src/Illuminate/Foundation/Exceptions/Handler.php(828): Illuminate\\Foundation\\Exceptions\\Handler->renderExceptionContent(Object(ErrorException))
#16 /Users/ahmedmosaad/Herd/myclass2026-main/vendor/laravel/framework/src/Illuminate/Foundation/Exceptions/Handler.php(807): Illuminate\\Foundation\\Exceptions\\Handler->convertExceptionToResponse(Object(ErrorException))
#17 /Users/ahmedmosaad/Herd/myclass2026-main/vendor/laravel/framework/src/Illuminate/Foundation/Exceptions/Handler.php(706): Illuminate\\Foundation\\Exceptions\\Handler->prepareResponse(Object(Illuminate\\Http\\Request), Object(ErrorException))
#18 /Users/ahmedmosaad/Herd/myclass2026-main/vendor/laravel/framework/src/Illuminate/Foundation/Exceptions/Handler.php(594): Illuminate\\Foundation\\Exceptions\\Handler->renderExceptionResponse(Object(Illuminate\\Http\\Request), Object(ErrorException))
#19 /Users/ahmedmosaad/Herd/myclass2026-main/vendor/laravel/framework/src/Illuminate/Routing/Pipeline.php(51): Illuminate\\Foundation\\Exceptions\\Handler->render(Object(Illuminate\\Http\\Request), Object(ErrorException))
#20 /Users/ahmedmosaad/Herd/myclass2026-main/vendor/laravel/framework/src/Illuminate/Pipeline/Pipeline.php(214): Illuminate\\Routing\\Pipeline->handleException(Object(Illuminate\\Http\\Request), Object(ErrorException))
#21 /Users/ahmedmosaad/Herd/myclass2026-main/vendor/laravel/framework/src/Illuminate/Http/Middleware/ValidatePathEncoding.php(26): Illuminate\\Pipeline\\Pipeline->{closure:{closure:Illuminate\\Pipeline\\Pipeline::carry():184}:185}(Object(Illuminate\\Http\\Request))
#22 /Users/ahmedmosaad/Herd/myclass2026-main/vendor/laravel/framework/src/Illuminate/Pipeline/Pipeline.php(209): Illuminate\\Http\\Middleware\\ValidatePathEncoding->handle(Object(Illuminate\\Http\\Request), Object(Closure))
#23 /Users/ahmedmosaad/Herd/myclass2026-main/vendor/laravel/framework/src/Illuminate/Pipeline/Pipeline.php(127): Illuminate\\Pipeline\\Pipeline->{closure:{closure:Illuminate\\Pipeline\\Pipeline::carry():184}:185}(Object(Illuminate\\Http\\Request))
#24 /Users/ahmedmosaad/Herd/myclass2026-main/vendor/laravel/framework/src/Illuminate/Foundation/Http/Kernel.php(176): Illuminate\\Pipeline\\Pipeline->then(Object(Closure))
#25 /Users/ahmedmosaad/Herd/myclass2026-main/vendor/laravel/framework/src/Illuminate/Foundation/Http/Kernel.php(145): Illuminate\\Foundation\\Http\\Kernel->sendRequestThroughRouter(Object(Illuminate\\Http\\Request))
#26 /Users/ahmedmosaad/Herd/myclass2026-main/vendor/laravel/framework/src/Illuminate/Foundation/Application.php(1220): Illuminate\\Foundation\\Http\\Kernel->handle(Object(Illuminate\\Http\\Request))
#27 /Users/ahmedmosaad/Herd/myclass2026-main/public/index.php(20): Illuminate\\Foundation\\Application->handleRequest(Object(Illuminate\\Http\\Request))
#28 /Users/ahmedmosaad/Herd/myclass2026-main/vendor/laravel/framework/src/Illuminate/Foundation/resources/server.php(23): require_once('/Users/ahmedmos...')
#29 {main}
"} 
[2026-02-07 11:36:14] local.ERROR: include(assets/images/icon-copy.svg): Failed to open stream: No such file or directory {"userId":19,"exception":"[object] (ErrorException(code: 0): include(assets/images/icon-copy.svg): Failed to open stream: No such file or directory at /Users/ahmedmosaad/Herd/myclass2026-main/vendor/symfony/error-handler/ErrorRenderer/HtmlErrorRenderer.php:341)
[stacktrace]
#0 /Users/ahmedmosaad/Herd/myclass2026-main/vendor/laravel/framework/src/Illuminate/Foundation/Bootstrap/HandleExceptions.php(256): Illuminate\\Foundation\\Bootstrap\\HandleExceptions->handleError(2, 'include(assets/...', '/Users/ahmedmos...', 341)
#1 /Users/ahmedmosaad/Herd/myclass2026-main/vendor/symfony/error-handler/ErrorRenderer/HtmlErrorRenderer.php(341): Illuminate\\Foundation\\Bootstrap\\HandleExceptions->{closure:Illuminate\\Foundation\\Bootstrap\\HandleExceptions::forwardsTo():255}(2, 'include(assets/...', '/Users/ahmedmos...', 341)
#2 /Users/ahmedmosaad/Herd/myclass2026-main/vendor/symfony/error-handler/ErrorRenderer/HtmlErrorRenderer.php(341): include('/Users/ahmedmos...')
#3 /Users/ahmedmosaad/Herd/myclass2026-main/vendor/symfony/error-handler/Resources/views/trace.html.php(29): Symfony\\Component\\ErrorHandler\\ErrorRenderer\\HtmlErrorRenderer->include('assets/images/i...')
#4 /Users/ahmedmosaad/Herd/myclass2026-main/vendor/symfony/error-handler/ErrorRenderer/HtmlErrorRenderer.php(341): include('/Users/ahmedmos...')
#5 /Users/ahmedmosaad/Herd/myclass2026-main/vendor/symfony/error-handler/Resources/views/traces.html.php(48): Symfony\\Component\\ErrorHandler\\ErrorRenderer\\HtmlErrorRenderer->include('views/trace.htm...', Array)
#6 /Users/ahmedmosaad/Herd/myclass2026-main/vendor/symfony/error-handler/ErrorRenderer/HtmlErrorRenderer.php(341): include('/Users/ahmedmos...')
#7 /Users/ahmedmosaad/Herd/myclass2026-main/vendor/symfony/error-handler/Resources/views/exception.html.php(54): Symfony\\Component\\ErrorHandler\\ErrorRenderer\\HtmlErrorRenderer->include('views/traces.ht...', Array)
#8 /Users/ahmedmosaad/Herd/myclass2026-main/vendor/symfony/error-handler/ErrorRenderer/HtmlErrorRenderer.php(341): include('/Users/ahmedmos...')
#9 /Users/ahmedmosaad/Herd/myclass2026-main/vendor/symfony/error-handler/Resources/views/exception_full.html.php(35): Symfony\\Component\\ErrorHandler\\ErrorRenderer\\HtmlErrorRenderer->include('views/exception...', Array)
#10 /Users/ahmedmosaad/Herd/myclass2026-main/vendor/symfony/error-handler/ErrorRenderer/HtmlErrorRenderer.php(341): include('/Users/ahmedmos...')
#11 /Users/ahmedmosaad/Herd/myclass2026-main/vendor/symfony/error-handler/ErrorRenderer/HtmlErrorRenderer.php(140): Symfony\\Component\\ErrorHandler\\ErrorRenderer\\HtmlErrorRenderer->include('views/exception...', Array)
#12 /Users/ahmedmosaad/Herd/myclass2026-main/vendor/symfony/error-handler/ErrorRenderer/HtmlErrorRenderer.php(72): Symfony\\Component\\ErrorHandler\\ErrorRenderer\\HtmlErrorRenderer->renderException(Object(Symfony\\Component\\ErrorHandler\\Exception\\FlattenException))
#13 /Users/ahmedmosaad/Herd/myclass2026-main/vendor/laravel/framework/src/Illuminate/Foundation/Exceptions/Handler.php(879): Symfony\\Component\\ErrorHandler\\ErrorRenderer\\HtmlErrorRenderer->render(Object(Symfony\\Component\\ErrorHandler\\Exception\\FlattenException))
#14 /Users/ahmedmosaad/Herd/myclass2026-main/vendor/laravel/framework/src/Illuminate/Foundation/Exceptions/Handler.php(853): Illuminate\\Foundation\\Exceptions\\Handler->renderExceptionWithSymfony(Object(ErrorException), true)
#15 /Users/ahmedmosaad/Herd/myclass2026-main/vendor/laravel/framework/src/Illuminate/Foundation/Exceptions/Handler.php(828): Illuminate\\Foundation\\Exceptions\\Handler->renderExceptionContent(Object(ErrorException))
#16 /Users/ahmedmosaad/Herd/myclass2026-main/vendor/laravel/framework/src/Illuminate/Foundation/Exceptions/Handler.php(807): Illuminate\\Foundation\\Exceptions\\Handler->convertExceptionToResponse(Object(ErrorException))
#17 /Users/ahmedmosaad/Herd/myclass2026-main/vendor/laravel/framework/src/Illuminate/Foundation/Exceptions/Handler.php(706): Illuminate\\Foundation\\Exceptions\\Handler->prepareResponse(Object(Illuminate\\Http\\Request), Object(ErrorException))
#18 /Users/ahmedmosaad/Herd/myclass2026-main/vendor/laravel/framework/src/Illuminate/Foundation/Exceptions/Handler.php(594): Illuminate\\Foundation\\Exceptions\\Handler->renderExceptionResponse(Object(Illuminate\\Http\\Request), Object(ErrorException))
#19 /Users/ahmedmosaad/Herd/myclass2026-main/vendor/laravel/framework/src/Illuminate/Routing/Pipeline.php(51): Illuminate\\Foundation\\Exceptions\\Handler->render(Object(Illuminate\\Http\\Request), Object(ErrorException))
#20 /Users/ahmedmosaad/Herd/myclass2026-main/vendor/laravel/framework/src/Illuminate/Pipeline/Pipeline.php(214): Illuminate\\Routing\\Pipeline->handleException(Object(Illuminate\\Http\\Request), Object(ErrorException))
#21 /Users/ahmedmosaad/Herd/myclass2026-main/vendor/laravel/framework/src/Illuminate/Pipeline/Pipeline.php(127): Illuminate\\Pipeline\\Pipeline->{closure:{closure:Illuminate\\Pipeline\\Pipeline::carry():184}:185}(Object(Illuminate\\Http\\Request))
#22 /Users/ahmedmosaad/Herd/myclass2026-main/vendor/laravel/framework/src/Illuminate/Foundation/Http/Kernel.php(176): Illuminate\\Pipeline\\Pipeline->then(Object(Closure))
#23 /Users/ahmedmosaad/Herd/myclass2026-main/vendor/laravel/framework/src/Illuminate/Foundation/Http/Kernel.php(145): Illuminate\\Foundation\\Http\\Kernel->sendRequestThroughRouter(Object(Illuminate\\Http\\Request))
#24 /Users/ahmedmosaad/Herd/myclass2026-main/vendor/laravel/framework/src/Illuminate/Foundation/Application.php(1220): Illuminate\\Foundation\\Http\\Kernel->handle(Object(Illuminate\\Http\\Request))
#25 /Users/ahmedmosaad/Herd/myclass2026-main/public/index.php(20): Illuminate\\Foundation\\Application->handleRequest(Object(Illuminate\\Http\\Request))
#26 /Users/ahmedmosaad/Herd/myclass2026-main/vendor/laravel/framework/src/Illuminate/Foundation/resources/server.php(23): require_once('/Users/ahmedmos...')
#27 {main}
"} 
[2026-02-07 11:36:14] local.ERROR: include(assets/images/icon-copy.svg): Failed to open stream: No such file or directory {"userId":19,"exception":"[object] (ErrorException(code: 0): include(assets/images/icon-copy.svg): Failed to open stream: No such file or directory at /Users/ahmedmosaad/Herd/myclass2026-main/vendor/symfony/error-handler/ErrorRenderer/HtmlErrorRenderer.php:341)
[stacktrace]
#0 /Users/ahmedmosaad/Herd/myclass2026-main/vendor/laravel/framework/src/Illuminate/Foundation/Bootstrap/HandleExceptions.php(256): Illuminate\\Foundation\\Bootstrap\\HandleExceptions->handleError(2, 'include(assets/...', '/Users/ahmedmos...', 341)
#1 /Users/ahmedmosaad/Herd/myclass2026-main/vendor/symfony/error-handler/ErrorRenderer/HtmlErrorRenderer.php(341): Illuminate\\Foundation\\Bootstrap\\HandleExceptions->{closure:Illuminate\\Foundation\\Bootstrap\\HandleExceptions::forwardsTo():255}(2, 'include(assets/...', '/Users/ahmedmos...', 341)
#2 /Users/ahmedmosaad/Herd/myclass2026-main/vendor/symfony/error-handler/ErrorRenderer/HtmlErrorRenderer.php(341): include('/Users/ahmedmos...')
#3 /Users/ahmedmosaad/Herd/myclass2026-main/vendor/symfony/error-handler/Resources/views/trace.html.php(29): Symfony\\Component\\ErrorHandler\\ErrorRenderer\\HtmlErrorRenderer->include('assets/images/i...')
#4 /Users/ahmedmosaad/Herd/myclass2026-main/vendor/symfony/error-handler/ErrorRenderer/HtmlErrorRenderer.php(341): include('/Users/ahmedmos...')
#5 /Users/ahmedmosaad/Herd/myclass2026-main/vendor/symfony/error-handler/Resources/views/traces.html.php(48): Symfony\\Component\\ErrorHandler\\ErrorRenderer\\HtmlErrorRenderer->include('views/trace.htm...', Array)
#6 /Users/ahmedmosaad/Herd/myclass2026-main/vendor/symfony/error-handler/ErrorRenderer/HtmlErrorRenderer.php(341): include('/Users/ahmedmos...')
#7 /Users/ahmedmosaad/Herd/myclass2026-main/vendor/symfony/error-handler/Resources/views/exception.html.php(54): Symfony\\Component\\ErrorHandler\\ErrorRenderer\\HtmlErrorRenderer->include('views/traces.ht...', Array)
#8 /Users/ahmedmosaad/Herd/myclass2026-main/vendor/symfony/error-handler/ErrorRenderer/HtmlErrorRenderer.php(341): include('/Users/ahmedmos...')
#9 /Users/ahmedmosaad/Herd/myclass2026-main/vendor/symfony/error-handler/Resources/views/exception_full.html.php(35): Symfony\\Component\\ErrorHandler\\ErrorRenderer\\HtmlErrorRenderer->include('views/exception...', Array)
#10 /Users/ahmedmosaad/Herd/myclass2026-main/vendor/symfony/error-handler/ErrorRenderer/HtmlErrorRenderer.php(341): include('/Users/ahmedmos...')
#11 /Users/ahmedmosaad/Herd/myclass2026-main/vendor/symfony/error-handler/ErrorRenderer/HtmlErrorRenderer.php(140): Symfony\\Component\\ErrorHandler\\ErrorRenderer\\HtmlErrorRenderer->include('views/exception...', Array)
#12 /Users/ahmedmosaad/Herd/myclass2026-main/vendor/symfony/error-handler/ErrorRenderer/HtmlErrorRenderer.php(72): Symfony\\Component\\ErrorHandler\\ErrorRenderer\\HtmlErrorRenderer->renderException(Object(Symfony\\Component\\ErrorHandler\\Exception\\FlattenException))
#13 /Users/ahmedmosaad/Herd/myclass2026-main/vendor/laravel/framework/src/Illuminate/Foundation/Exceptions/Handler.php(879): Symfony\\Component\\ErrorHandler\\ErrorRenderer\\HtmlErrorRenderer->render(Object(Symfony\\Component\\ErrorHandler\\Exception\\FlattenException))
#14 /Users/ahmedmosaad/Herd/myclass2026-main/vendor/laravel/framework/src/Illuminate/Foundation/Exceptions/Handler.php(853): Illuminate\\Foundation\\Exceptions\\Handler->renderExceptionWithSymfony(Object(ErrorException), true)
#15 /Users/ahmedmosaad/Herd/myclass2026-main/vendor/laravel/framework/src/Illuminate/Foundation/Exceptions/Handler.php(828): Illuminate\\Foundation\\Exceptions\\Handler->renderExceptionContent(Object(ErrorException))
#16 /Users/ahmedmosaad/Herd/myclass2026-main/vendor/laravel/framework/src/Illuminate/Foundation/Exceptions/Handler.php(807): Illuminate\\Foundation\\Exceptions\\Handler->convertExceptionToResponse(Object(ErrorException))
#17 /Users/ahmedmosaad/Herd/myclass2026-main/vendor/laravel/framework/src/Illuminate/Foundation/Exceptions/Handler.php(706): Illuminate\\Foundation\\Exceptions\\Handler->prepareResponse(Object(Illuminate\\Http\\Request), Object(ErrorException))
#18 /Users/ahmedmosaad/Herd/myclass2026-main/vendor/laravel/framework/src/Illuminate/Foundation/Exceptions/Handler.php(594): Illuminate\\Foundation\\Exceptions\\Handler->renderExceptionResponse(Object(Illuminate\\Http\\Request), Object(ErrorException))
#19 /Users/ahmedmosaad/Herd/myclass2026-main/vendor/laravel/framework/src/Illuminate/Foundation/Http/Kernel.php(575): Illuminate\\Foundation\\Exceptions\\Handler->render(Object(Illuminate\\Http\\Request), Object(ErrorException))
#20 /Users/ahmedmosaad/Herd/myclass2026-main/vendor/laravel/framework/src/Illuminate/Foundation/Http/Kernel.php(149): Illuminate\\Foundation\\Http\\Kernel->renderException(Object(Illuminate\\Http\\Request), Object(ErrorException))
#21 /Users/ahmedmosaad/Herd/myclass2026-main/vendor/laravel/framework/src/Illuminate/Foundation/Application.php(1220): Illuminate\\Foundation\\Http\\Kernel->handle(Object(Illuminate\\Http\\Request))
#22 /Users/ahmedmosaad/Herd/myclass2026-main/public/index.php(20): Illuminate\\Foundation\\Application->handleRequest(Object(Illuminate\\Http\\Request))
#23 /Users/ahmedmosaad/Herd/myclass2026-main/vendor/laravel/framework/src/Illuminate/Foundation/resources/server.php(23): require_once('/Users/ahmedmos...')
#24 {main}
"} 
[2026-02-07 11:36:14] local.ERROR: Uncaught ErrorException: include(assets/images/icon-copy.svg): Failed to open stream: No such file or directory in /Users/ahmedmosaad/Herd/myclass2026-main/vendor/symfony/error-handler/ErrorRenderer/HtmlErrorRenderer.php:341
Stack trace:
#0 /Users/ahmedmosaad/Herd/myclass2026-main/vendor/laravel/framework/src/Illuminate/Foundation/Bootstrap/HandleExceptions.php(256): Illuminate\Foundation\Bootstrap\HandleExceptions->handleError(2, 'include(assets/...', '/Users/ahmedmos...', 341)
#1 /Users/ahmedmosaad/Herd/myclass2026-main/vendor/symfony/error-handler/ErrorRenderer/HtmlErrorRenderer.php(341): Illuminate\Foundation\Bootstrap\HandleExceptions->{closure:Illuminate\Foundation\Bootstrap\HandleExceptions::forwardsTo():255}(2, 'include(assets/...', '/Users/ahmedmos...', 341)
#2 /Users/ahmedmosaad/Herd/myclass2026-main/vendor/symfony/error-handler/ErrorRenderer/HtmlErrorRenderer.php(341): include('/Users/ahmedmos...')
#3 /Users/ahmedmosaad/Herd/myclass2026-main/vendor/symfony/error-handler/Resources/views/trace.html.php(29): Symfony\Component\ErrorHandler\ErrorRenderer\HtmlErrorRenderer->include('assets/images/i...')
#4 /Users/ahmedmosaad/Herd/myclass2026-main/vendor/symfony/error-handler/ErrorRenderer/HtmlErrorRenderer.php(341): include('/Users/ahmedmos...')
#5 /Users/ahmedmosaad/Herd/myclass2026-main/vendor/symfony/error-handler/Resources/views/traces.html.php(48): Symfony\Component\ErrorHandler\ErrorRenderer\HtmlErrorRenderer->include('views/trace.htm...', Array)
#6 /Users/ahmedmosaad/Herd/myclass2026-main/vendor/symfony/error-handler/ErrorRenderer/HtmlErrorRenderer.php(341): include('/Users/ahmedmos...')
#7 /Users/ahmedmosaad/Herd/myclass2026-main/vendor/symfony/error-handler/Resources/views/exception.html.php(54): Symfony\Component\ErrorHandler\ErrorRenderer\HtmlErrorRenderer->include('views/traces.ht...', Array)
#8 /Users/ahmedmosaad/Herd/myclass2026-main/vendor/symfony/error-handler/ErrorRenderer/HtmlErrorRenderer.php(341): include('/Users/ahmedmos...')
#9 /Users/ahmedmosaad/Herd/myclass2026-main/vendor/symfony/error-handler/Resources/views/exception_full.html.php(35): Symfony\Component\ErrorHandler\ErrorRenderer\HtmlErrorRenderer->include('views/exception...', Array)
#10 /Users/ahmedmosaad/Herd/myclass2026-main/vendor/symfony/error-handler/ErrorRenderer/HtmlErrorRenderer.php(341): include('/Users/ahmedmos...')
#11 /Users/ahmedmosaad/Herd/myclass2026-main/vendor/symfony/error-handler/ErrorRenderer/HtmlErrorRenderer.php(140): Symfony\Component\ErrorHandler\ErrorRenderer\HtmlErrorRenderer->include('views/exception...', Array)
#12 /Users/ahmedmosaad/Herd/myclass2026-main/vendor/symfony/error-handler/ErrorRenderer/HtmlErrorRenderer.php(72): Symfony\Component\ErrorHandler\ErrorRenderer\HtmlErrorRenderer->renderException(Object(Symfony\Component\ErrorHandler\Exception\FlattenException))
#13 /Users/ahmedmosaad/Herd/myclass2026-main/vendor/laravel/framework/src/Illuminate/Foundation/Exceptions/Handler.php(879): Symfony\Component\ErrorHandler\ErrorRenderer\HtmlErrorRenderer->render(Object(Symfony\Component\ErrorHandler\Exception\FlattenException))
#14 /Users/ahmedmosaad/Herd/myclass2026-main/vendor/laravel/framework/src/Illuminate/Foundation/Exceptions/Handler.php(853): Illuminate\Foundation\Exceptions\Handler->renderExceptionWithSymfony(Object(ErrorException), true)
#15 /Users/ahmedmosaad/Herd/myclass2026-main/vendor/laravel/framework/src/Illuminate/Foundation/Exceptions/Handler.php(828): Illuminate\Foundation\Exceptions\Handler->renderExceptionContent(Object(ErrorException))
#16 /Users/ahmedmosaad/Herd/myclass2026-main/vendor/laravel/framework/src/Illuminate/Foundation/Exceptions/Handler.php(807): Illuminate\Foundation\Exceptions\Handler->convertExceptionToResponse(Object(ErrorException))
#17 /Users/ahmedmosaad/Herd/myclass2026-main/vendor/laravel/framework/src/Illuminate/Foundation/Exceptions/Handler.php(706): Illuminate\Foundation\Exceptions\Handler->prepareResponse(Object(Illuminate\Http\Request), Object(ErrorException))
#18 /Users/ahmedmosaad/Herd/myclass2026-main/vendor/laravel/framework/src/Illuminate/Foundation/Exceptions/Handler.php(594): Illuminate\Foundation\Exceptions\Handler->renderExceptionResponse(Object(Illuminate\Http\Request), Object(ErrorException))
#19 /Users/ahmedmosaad/Herd/myclass2026-main/vendor/laravel/framework/src/Illuminate/Foundation/Bootstrap/HandleExceptions.php(219): Illuminate\Foundation\Exceptions\Handler->render(Object(Illuminate\Http\Request), Object(ErrorException))
#20 /Users/ahmedmosaad/Herd/myclass2026-main/vendor/laravel/framework/src/Illuminate/Foundation/Bootstrap/HandleExceptions.php(196): Illuminate\Foundation\Bootstrap\HandleExceptions->renderHttpResponse(Object(ErrorException))
#21 /Users/ahmedmosaad/Herd/myclass2026-main/vendor/laravel/framework/src/Illuminate/Foundation/Bootstrap/HandleExceptions.php(256): Illuminate\Foundation\Bootstrap\HandleExceptions->handleException(Object(ErrorException))
#22 [internal function]: Illuminate\Foundation\Bootstrap\HandleExceptions->{closure:Illuminate\Foundation\Bootstrap\HandleExceptions::forwardsTo():255}(Object(ErrorException))
#23 {main}
  thrown {"userId":19,"exception":"[object] (Symfony\\Component\\ErrorHandler\\Error\\FatalError(code: 0): Uncaught ErrorException: include(assets/images/icon-copy.svg): Failed to open stream: No such file or directory in /Users/ahmedmosaad/Herd/myclass2026-main/vendor/symfony/error-handler/ErrorRenderer/HtmlErrorRenderer.php:341
Stack trace:
#0 /Users/ahmedmosaad/Herd/myclass2026-main/vendor/laravel/framework/src/Illuminate/Foundation/Bootstrap/HandleExceptions.php(256): Illuminate\\Foundation\\Bootstrap\\HandleExceptions->handleError(2, 'include(assets/...', '/Users/ahmedmos...', 341)
#1 /Users/ahmedmosaad/Herd/myclass2026-main/vendor/symfony/error-handler/ErrorRenderer/HtmlErrorRenderer.php(341): Illuminate\\Foundation\\Bootstrap\\HandleExceptions->{closure:Illuminate\\Foundation\\Bootstrap\\HandleExceptions::forwardsTo():255}(2, 'include(assets/...', '/Users/ahmedmos...', 341)
#2 /Users/ahmedmosaad/Herd/myclass2026-main/vendor/symfony/error-handler/ErrorRenderer/HtmlErrorRenderer.php(341): include('/Users/ahmedmos...')
#3 /Users/ahmedmosaad/Herd/myclass2026-main/vendor/symfony/error-handler/Resources/views/trace.html.php(29): Symfony\\Component\\ErrorHandler\\ErrorRenderer\\HtmlErrorRenderer->include('assets/images/i...')
#4 /Users/ahmedmosaad/Herd/myclass2026-main/vendor/symfony/error-handler/ErrorRenderer/HtmlErrorRenderer.php(341): include('/Users/ahmedmos...')
#5 /Users/ahmedmosaad/Herd/myclass2026-main/vendor/symfony/error-handler/Resources/views/traces.html.php(48): Symfony\\Component\\ErrorHandler\\ErrorRenderer\\HtmlErrorRenderer->include('views/trace.htm...', Array)
#6 /Users/ahmedmosaad/Herd/myclass2026-main/vendor/symfony/error-handler/ErrorRenderer/HtmlErrorRenderer.php(341): include('/Users/ahmedmos...')
#7 /Users/ahmedmosaad/Herd/myclass2026-main/vendor/symfony/error-handler/Resources/views/exception.html.php(54): Symfony\\Component\\ErrorHandler\\ErrorRenderer\\HtmlErrorRenderer->include('views/traces.ht...', Array)
#8 /Users/ahmedmosaad/Herd/myclass2026-main/vendor/symfony/error-handler/ErrorRenderer/HtmlErrorRenderer.php(341): include('/Users/ahmedmos...')
#9 /Users/ahmedmosaad/Herd/myclass2026-main/vendor/symfony/error-handler/Resources/views/exception_full.html.php(35): Symfony\\Component\\ErrorHandler\\ErrorRenderer\\HtmlErrorRenderer->include('views/exception...', Array)
#10 /Users/ahmedmosaad/Herd/myclass2026-main/vendor/symfony/error-handler/ErrorRenderer/HtmlErrorRenderer.php(341): include('/Users/ahmedmos...')
#11 /Users/ahmedmosaad/Herd/myclass2026-main/vendor/symfony/error-handler/ErrorRenderer/HtmlErrorRenderer.php(140): Symfony\\Component\\ErrorHandler\\ErrorRenderer\\HtmlErrorRenderer->include('views/exception...', Array)
#12 /Users/ahmedmosaad/Herd/myclass2026-main/vendor/symfony/error-handler/ErrorRenderer/HtmlErrorRenderer.php(72): Symfony\\Component\\ErrorHandler\\ErrorRenderer\\HtmlErrorRenderer->renderException(Object(Symfony\\Component\\ErrorHandler\\Exception\\FlattenException))
#13 /Users/ahmedmosaad/Herd/myclass2026-main/vendor/laravel/framework/src/Illuminate/Foundation/Exceptions/Handler.php(879): Symfony\\Component\\ErrorHandler\\ErrorRenderer\\HtmlErrorRenderer->render(Object(Symfony\\Component\\ErrorHandler\\Exception\\FlattenException))
#14 /Users/ahmedmosaad/Herd/myclass2026-main/vendor/laravel/framework/src/Illuminate/Foundation/Exceptions/Handler.php(853): Illuminate\\Foundation\\Exceptions\\Handler->renderExceptionWithSymfony(Object(ErrorException), true)
#15 /Users/ahmedmosaad/Herd/myclass2026-main/vendor/laravel/framework/src/Illuminate/Foundation/Exceptions/Handler.php(828): Illuminate\\Foundation\\Exceptions\\Handler->renderExceptionContent(Object(ErrorException))
#16 /Users/ahmedmosaad/Herd/myclass2026-main/vendor/laravel/framework/src/Illuminate/Foundation/Exceptions/Handler.php(807): Illuminate\\Foundation\\Exceptions\\Handler->convertExceptionToResponse(Object(ErrorException))
#17 /Users/ahmedmosaad/Herd/myclass2026-main/vendor/laravel/framework/src/Illuminate/Foundation/Exceptions/Handler.php(706): Illuminate\\Foundation\\Exceptions\\Handler->prepareResponse(Object(Illuminate\\Http\\Request), Object(ErrorException))
#18 /Users/ahmedmosaad/Herd/myclass2026-main/vendor/laravel/framework/src/Illuminate/Foundation/Exceptions/Handler.php(594): Illuminate\\Foundation\\Exceptions\\Handler->renderExceptionResponse(Object(Illuminate\\Http\\Request), Object(ErrorException))
#19 /Users/ahmedmosaad/Herd/myclass2026-main/vendor/laravel/framework/src/Illuminate/Foundation/Bootstrap/HandleExceptions.php(219): Illuminate\\Foundation\\Exceptions\\Handler->render(Object(Illuminate\\Http\\Request), Object(ErrorException))
#20 /Users/ahmedmosaad/Herd/myclass2026-main/vendor/laravel/framework/src/Illuminate/Foundation/Bootstrap/HandleExceptions.php(196): Illuminate\\Foundation\\Bootstrap\\HandleExceptions->renderHttpResponse(Object(ErrorException))
#21 /Users/ahmedmosaad/Herd/myclass2026-main/vendor/laravel/framework/src/Illuminate/Foundation/Bootstrap/HandleExceptions.php(256): Illuminate\\Foundation\\Bootstrap\\HandleExceptions->handleException(Object(ErrorException))
#22 [internal function]: Illuminate\\Foundation\\Bootstrap\\HandleExceptions->{closure:Illuminate\\Foundation\\Bootstrap\\HandleExceptions::forwardsTo():255}(Object(ErrorException))
#23 {main}
  thrown at /Users/ahmedmosaad/Herd/myclass2026-main/vendor/symfony/error-handler/ErrorRenderer/HtmlErrorRenderer.php:341)
[stacktrace]
#0 {main}
"} 
[2026-02-07 11:36:34] local.INFO: Menu Request: {"user_id":19,"actual_role":"teacher","requested_role":"teacher","is_admin":false,"has_super_admin":true} 
[2026-02-07 11:36:34] local.INFO: Role Override Applied: teacher  
[2026-02-07 11:37:09] local.INFO: Menu Request: {"user_id":19,"actual_role":"teacher","requested_role":"teacher","is_admin":false,"has_super_admin":true} 
[2026-02-07 11:37:09] local.INFO: Role Override Applied: teacher  
[2026-02-07 11:37:10] local.INFO: Menu Request: {"user_id":19,"actual_role":"teacher","requested_role":"teacher","is_admin":false,"has_super_admin":true} 
[2026-02-07 11:37:10] local.INFO: Role Override Applied: teacher  
[2026-02-07 11:37:17] local.INFO: Menu Request: {"user_id":19,"actual_role":"teacher","requested_role":"admin","is_admin":false,"has_super_admin":true} 
[2026-02-07 11:37:17] local.INFO: Role Override Applied: admin  
[2026-02-07 11:38:29] local.INFO: Menu Request: Guest User  
[2026-02-07 11:38:38] local.INFO: Menu Request: Guest User  
[2026-02-07 11:39:28] local.INFO: Menu Request: Guest User  
[2026-02-07 11:45:35] local.INFO: Menu Request: Guest User  
[2026-02-07 11:46:04] local.INFO: Menu Request: Guest User  
[2026-02-07 11:48:01] local.INFO: Menu Request: {"user_id":810,"actual_role":"student","requested_role":"student","is_admin":false,"has_super_admin":false} 
[2026-02-07 11:48:10] local.INFO: Menu Request: {"user_id":810,"actual_role":"student","requested_role":"student","is_admin":false,"has_super_admin":false} 
[2026-02-07 11:48:17] local.ERROR: Route [qu-student.exams.take] not defined. {"userId":810,"exception":"[object] (Symfony\\Component\\Routing\\Exception\\RouteNotFoundException(code: 0): Route [qu-student.exams.take] not defined. at /Users/ahmedmosaad/Herd/myclass2026-main/vendor/laravel/framework/src/Illuminate/Routing/UrlGenerator.php:527)
[stacktrace]
#0 /Users/ahmedmosaad/Herd/myclass2026-main/vendor/laravel/framework/src/Illuminate/Routing/Redirector.php(154): Illuminate\\Routing\\UrlGenerator->route('qu-student.exam...', Array)
#1 /Users/ahmedmosaad/Herd/myclass2026-main/app/Http/Controllers/QuExamController.php(704): Illuminate\\Routing\\Redirector->route('qu-student.exam...', Array)
#2 /Users/ahmedmosaad/Herd/myclass2026-main/vendor/laravel/framework/src/Illuminate/Routing/ControllerDispatcher.php(47): App\\Http\\Controllers\\QuExamController->startExam(Object(App\\Models\\QuExam))
#3 /Users/ahmedmosaad/Herd/myclass2026-main/vendor/laravel/framework/src/Illuminate/Routing/Route.php(266): Illuminate\\Routing\\ControllerDispatcher->dispatch(Object(Illuminate\\Routing\\Route), Object(App\\Http\\Controllers\\QuExamController), 'startExam')
#4 /Users/ahmedmosaad/Herd/myclass2026-main/vendor/laravel/framework/src/Illuminate/Routing/Route.php(212): Illuminate\\Routing\\Route->runController()
#5 /Users/ahmedmosaad/Herd/myclass2026-main/vendor/laravel/framework/src/Illuminate/Routing/Router.php(808): Illuminate\\Routing\\Route->run()
#6 /Users/ahmedmosaad/Herd/myclass2026-main/vendor/laravel/framework/src/Illuminate/Pipeline/Pipeline.php(170): Illuminate\\Routing\\Router->{closure:Illuminate\\Routing\\Router::runRouteWithinStack():807}(Object(Illuminate\\Http\\Request))
#7 /Users/ahmedmosaad/Herd/myclass2026-main/vendor/laravel/framework/src/Illuminate/Auth/Middleware/EnsureEmailIsVerified.php(41): Illuminate\\Pipeline\\Pipeline->{closure:Illuminate\\Pipeline\\Pipeline::prepareDestination():168}(Object(Illuminate\\Http\\Request))
#8 /Users/ahmedmosaad/Herd/myclass2026-main/vendor/laravel/framework/src/Illuminate/Pipeline/Pipeline.php(209): Illuminate\\Auth\\Middleware\\EnsureEmailIsVerified->handle(Object(Illuminate\\Http\\Request), Object(Closure))
#9 /Users/ahmedmosaad/Herd/myclass2026-main/app/Http/Middleware/TrackLastActive.php(28): Illuminate\\Pipeline\\Pipeline->{closure:{closure:Illuminate\\Pipeline\\Pipeline::carry():184}:185}(Object(Illuminate\\Http\\Request))
#10 /Users/ahmedmosaad/Herd/myclass2026-main/vendor/laravel/framework/src/Illuminate/Pipeline/Pipeline.php(209): App\\Http\\Middleware\\TrackLastActive->handle(Object(Illuminate\\Http\\Request), Object(Closure))
#11 /Users/ahmedmosaad/Herd/myclass2026-main/app/Http/Middleware/LogPageVisit.php(23): Illuminate\\Pipeline\\Pipeline->{closure:{closure:Illuminate\\Pipeline\\Pipeline::carry():184}:185}(Object(Illuminate\\Http\\Request))
#12 /Users/ahmedmosaad/Herd/myclass2026-main/vendor/laravel/framework/src/Illuminate/Pipeline/Pipeline.php(209): App\\Http\\Middleware\\LogPageVisit->handle(Object(Illuminate\\Http\\Request), Object(Closure))
#13 /Users/ahmedmosaad/Herd/myclass2026-main/vendor/laravel/framework/src/Illuminate/Http/Middleware/AddLinkHeadersForPreloadedAssets.php(20): Illuminate\\Pipeline\\Pipeline->{closure:{closure:Illuminate\\Pipeline\\Pipeline::carry():184}:185}(Object(Illuminate\\Http\\Request))
#14 /Users/ahmedmosaad/Herd/myclass2026-main/vendor/laravel/framework/src/Illuminate/Pipeline/Pipeline.php(209): Illuminate\\Http\\Middleware\\AddLinkHeadersForPreloadedAssets->handle(Object(Illuminate\\Http\\Request), Object(Closure))
#15 /Users/ahmedmosaad/Herd/myclass2026-main/vendor/inertiajs/inertia-laravel/src/Middleware.php(86): Illuminate\\Pipeline\\Pipeline->{closure:{closure:Illuminate\\Pipeline\\Pipeline::carry():184}:185}(Object(Illuminate\\Http\\Request))
#16 /Users/ahmedmosaad/Herd/myclass2026-main/app/Http/Middleware/HandleInertiaRequests.php(94): Inertia\\Middleware->handle(Object(Illuminate\\Http\\Request), Object(Closure))
#17 /Users/ahmedmosaad/Herd/myclass2026-main/vendor/laravel/framework/src/Illuminate/Pipeline/Pipeline.php(209): App\\Http\\Middleware\\HandleInertiaRequests->handle(Object(Illuminate\\Http\\Request), Object(Closure))
#18 /Users/ahmedmosaad/Herd/myclass2026-main/vendor/laravel/jetstream/src/Http/Middleware/ShareInertiaData.php(69): Illuminate\\Pipeline\\Pipeline->{closure:{closure:Illuminate\\Pipeline\\Pipeline::carry():184}:185}(Object(Illuminate\\Http\\Request))
#19 /Users/ahmedmosaad/Herd/myclass2026-main/vendor/laravel/framework/src/Illuminate/Pipeline/Pipeline.php(209): Laravel\\Jetstream\\Http\\Middleware\\ShareInertiaData->handle(Object(Illuminate\\Http\\Request), Object(Closure))
#20 /Users/ahmedmosaad/Herd/myclass2026-main/vendor/laravel/framework/src/Illuminate/Routing/Middleware/SubstituteBindings.php(51): Illuminate\\Pipeline\\Pipeline->{closure:{closure:Illuminate\\Pipeline\\Pipeline::carry():184}:185}(Object(Illuminate\\Http\\Request))
#21 /Users/ahmedmosaad/Herd/myclass2026-main/vendor/laravel/framework/src/Illuminate/Pipeline/Pipeline.php(209): Illuminate\\Routing\\Middleware\\SubstituteBindings->handle(Object(Illuminate\\Http\\Request), Object(Closure))
#22 /Users/ahmedmosaad/Herd/myclass2026-main/vendor/laravel/framework/src/Illuminate/Session/Middleware/AuthenticateSession.php(67): Illuminate\\Pipeline\\Pipeline->{closure:{closure:Illuminate\\Pipeline\\Pipeline::carry():184}:185}(Object(Illuminate\\Http\\Request))
#23 /Users/ahmedmosaad/Herd/myclass2026-main/vendor/laravel/framework/src/Illuminate/Pipeline/Pipeline.php(209): Illuminate\\Session\\Middleware\\AuthenticateSession->handle(Object(Illuminate\\Http\\Request), Object(Closure))
#24 /Users/ahmedmosaad/Herd/myclass2026-main/vendor/laravel/framework/src/Illuminate/Auth/Middleware/Authenticate.php(64): Illuminate\\Pipeline\\Pipeline->{closure:{closure:Illuminate\\Pipeline\\Pipeline::carry():184}:185}(Object(Illuminate\\Http\\Request))
#25 /Users/ahmedmosaad/Herd/myclass2026-main/vendor/laravel/framework/src/Illuminate/Pipeline/Pipeline.php(209): Illuminate\\Auth\\Middleware\\Authenticate->handle(Object(Illuminate\\Http\\Request), Object(Closure), 'sanctum')
#26 /Users/ahmedmosaad/Herd/myclass2026-main/vendor/laravel/framework/src/Illuminate/Foundation/Http/Middleware/VerifyCsrfToken.php(88): Illuminate\\Pipeline\\Pipeline->{closure:{closure:Illuminate\\Pipeline\\Pipeline::carry():184}:185}(Object(Illuminate\\Http\\Request))
#27 /Users/ahmedmosaad/Herd/myclass2026-main/vendor/laravel/framework/src/Illuminate/Pipeline/Pipeline.php(209): Illuminate\\Foundation\\Http\\Middleware\\VerifyCsrfToken->handle(Object(Illuminate\\Http\\Request), Object(Closure))
#28 /Users/ahmedmosaad/Herd/myclass2026-main/vendor/laravel/framework/src/Illuminate/View/Middleware/ShareErrorsFromSession.php(49): Illuminate\\Pipeline\\Pipeline->{closure:{closure:Illuminate\\Pipeline\\Pipeline::carry():184}:185}(Object(Illuminate\\Http\\Request))
#29 /Users/ahmedmosaad/Herd/myclass2026-main/vendor/laravel/framework/src/Illuminate/Pipeline/Pipeline.php(209): Illuminate\\View\\Middleware\\ShareErrorsFromSession->handle(Object(Illuminate\\Http\\Request), Object(Closure))
#30 /Users/ahmedmosaad/Herd/myclass2026-main/vendor/laravel/framework/src/Illuminate/Session/Middleware/StartSession.php(121): Illuminate\\Pipeline\\Pipeline->{closure:{closure:Illuminate\\Pipeline\\Pipeline::carry():184}:185}(Object(Illuminate\\Http\\Request))
#31 /Users/ahmedmosaad/Herd/myclass2026-main/vendor/laravel/framework/src/Illuminate/Session/Middleware/StartSession.php(64): Illuminate\\Session\\Middleware\\StartSession->handleStatefulRequest(Object(Illuminate\\Http\\Request), Object(Illuminate\\Session\\Store), Object(Closure))
#32 /Users/ahmedmosaad/Herd/myclass2026-main/vendor/laravel/framework/src/Illuminate/Pipeline/Pipeline.php(209): Illuminate\\Session\\Middleware\\StartSession->handle(Object(Illuminate\\Http\\Request), Object(Closure))
#33 /Users/ahmedmosaad/Herd/myclass2026-main/vendor/laravel/framework/src/Illuminate/Cookie/Middleware/AddQueuedCookiesToResponse.php(37): Illuminate\\Pipeline\\Pipeline->{closure:{closure:Illuminate\\Pipeline\\Pipeline::carry():184}:185}(Object(Illuminate\\Http\\Request))
#34 /Users/ahmedmosaad/Herd/myclass2026-main/vendor/laravel/framework/src/Illuminate/Pipeline/Pipeline.php(209): Illuminate\\Cookie\\Middleware\\AddQueuedCookiesToResponse->handle(Object(Illuminate\\Http\\Request), Object(Closure))
#35 /Users/ahmedmosaad/Herd/myclass2026-main/vendor/laravel/framework/src/Illuminate/Cookie/Middleware/EncryptCookies.php(75): Illuminate\\Pipeline\\Pipeline->{closure:{closure:Illuminate\\Pipeline\\Pipeline::carry():184}:185}(Object(Illuminate\\Http\\Request))
#36 /Users/ahmedmosaad/Herd/myclass2026-main/vendor/laravel/framework/src/Illuminate/Pipeline/Pipeline.php(209): Illuminate\\Cookie\\Middleware\\EncryptCookies->handle(Object(Illuminate\\Http\\Request), Object(Closure))
#37 /Users/ahmedmosaad/Herd/myclass2026-main/vendor/laravel/framework/src/Illuminate/Pipeline/Pipeline.php(127): Illuminate\\Pipeline\\Pipeline->{closure:{closure:Illuminate\\Pipeline\\Pipeline::carry():184}:185}(Object(Illuminate\\Http\\Request))
#38 /Users/ahmedmosaad/Herd/myclass2026-main/vendor/laravel/framework/src/Illuminate/Routing/Router.php(807): Illuminate\\Pipeline\\Pipeline->then(Object(Closure))
#39 /Users/ahmedmosaad/Herd/myclass2026-main/vendor/laravel/framework/src/Illuminate/Routing/Router.php(786): Illuminate\\Routing\\Router->runRouteWithinStack(Object(Illuminate\\Routing\\Route), Object(Illuminate\\Http\\Request))
#40 /Users/ahmedmosaad/Herd/myclass2026-main/vendor/laravel/framework/src/Illuminate/Routing/Router.php(750): Illuminate\\Routing\\Router->runRoute(Object(Illuminate\\Http\\Request), Object(Illuminate\\Routing\\Route))
#41 /Users/ahmedmosaad/Herd/myclass2026-main/vendor/laravel/framework/src/Illuminate/Routing/Router.php(739): Illuminate\\Routing\\Router->dispatchToRoute(Object(Illuminate\\Http\\Request))
#42 /Users/ahmedmosaad/Herd/myclass2026-main/vendor/laravel/framework/src/Illuminate/Foundation/Http/Kernel.php(201): Illuminate\\Routing\\Router->dispatch(Object(Illuminate\\Http\\Request))
#43 /Users/ahmedmosaad/Herd/myclass2026-main/vendor/laravel/framework/src/Illuminate/Pipeline/Pipeline.php(170): Illuminate\\Foundation\\Http\\Kernel->{closure:Illuminate\\Foundation\\Http\\Kernel::dispatchToRouter():198}(Object(Illuminate\\Http\\Request))
#44 /Users/ahmedmosaad/Herd/myclass2026-main/vendor/laravel/framework/src/Illuminate/Foundation/Http/Middleware/TransformsRequest.php(21): Illuminate\\Pipeline\\Pipeline->{closure:Illuminate\\Pipeline\\Pipeline::prepareDestination():168}(Object(Illuminate\\Http\\Request))
#45 /Users/ahmedmosaad/Herd/myclass2026-main/vendor/laravel/framework/src/Illuminate/Foundation/Http/Middleware/ConvertEmptyStringsToNull.php(31): Illuminate\\Foundation\\Http\\Middleware\\TransformsRequest->handle(Object(Illuminate\\Http\\Request), Object(Closure))
#46 /Users/ahmedmosaad/Herd/myclass2026-main/vendor/laravel/framework/src/Illuminate/Pipeline/Pipeline.php(209): Illuminate\\Foundation\\Http\\Middleware\\ConvertEmptyStringsToNull->handle(Object(Illuminate\\Http\\Request), Object(Closure))
#47 /Users/ahmedmosaad/Herd/myclass2026-main/vendor/laravel/framework/src/Illuminate/Foundation/Http/Middleware/TransformsRequest.php(21): Illuminate\\Pipeline\\Pipeline->{closure:{closure:Illuminate\\Pipeline\\Pipeline::carry():184}:185}(Object(Illuminate\\Http\\Request))
#48 /Users/ahmedmosaad/Herd/myclass2026-main/vendor/laravel/framework/src/Illuminate/Foundation/Http/Middleware/TrimStrings.php(51): Illuminate\\Foundation\\Http\\Middleware\\TransformsRequest->handle(Object(Illuminate\\Http\\Request), Object(Closure))
#49 /Users/ahmedmosaad/Herd/myclass2026-main/vendor/laravel/framework/src/Illuminate/Pipeline/Pipeline.php(209): Illuminate\\Foundation\\Http\\Middleware\\TrimStrings->handle(Object(Illuminate\\Http\\Request), Object(Closure))
#50 /Users/ahmedmosaad/Herd/myclass2026-main/vendor/laravel/framework/src/Illuminate/Http/Middleware/ValidatePostSize.php(27): Illuminate\\Pipeline\\Pipeline->{closure:{closure:Illuminate\\Pipeline\\Pipeline::carry():184}:185}(Object(Illuminate\\Http\\Request))
#51 /Users/ahmedmosaad/Herd/myclass2026-main/vendor/laravel/framework/src/Illuminate/Pipeline/Pipeline.php(209): Illuminate\\Http\\Middleware\\ValidatePostSize->handle(Object(Illuminate\\Http\\Request), Object(Closure))
#52 /Users/ahmedmosaad/Herd/myclass2026-main/vendor/laravel/framework/src/Illuminate/Foundation/Http/Middleware/PreventRequestsDuringMaintenance.php(110): Illuminate\\Pipeline\\Pipeline->{closure:{closure:Illuminate\\Pipeline\\Pipeline::carry():184}:185}(Object(Illuminate\\Http\\Request))
#53 /Users/ahmedmosaad/Herd/myclass2026-main/vendor/laravel/framework/src/Illuminate/Pipeline/Pipeline.php(209): Illuminate\\Foundation\\Http\\Middleware\\PreventRequestsDuringMaintenance->handle(Object(Illuminate\\Http\\Request), Object(Closure))
#54 /Users/ahmedmosaad/Herd/myclass2026-main/vendor/laravel/framework/src/Illuminate/Http/Middleware/HandleCors.php(49): Illuminate\\Pipeline\\Pipeline->{closure:{closure:Illuminate\\Pipeline\\Pipeline::carry():184}:185}(Object(Illuminate\\Http\\Request))
#55 /Users/ahmedmosaad/Herd/myclass2026-main/vendor/laravel/framework/src/Illuminate/Pipeline/Pipeline.php(209): Illuminate\\Http\\Middleware\\HandleCors->handle(Object(Illuminate\\Http\\Request), Object(Closure))
#56 /Users/ahmedmosaad/Herd/myclass2026-main/vendor/laravel/framework/src/Illuminate/Http/Middleware/TrustProxies.php(58): Illuminate\\Pipeline\\Pipeline->{closure:{closure:Illuminate\\Pipeline\\Pipeline::carry():184}:185}(Object(Illuminate\\Http\\Request))
#57 /Users/ahmedmosaad/Herd/myclass2026-main/vendor/laravel/framework/src/Illuminate/Pipeline/Pipeline.php(209): Illuminate\\Http\\Middleware\\TrustProxies->handle(Object(Illuminate\\Http\\Request), Object(Closure))
#58 /Users/ahmedmosaad/Herd/myclass2026-main/vendor/laravel/framework/src/Illuminate/Foundation/Http/Middleware/InvokeDeferredCallbacks.php(22): Illuminate\\Pipeline\\Pipeline->{closure:{closure:Illuminate\\Pipeline\\Pipeline::carry():184}:185}(Object(Illuminate\\Http\\Request))
#59 /Users/ahmedmosaad/Herd/myclass2026-main/vendor/laravel/framework/src/Illuminate/Pipeline/Pipeline.php(209): Illuminate\\Foundation\\Http\\Middleware\\InvokeDeferredCallbacks->handle(Object(Illuminate\\Http\\Request), Object(Closure))
#60 /Users/ahmedmosaad/Herd/myclass2026-main/vendor/laravel/framework/src/Illuminate/Http/Middleware/ValidatePathEncoding.php(26): Illuminate\\Pipeline\\Pipeline->{closure:{closure:Illuminate\\Pipeline\\Pipeline::carry():184}:185}(Object(Illuminate\\Http\\Request))
#61 /Users/ahmedmosaad/Herd/myclass2026-main/vendor/laravel/framework/src/Illuminate/Pipeline/Pipeline.php(209): Illuminate\\Http\\Middleware\\ValidatePathEncoding->handle(Object(Illuminate\\Http\\Request), Object(Closure))
#62 /Users/ahmedmosaad/Herd/myclass2026-main/vendor/laravel/framework/src/Illuminate/Pipeline/Pipeline.php(127): Illuminate\\Pipeline\\Pipeline->{closure:{closure:Illuminate\\Pipeline\\Pipeline::carry():184}:185}(Object(Illuminate\\Http\\Request))
#63 /Users/ahmedmosaad/Herd/myclass2026-main/vendor/laravel/framework/src/Illuminate/Foundation/Http/Kernel.php(176): Illuminate\\Pipeline\\Pipeline->then(Object(Closure))
#64 /Users/ahmedmosaad/Herd/myclass2026-main/vendor/laravel/framework/src/Illuminate/Foundation/Http/Kernel.php(145): Illuminate\\Foundation\\Http\\Kernel->sendRequestThroughRouter(Object(Illuminate\\Http\\Request))
#65 /Users/ahmedmosaad/Herd/myclass2026-main/vendor/laravel/framework/src/Illuminate/Foundation/Application.php(1220): Illuminate\\Foundation\\Http\\Kernel->handle(Object(Illuminate\\Http\\Request))
#66 /Users/ahmedmosaad/Herd/myclass2026-main/public/index.php(20): Illuminate\\Foundation\\Application->handleRequest(Object(Illuminate\\Http\\Request))
#67 /Users/ahmedmosaad/Herd/myclass2026-main/vendor/laravel/framework/src/Illuminate/Foundation/resources/server.php(23): require_once('/Users/ahmedmos...')
#68 {main}
"} 
[2026-02-07 11:48:17] local.ERROR: include(assets/images/icon-copy.svg): Failed to open stream: No such file or directory {"userId":810,"exception":"[object] (ErrorException(code: 0): include(assets/images/icon-copy.svg): Failed to open stream: No such file or directory at /Users/ahmedmosaad/Herd/myclass2026-main/vendor/symfony/error-handler/ErrorRenderer/HtmlErrorRenderer.php:341)
[stacktrace]
#0 /Users/ahmedmosaad/Herd/myclass2026-main/vendor/laravel/framework/src/Illuminate/Foundation/Bootstrap/HandleExceptions.php(256): Illuminate\\Foundation\\Bootstrap\\HandleExceptions->handleError(2, 'include(assets/...', '/Users/ahmedmos...', 341)
#1 /Users/ahmedmosaad/Herd/myclass2026-main/vendor/symfony/error-handler/ErrorRenderer/HtmlErrorRenderer.php(341): Illuminate\\Foundation\\Bootstrap\\HandleExceptions->{closure:Illuminate\\Foundation\\Bootstrap\\HandleExceptions::forwardsTo():255}(2, 'include(assets/...', '/Users/ahmedmos...', 341)
#2 /Users/ahmedmosaad/Herd/myclass2026-main/vendor/symfony/error-handler/ErrorRenderer/HtmlErrorRenderer.php(341): include('/Users/ahmedmos...')
#3 /Users/ahmedmosaad/Herd/myclass2026-main/vendor/symfony/error-handler/Resources/views/trace.html.php(29): Symfony\\Component\\ErrorHandler\\ErrorRenderer\\HtmlErrorRenderer->include('assets/images/i...')
#4 /Users/ahmedmosaad/Herd/myclass2026-main/vendor/symfony/error-handler/ErrorRenderer/HtmlErrorRenderer.php(341): include('/Users/ahmedmos...')
#5 /Users/ahmedmosaad/Herd/myclass2026-main/vendor/symfony/error-handler/Resources/views/traces.html.php(48): Symfony\\Component\\ErrorHandler\\ErrorRenderer\\HtmlErrorRenderer->include('views/trace.htm...', Array)
#6 /Users/ahmedmosaad/Herd/myclass2026-main/vendor/symfony/error-handler/ErrorRenderer/HtmlErrorRenderer.php(341): include('/Users/ahmedmos...')
#7 /Users/ahmedmosaad/Herd/myclass2026-main/vendor/symfony/error-handler/Resources/views/exception.html.php(54): Symfony\\Component\\ErrorHandler\\ErrorRenderer\\HtmlErrorRenderer->include('views/traces.ht...', Array)
#8 /Users/ahmedmosaad/Herd/myclass2026-main/vendor/symfony/error-handler/ErrorRenderer/HtmlErrorRenderer.php(341): include('/Users/ahmedmos...')
#9 /Users/ahmedmosaad/Herd/myclass2026-main/vendor/symfony/error-handler/Resources/views/exception_full.html.php(35): Symfony\\Component\\ErrorHandler\\ErrorRenderer\\HtmlErrorRenderer->include('views/exception...', Array)
#10 /Users/ahmedmosaad/Herd/myclass2026-main/vendor/symfony/error-handler/ErrorRenderer/HtmlErrorRenderer.php(341): include('/Users/ahmedmos...')
#11 /Users/ahmedmosaad/Herd/myclass2026-main/vendor/symfony/error-handler/ErrorRenderer/HtmlErrorRenderer.php(140): Symfony\\Component\\ErrorHandler\\ErrorRenderer\\HtmlErrorRenderer->include('views/exception...', Array)
#12 /Users/ahmedmosaad/Herd/myclass2026-main/vendor/symfony/error-handler/ErrorRenderer/HtmlErrorRenderer.php(72): Symfony\\Component\\ErrorHandler\\ErrorRenderer\\HtmlErrorRenderer->renderException(Object(Symfony\\Component\\ErrorHandler\\Exception\\FlattenException))
#13 /Users/ahmedmosaad/Herd/myclass2026-main/vendor/laravel/framework/src/Illuminate/Foundation/Exceptions/Handler.php(879): Symfony\\Component\\ErrorHandler\\ErrorRenderer\\HtmlErrorRenderer->render(Object(Symfony\\Component\\ErrorHandler\\Exception\\FlattenException))
#14 /Users/ahmedmosaad/Herd/myclass2026-main/vendor/laravel/framework/src/Illuminate/Foundation/Exceptions/Handler.php(853): Illuminate\\Foundation\\Exceptions\\Handler->renderExceptionWithSymfony(Object(ErrorException), true)
#15 /Users/ahmedmosaad/Herd/myclass2026-main/vendor/laravel/framework/src/Illuminate/Foundation/Exceptions/Handler.php(828): Illuminate\\Foundation\\Exceptions\\Handler->renderExceptionContent(Object(ErrorException))
#16 /Users/ahmedmosaad/Herd/myclass2026-main/vendor/laravel/framework/src/Illuminate/Foundation/Exceptions/Handler.php(807): Illuminate\\Foundation\\Exceptions\\Handler->convertExceptionToResponse(Object(Symfony\\Component\\Routing\\Exception\\RouteNotFoundException))
#17 /Users/ahmedmosaad/Herd/myclass2026-main/vendor/laravel/framework/src/Illuminate/Foundation/Exceptions/Handler.php(706): Illuminate\\Foundation\\Exceptions\\Handler->prepareResponse(Object(Illuminate\\Http\\Request), Object(Symfony\\Component\\Routing\\Exception\\RouteNotFoundException))
#18 /Users/ahmedmosaad/Herd/myclass2026-main/vendor/laravel/framework/src/Illuminate/Foundation/Exceptions/Handler.php(594): Illuminate\\Foundation\\Exceptions\\Handler->renderExceptionResponse(Object(Illuminate\\Http\\Request), Object(Symfony\\Component\\Routing\\Exception\\RouteNotFoundException))
#19 /Users/ahmedmosaad/Herd/myclass2026-main/vendor/laravel/framework/src/Illuminate/Routing/Pipeline.php(51): Illuminate\\Foundation\\Exceptions\\Handler->render(Object(Illuminate\\Http\\Request), Object(Symfony\\Component\\Routing\\Exception\\RouteNotFoundException))
#20 /Users/ahmedmosaad/Herd/myclass2026-main/vendor/laravel/framework/src/Illuminate/Pipeline/Pipeline.php(172): Illuminate\\Routing\\Pipeline->handleException(Object(Illuminate\\Http\\Request), Object(Symfony\\Component\\Routing\\Exception\\RouteNotFoundException))
#21 /Users/ahmedmosaad/Herd/myclass2026-main/vendor/laravel/framework/src/Illuminate/Auth/Middleware/EnsureEmailIsVerified.php(41): Illuminate\\Pipeline\\Pipeline->{closure:Illuminate\\Pipeline\\Pipeline::prepareDestination():168}(Object(Illuminate\\Http\\Request))
#22 /Users/ahmedmosaad/Herd/myclass2026-main/vendor/laravel/framework/src/Illuminate/Pipeline/Pipeline.php(209): Illuminate\\Auth\\Middleware\\EnsureEmailIsVerified->handle(Object(Illuminate\\Http\\Request), Object(Closure))
#23 /Users/ahmedmosaad/Herd/myclass2026-main/app/Http/Middleware/TrackLastActive.php(28): Illuminate\\Pipeline\\Pipeline->{closure:{closure:Illuminate\\Pipeline\\Pipeline::carry():184}:185}(Object(Illuminate\\Http\\Request))
#24 /Users/ahmedmosaad/Herd/myclass2026-main/vendor/laravel/framework/src/Illuminate/Pipeline/Pipeline.php(209): App\\Http\\Middleware\\TrackLastActive->handle(Object(Illuminate\\Http\\Request), Object(Closure))
#25 /Users/ahmedmosaad/Herd/myclass2026-main/app/Http/Middleware/LogPageVisit.php(23): Illuminate\\Pipeline\\Pipeline->{closure:{closure:Illuminate\\Pipeline\\Pipeline::carry():184}:185}(Object(Illuminate\\Http\\Request))
#26 /Users/ahmedmosaad/Herd/myclass2026-main/vendor/laravel/framework/src/Illuminate/Pipeline/Pipeline.php(209): App\\Http\\Middleware\\LogPageVisit->handle(Object(Illuminate\\Http\\Request), Object(Closure))
#27 /Users/ahmedmosaad/Herd/myclass2026-main/vendor/laravel/framework/src/Illuminate/Http/Middleware/AddLinkHeadersForPreloadedAssets.php(20): Illuminate\\Pipeline\\Pipeline->{closure:{closure:Illuminate\\Pipeline\\Pipeline::carry():184}:185}(Object(Illuminate\\Http\\Request))
#28 /Users/ahmedmosaad/Herd/myclass2026-main/vendor/laravel/framework/src/Illuminate/Pipeline/Pipeline.php(209): Illuminate\\Http\\Middleware\\AddLinkHeadersForPreloadedAssets->handle(Object(Illuminate\\Http\\Request), Object(Closure))
#29 /Users/ahmedmosaad/Herd/myclass2026-main/vendor/inertiajs/inertia-laravel/src/Middleware.php(86): Illuminate\\Pipeline\\Pipeline->{closure:{closure:Illuminate\\Pipeline\\Pipeline::carry():184}:185}(Object(Illuminate\\Http\\Request))
#30 /Users/ahmedmosaad/Herd/myclass2026-main/app/Http/Middleware/HandleInertiaRequests.php(94): Inertia\\Middleware->handle(Object(Illuminate\\Http\\Request), Object(Closure))
#31 /Users/ahmedmosaad/Herd/myclass2026-main/vendor/laravel/framework/src/Illuminate/Pipeline/Pipeline.php(209): App\\Http\\Middleware\\HandleInertiaRequests->handle(Object(Illuminate\\Http\\Request), Object(Closure))
#32 /Users/ahmedmosaad/Herd/myclass2026-main/vendor/laravel/jetstream/src/Http/Middleware/ShareInertiaData.php(69): Illuminate\\Pipeline\\Pipeline->{closure:{closure:Illuminate\\Pipeline\\Pipeline::carry():184}:185}(Object(Illuminate\\Http\\Request))
#33 /Users/ahmedmosaad/Herd/myclass2026-main/vendor/laravel/framework/src/Illuminate/Pipeline/Pipeline.php(209): Laravel\\Jetstream\\Http\\Middleware\\ShareInertiaData->handle(Object(Illuminate\\Http\\Request), Object(Closure))
#34 /Users/ahmedmosaad/Herd/myclass2026-main/vendor/laravel/framework/src/Illuminate/Routing/Middleware/SubstituteBindings.php(51): Illuminate\\Pipeline\\Pipeline->{closure:{closure:Illuminate\\Pipeline\\Pipeline::carry():184}:185}(Object(Illuminate\\Http\\Request))
#35 /Users/ahmedmosaad/Herd/myclass2026-main/vendor/laravel/framework/src/Illuminate/Pipeline/Pipeline.php(209): Illuminate\\Routing\\Middleware\\SubstituteBindings->handle(Object(Illuminate\\Http\\Request), Object(Closure))
#36 /Users/ahmedmosaad/Herd/myclass2026-main/vendor/laravel/framework/src/Illuminate/Session/Middleware/AuthenticateSession.php(67): Illuminate\\Pipeline\\Pipeline->{closure:{closure:Illuminate\\Pipeline\\Pipeline::carry():184}:185}(Object(Illuminate\\Http\\Request))
#37 /Users/ahmedmosaad/Herd/myclass2026-main/vendor/laravel/framework/src/Illuminate/Pipeline/Pipeline.php(209): Illuminate\\Session\\Middleware\\AuthenticateSession->handle(Object(Illuminate\\Http\\Request), Object(Closure))
#38 /Users/ahmedmosaad/Herd/myclass2026-main/vendor/laravel/framework/src/Illuminate/Auth/Middleware/Authenticate.php(64): Illuminate\\Pipeline\\Pipeline->{closure:{closure:Illuminate\\Pipeline\\Pipeline::carry():184}:185}(Object(Illuminate\\Http\\Request))
#39 /Users/ahmedmosaad/Herd/myclass2026-main/vendor/laravel/framework/src/Illuminate/Pipeline/Pipeline.php(209): Illuminate\\Auth\\Middleware\\Authenticate->handle(Object(Illuminate\\Http\\Request), Object(Closure), 'sanctum')
#40 /Users/ahmedmosaad/Herd/myclass2026-main/vendor/laravel/framework/src/Illuminate/Foundation/Http/Middleware/VerifyCsrfToken.php(88): Illuminate\\Pipeline\\Pipeline->{closure:{closure:Illuminate\\Pipeline\\Pipeline::carry():184}:185}(Object(Illuminate\\Http\\Request))
#41 /Users/ahmedmosaad/Herd/myclass2026-main/vendor/laravel/framework/src/Illuminate/Pipeline/Pipeline.php(209): Illuminate\\Foundation\\Http\\Middleware\\VerifyCsrfToken->handle(Object(Illuminate\\Http\\Request), Object(Closure))
#42 /Users/ahmedmosaad/Herd/myclass2026-main/vendor/laravel/framework/src/Illuminate/View/Middleware/ShareErrorsFromSession.php(49): Illuminate\\Pipeline\\Pipeline->{closure:{closure:Illuminate\\Pipeline\\Pipeline::carry():184}:185}(Object(Illuminate\\Http\\Request))
#43 /Users/ahmedmosaad/Herd/myclass2026-main/vendor/laravel/framework/src/Illuminate/Pipeline/Pipeline.php(209): Illuminate\\View\\Middleware\\ShareErrorsFromSession->handle(Object(Illuminate\\Http\\Request), Object(Closure))
#44 /Users/ahmedmosaad/Herd/myclass2026-main/vendor/laravel/framework/src/Illuminate/Session/Middleware/StartSession.php(121): Illuminate\\Pipeline\\Pipeline->{closure:{closure:Illuminate\\Pipeline\\Pipeline::carry():184}:185}(Object(Illuminate\\Http\\Request))
#45 /Users/ahmedmosaad/Herd/myclass2026-main/vendor/laravel/framework/src/Illuminate/Session/Middleware/StartSession.php(64): Illuminate\\Session\\Middleware\\StartSession->handleStatefulRequest(Object(Illuminate\\Http\\Request), Object(Illuminate\\Session\\Store), Object(Closure))
#46 /Users/ahmedmosaad/Herd/myclass2026-main/vendor/laravel/framework/src/Illuminate/Pipeline/Pipeline.php(209): Illuminate\\Session\\Middleware\\StartSession->handle(Object(Illuminate\\Http\\Request), Object(Closure))
#47 /Users/ahmedmosaad/Herd/myclass2026-main/vendor/laravel/framework/src/Illuminate/Cookie/Middleware/AddQueuedCookiesToResponse.php(37): Illuminate\\Pipeline\\Pipeline->{closure:{closure:Illuminate\\Pipeline\\Pipeline::carry():184}:185}(Object(Illuminate\\Http\\Request))
#48 /Users/ahmedmosaad/Herd/myclass2026-main/vendor/laravel/framework/src/Illuminate/Pipeline/Pipeline.php(209): Illuminate\\Cookie\\Middleware\\AddQueuedCookiesToResponse->handle(Object(Illuminate\\Http\\Request), Object(Closure))
#49 /Users/ahmedmosaad/Herd/myclass2026-main/vendor/laravel/framework/src/Illuminate/Cookie/Middleware/EncryptCookies.php(75): Illuminate\\Pipeline\\Pipeline->{closure:{closure:Illuminate\\Pipeline\\Pipeline::carry():184}:185}(Object(Illuminate\\Http\\Request))
#50 /Users/ahmedmosaad/Herd/myclass2026-main/vendor/laravel/framework/src/Illuminate/Pipeline/Pipeline.php(209): Illuminate\\Cookie\\Middleware\\EncryptCookies->handle(Object(Illuminate\\Http\\Request), Object(Closure))
#51 /Users/ahmedmosaad/Herd/myclass2026-main/vendor/laravel/framework/src/Illuminate/Pipeline/Pipeline.php(127): Illuminate\\Pipeline\\Pipeline->{closure:{closure:Illuminate\\Pipeline\\Pipeline::carry():184}:185}(Object(Illuminate\\Http\\Request))
#52 /Users/ahmedmosaad/Herd/myclass2026-main/vendor/laravel/framework/src/Illuminate/Routing/Router.php(807): Illuminate\\Pipeline\\Pipeline->then(Object(Closure))
#53 /Users/ahmedmosaad/Herd/myclass2026-main/vendor/laravel/framework/src/Illuminate/Routing/Router.php(786): Illuminate\\Routing\\Router->runRouteWithinStack(Object(Illuminate\\Routing\\Route), Object(Illuminate\\Http\\Request))
#54 /Users/ahmedmosaad/Herd/myclass2026-main/vendor/laravel/framework/src/Illuminate/Routing/Router.php(750): Illuminate\\Routing\\Router->runRoute(Object(Illuminate\\Http\\Request), Object(Illuminate\\Routing\\Route))
#55 /Users/ahmedmosaad/Herd/myclass2026-main/vendor/laravel/framework/src/Illuminate/Routing/Router.php(739): Illuminate\\Routing\\Router->dispatchToRoute(Object(Illuminate\\Http\\Request))
#56 /Users/ahmedmosaad/Herd/myclass2026-main/vendor/laravel/framework/src/Illuminate/Foundation/Http/Kernel.php(201): Illuminate\\Routing\\Router->dispatch(Object(Illuminate\\Http\\Request))
#57 /Users/ahmedmosaad/Herd/myclass2026-main/vendor/laravel/framework/src/Illuminate/Pipeline/Pipeline.php(170): Illuminate\\Foundation\\Http\\Kernel->{closure:Illuminate\\Foundation\\Http\\Kernel::dispatchToRouter():198}(Object(Illuminate\\Http\\Request))
#58 /Users/ahmedmosaad/Herd/myclass2026-main/vendor/laravel/framework/src/Illuminate/Foundation/Http/Middleware/TransformsRequest.php(21): Illuminate\\Pipeline\\Pipeline->{closure:Illuminate\\Pipeline\\Pipeline::prepareDestination():168}(Object(Illuminate\\Http\\Request))
#59 /Users/ahmedmosaad/Herd/myclass2026-main/vendor/laravel/framework/src/Illuminate/Foundation/Http/Middleware/ConvertEmptyStringsToNull.php(31): Illuminate\\Foundation\\Http\\Middleware\\TransformsRequest->handle(Object(Illuminate\\Http\\Request), Object(Closure))
#60 /Users/ahmedmosaad/Herd/myclass2026-main/vendor/laravel/framework/src/Illuminate/Pipeline/Pipeline.php(209): Illuminate\\Foundation\\Http\\Middleware\\ConvertEmptyStringsToNull->handle(Object(Illuminate\\Http\\Request), Object(Closure))
#61 /Users/ahmedmosaad/Herd/myclass2026-main/vendor/laravel/framework/src/Illuminate/Foundation/Http/Middleware/TransformsRequest.php(21): Illuminate\\Pipeline\\Pipeline->{closure:{closure:Illuminate\\Pipeline\\Pipeline::carry():184}:185}(Object(Illuminate\\Http\\Request))
#62 /Users/ahmedmosaad/Herd/myclass2026-main/vendor/laravel/framework/src/Illuminate/Foundation/Http/Middleware/TrimStrings.php(51): Illuminate\\Foundation\\Http\\Middleware\\TransformsRequest->handle(Object(Illuminate\\Http\\Request), Object(Closure))
#63 /Users/ahmedmosaad/Herd/myclass2026-main/vendor/laravel/framework/src/Illuminate/Pipeline/Pipeline.php(209): Illuminate\\Foundation\\Http\\Middleware\\TrimStrings->handle(Object(Illuminate\\Http\\Request), Object(Closure))
#64 /Users/ahmedmosaad/Herd/myclass2026-main/vendor/laravel/framework/src/Illuminate/Http/Middleware/ValidatePostSize.php(27): Illuminate\\Pipeline\\Pipeline->{closure:{closure:Illuminate\\Pipeline\\Pipeline::carry():184}:185}(Object(Illuminate\\Http\\Request))
#65 /Users/ahmedmosaad/Herd/myclass2026-main/vendor/laravel/framework/src/Illuminate/Pipeline/Pipeline.php(209): Illuminate\\Http\\Middleware\\ValidatePostSize->handle(Object(Illuminate\\Http\\Request), Object(Closure))
#66 /Users/ahmedmosaad/Herd/myclass2026-main/vendor/laravel/framework/src/Illuminate/Foundation/Http/Middleware/PreventRequestsDuringMaintenance.php(110): Illuminate\\Pipeline\\Pipeline->{closure:{closure:Illuminate\\Pipeline\\Pipeline::carry():184}:185}(Object(Illuminate\\Http\\Request))
#67 /Users/ahmedmosaad/Herd/myclass2026-main/vendor/laravel/framework/src/Illuminate/Pipeline/Pipeline.php(209): Illuminate\\Foundation\\Http\\Middleware\\PreventRequestsDuringMaintenance->handle(Object(Illuminate\\Http\\Request), Object(Closure))
#68 /Users/ahmedmosaad/Herd/myclass2026-main/vendor/laravel/framework/src/Illuminate/Http/Middleware/HandleCors.php(49): Illuminate\\Pipeline\\Pipeline->{closure:{closure:Illuminate\\Pipeline\\Pipeline::carry():184}:185}(Object(Illuminate\\Http\\Request))
#69 /Users/ahmedmosaad/Herd/myclass2026-main/vendor/laravel/framework/src/Illuminate/Pipeline/Pipeline.php(209): Illuminate\\Http\\Middleware\\HandleCors->handle(Object(Illuminate\\Http\\Request), Object(Closure))
#70 /Users/ahmedmosaad/Herd/myclass2026-main/vendor/laravel/framework/src/Illuminate/Http/Middleware/TrustProxies.php(58): Illuminate\\Pipeline\\Pipeline->{closure:{closure:Illuminate\\Pipeline\\Pipeline::carry():184}:185}(Object(Illuminate\\Http\\Request))
#71 /Users/ahmedmosaad/Herd/myclass2026-main/vendor/laravel/framework/src/Illuminate/Pipeline/Pipeline.php(209): Illuminate\\Http\\Middleware\\TrustProxies->handle(Object(Illuminate\\Http\\Request), Object(Closure))
#72 /Users/ahmedmosaad/Herd/myclass2026-main/vendor/laravel/framework/src/Illuminate/Foundation/Http/Middleware/InvokeDeferredCallbacks.php(22): Illuminate\\Pipeline\\Pipeline->{closure:{closure:Illuminate\\Pipeline\\Pipeline::carry():184}:185}(Object(Illuminate\\Http\\Request))
#73 /Users/ahmedmosaad/Herd/myclass2026-main/vendor/laravel/framework/src/Illuminate/Pipeline/Pipeline.php(209): Illuminate\\Foundation\\Http\\Middleware\\InvokeDeferredCallbacks->handle(Object(Illuminate\\Http\\Request), Object(Closure))
#74 /Users/ahmedmosaad/Herd/myclass2026-main/vendor/laravel/framework/src/Illuminate/Http/Middleware/ValidatePathEncoding.php(26): Illuminate\\Pipeline\\Pipeline->{closure:{closure:Illuminate\\Pipeline\\Pipeline::carry():184}:185}(Object(Illuminate\\Http\\Request))
#75 /Users/ahmedmosaad/Herd/myclass2026-main/vendor/laravel/framework/src/Illuminate/Pipeline/Pipeline.php(209): Illuminate\\Http\\Middleware\\ValidatePathEncoding->handle(Object(Illuminate\\Http\\Request), Object(Closure))
#76 /Users/ahmedmosaad/Herd/myclass2026-main/vendor/laravel/framework/src/Illuminate/Pipeline/Pipeline.php(127): Illuminate\\Pipeline\\Pipeline->{closure:{closure:Illuminate\\Pipeline\\Pipeline::carry():184}:185}(Object(Illuminate\\Http\\Request))
#77 /Users/ahmedmosaad/Herd/myclass2026-main/vendor/laravel/framework/src/Illuminate/Foundation/Http/Kernel.php(176): Illuminate\\Pipeline\\Pipeline->then(Object(Closure))
#78 /Users/ahmedmosaad/Herd/myclass2026-main/vendor/laravel/framework/src/Illuminate/Foundation/Http/Kernel.php(145): Illuminate\\Foundation\\Http\\Kernel->sendRequestThroughRouter(Object(Illuminate\\Http\\Request))
#79 /Users/ahmedmosaad/Herd/myclass2026-main/vendor/laravel/framework/src/Illuminate/Foundation/Application.php(1220): Illuminate\\Foundation\\Http\\Kernel->handle(Object(Illuminate\\Http\\Request))
#80 /Users/ahmedmosaad/Herd/myclass2026-main/public/index.php(20): Illuminate\\Foundation\\Application->handleRequest(Object(Illuminate\\Http\\Request))
#81 /Users/ahmedmosaad/Herd/myclass2026-main/vendor/laravel/framework/src/Illuminate/Foundation/resources/server.php(23): require_once('/Users/ahmedmos...')
#82 {main}
"} 
[2026-02-07 11:48:17] local.ERROR: include(assets/images/icon-copy.svg): Failed to open stream: No such file or directory {"userId":810,"exception":"[object] (ErrorException(code: 0): include(assets/images/icon-copy.svg): Failed to open stream: No such file or directory at /Users/ahmedmosaad/Herd/myclass2026-main/vendor/symfony/error-handler/ErrorRenderer/HtmlErrorRenderer.php:341)
[stacktrace]
#0 /Users/ahmedmosaad/Herd/myclass2026-main/vendor/laravel/framework/src/Illuminate/Foundation/Bootstrap/HandleExceptions.php(256): Illuminate\\Foundation\\Bootstrap\\HandleExceptions->handleError(2, 'include(assets/...', '/Users/ahmedmos...', 341)
#1 /Users/ahmedmosaad/Herd/myclass2026-main/vendor/symfony/error-handler/ErrorRenderer/HtmlErrorRenderer.php(341): Illuminate\\Foundation\\Bootstrap\\HandleExceptions->{closure:Illuminate\\Foundation\\Bootstrap\\HandleExceptions::forwardsTo():255}(2, 'include(assets/...', '/Users/ahmedmos...', 341)
#2 /Users/ahmedmosaad/Herd/myclass2026-main/vendor/symfony/error-handler/ErrorRenderer/HtmlErrorRenderer.php(341): include('/Users/ahmedmos...')
#3 /Users/ahmedmosaad/Herd/myclass2026-main/vendor/symfony/error-handler/Resources/views/trace.html.php(29): Symfony\\Component\\ErrorHandler\\ErrorRenderer\\HtmlErrorRenderer->include('assets/images/i...')
#4 /Users/ahmedmosaad/Herd/myclass2026-main/vendor/symfony/error-handler/ErrorRenderer/HtmlErrorRenderer.php(341): include('/Users/ahmedmos...')
#5 /Users/ahmedmosaad/Herd/myclass2026-main/vendor/symfony/error-handler/Resources/views/traces.html.php(48): Symfony\\Component\\ErrorHandler\\ErrorRenderer\\HtmlErrorRenderer->include('views/trace.htm...', Array)
#6 /Users/ahmedmosaad/Herd/myclass2026-main/vendor/symfony/error-handler/ErrorRenderer/HtmlErrorRenderer.php(341): include('/Users/ahmedmos...')
#7 /Users/ahmedmosaad/Herd/myclass2026-main/vendor/symfony/error-handler/Resources/views/exception.html.php(54): Symfony\\Component\\ErrorHandler\\ErrorRenderer\\HtmlErrorRenderer->include('views/traces.ht...', Array)
#8 /Users/ahmedmosaad/Herd/myclass2026-main/vendor/symfony/error-handler/ErrorRenderer/HtmlErrorRenderer.php(341): include('/Users/ahmedmos...')
#9 /Users/ahmedmosaad/Herd/myclass2026-main/vendor/symfony/error-handler/Resources/views/exception_full.html.php(35): Symfony\\Component\\ErrorHandler\\ErrorRenderer\\HtmlErrorRenderer->include('views/exception...', Array)
#10 /Users/ahmedmosaad/Herd/myclass2026-main/vendor/symfony/error-handler/ErrorRenderer/HtmlErrorRenderer.php(341): include('/Users/ahmedmos...')
#11 /Users/ahmedmosaad/Herd/myclass2026-main/vendor/symfony/error-handler/ErrorRenderer/HtmlErrorRenderer.php(140): Symfony\\Component\\ErrorHandler\\ErrorRenderer\\HtmlErrorRenderer->include('views/exception...', Array)
#12 /Users/ahmedmosaad/Herd/myclass2026-main/vendor/symfony/error-handler/ErrorRenderer/HtmlErrorRenderer.php(72): Symfony\\Component\\ErrorHandler\\ErrorRenderer\\HtmlErrorRenderer->renderException(Object(Symfony\\Component\\ErrorHandler\\Exception\\FlattenException))
#13 /Users/ahmedmosaad/Herd/myclass2026-main/vendor/laravel/framework/src/Illuminate/Foundation/Exceptions/Handler.php(879): Symfony\\Component\\ErrorHandler\\ErrorRenderer\\HtmlErrorRenderer->render(Object(Symfony\\Component\\ErrorHandler\\Exception\\FlattenException))
#14 /Users/ahmedmosaad/Herd/myclass2026-main/vendor/laravel/framework/src/Illuminate/Foundation/Exceptions/Handler.php(853): Illuminate\\Foundation\\Exceptions\\Handler->renderExceptionWithSymfony(Object(ErrorException), true)
#15 /Users/ahmedmosaad/Herd/myclass2026-main/vendor/laravel/framework/src/Illuminate/Foundation/Exceptions/Handler.php(828): Illuminate\\Foundation\\Exceptions\\Handler->renderExceptionContent(Object(ErrorException))
#16 /Users/ahmedmosaad/Herd/myclass2026-main/vendor/laravel/framework/src/Illuminate/Foundation/Exceptions/Handler.php(807): Illuminate\\Foundation\\Exceptions\\Handler->convertExceptionToResponse(Object(ErrorException))
#17 /Users/ahmedmosaad/Herd/myclass2026-main/vendor/laravel/framework/src/Illuminate/Foundation/Exceptions/Handler.php(706): Illuminate\\Foundation\\Exceptions\\Handler->prepareResponse(Object(Illuminate\\Http\\Request), Object(ErrorException))
#18 /Users/ahmedmosaad/Herd/myclass2026-main/vendor/laravel/framework/src/Illuminate/Foundation/Exceptions/Handler.php(594): Illuminate\\Foundation\\Exceptions\\Handler->renderExceptionResponse(Object(Illuminate\\Http\\Request), Object(ErrorException))
#19 /Users/ahmedmosaad/Herd/myclass2026-main/vendor/laravel/framework/src/Illuminate/Routing/Pipeline.php(51): Illuminate\\Foundation\\Exceptions\\Handler->render(Object(Illuminate\\Http\\Request), Object(ErrorException))
#20 /Users/ahmedmosaad/Herd/myclass2026-main/vendor/laravel/framework/src/Illuminate/Pipeline/Pipeline.php(214): Illuminate\\Routing\\Pipeline->handleException(Object(Illuminate\\Http\\Request), Object(ErrorException))
#21 /Users/ahmedmosaad/Herd/myclass2026-main/app/Http/Middleware/TrackLastActive.php(28): Illuminate\\Pipeline\\Pipeline->{closure:{closure:Illuminate\\Pipeline\\Pipeline::carry():184}:185}(Object(Illuminate\\Http\\Request))
#22 /Users/ahmedmosaad/Herd/myclass2026-main/vendor/laravel/framework/src/Illuminate/Pipeline/Pipeline.php(209): App\\Http\\Middleware\\TrackLastActive->handle(Object(Illuminate\\Http\\Request), Object(Closure))
#23 /Users/ahmedmosaad/Herd/myclass2026-main/app/Http/Middleware/LogPageVisit.php(23): Illuminate\\Pipeline\\Pipeline->{closure:{closure:Illuminate\\Pipeline\\Pipeline::carry():184}:185}(Object(Illuminate\\Http\\Request))
#24 /Users/ahmedmosaad/Herd/myclass2026-main/vendor/laravel/framework/src/Illuminate/Pipeline/Pipeline.php(209): App\\Http\\Middleware\\LogPageVisit->handle(Object(Illuminate\\Http\\Request), Object(Closure))
#25 /Users/ahmedmosaad/Herd/myclass2026-main/vendor/laravel/framework/src/Illuminate/Http/Middleware/AddLinkHeadersForPreloadedAssets.php(20): Illuminate\\Pipeline\\Pipeline->{closure:{closure:Illuminate\\Pipeline\\Pipeline::carry():184}:185}(Object(Illuminate\\Http\\Request))
#26 /Users/ahmedmosaad/Herd/myclass2026-main/vendor/laravel/framework/src/Illuminate/Pipeline/Pipeline.php(209): Illuminate\\Http\\Middleware\\AddLinkHeadersForPreloadedAssets->handle(Object(Illuminate\\Http\\Request), Object(Closure))
#27 /Users/ahmedmosaad/Herd/myclass2026-main/vendor/inertiajs/inertia-laravel/src/Middleware.php(86): Illuminate\\Pipeline\\Pipeline->{closure:{closure:Illuminate\\Pipeline\\Pipeline::carry():184}:185}(Object(Illuminate\\Http\\Request))
#28 /Users/ahmedmosaad/Herd/myclass2026-main/app/Http/Middleware/HandleInertiaRequests.php(94): Inertia\\Middleware->handle(Object(Illuminate\\Http\\Request), Object(Closure))
#29 /Users/ahmedmosaad/Herd/myclass2026-main/vendor/laravel/framework/src/Illuminate/Pipeline/Pipeline.php(209): App\\Http\\Middleware\\HandleInertiaRequests->handle(Object(Illuminate\\Http\\Request), Object(Closure))
#30 /Users/ahmedmosaad/Herd/myclass2026-main/vendor/laravel/jetstream/src/Http/Middleware/ShareInertiaData.php(69): Illuminate\\Pipeline\\Pipeline->{closure:{closure:Illuminate\\Pipeline\\Pipeline::carry():184}:185}(Object(Illuminate\\Http\\Request))
#31 /Users/ahmedmosaad/Herd/myclass2026-main/vendor/laravel/framework/src/Illuminate/Pipeline/Pipeline.php(209): Laravel\\Jetstream\\Http\\Middleware\\ShareInertiaData->handle(Object(Illuminate\\Http\\Request), Object(Closure))
#32 /Users/ahmedmosaad/Herd/myclass2026-main/vendor/laravel/framework/src/Illuminate/Routing/Middleware/SubstituteBindings.php(51): Illuminate\\Pipeline\\Pipeline->{closure:{closure:Illuminate\\Pipeline\\Pipeline::carry():184}:185}(Object(Illuminate\\Http\\Request))
#33 /Users/ahmedmosaad/Herd/myclass2026-main/vendor/laravel/framework/src/Illuminate/Pipeline/Pipeline.php(209): Illuminate\\Routing\\Middleware\\SubstituteBindings->handle(Object(Illuminate\\Http\\Request), Object(Closure))
#34 /Users/ahmedmosaad/Herd/myclass2026-main/vendor/laravel/framework/src/Illuminate/Session/Middleware/AuthenticateSession.php(67): Illuminate\\Pipeline\\Pipeline->{closure:{closure:Illuminate\\Pipeline\\Pipeline::carry():184}:185}(Object(Illuminate\\Http\\Request))
#35 /Users/ahmedmosaad/Herd/myclass2026-main/vendor/laravel/framework/src/Illuminate/Pipeline/Pipeline.php(209): Illuminate\\Session\\Middleware\\AuthenticateSession->handle(Object(Illuminate\\Http\\Request), Object(Closure))
#36 /Users/ahmedmosaad/Herd/myclass2026-main/vendor/laravel/framework/src/Illuminate/Auth/Middleware/Authenticate.php(64): Illuminate\\Pipeline\\Pipeline->{closure:{closure:Illuminate\\Pipeline\\Pipeline::carry():184}:185}(Object(Illuminate\\Http\\Request))
#37 /Users/ahmedmosaad/Herd/myclass2026-main/vendor/laravel/framework/src/Illuminate/Pipeline/Pipeline.php(209): Illuminate\\Auth\\Middleware\\Authenticate->handle(Object(Illuminate\\Http\\Request), Object(Closure), 'sanctum')
#38 /Users/ahmedmosaad/Herd/myclass2026-main/vendor/laravel/framework/src/Illuminate/Foundation/Http/Middleware/VerifyCsrfToken.php(88): Illuminate\\Pipeline\\Pipeline->{closure:{closure:Illuminate\\Pipeline\\Pipeline::carry():184}:185}(Object(Illuminate\\Http\\Request))
#39 /Users/ahmedmosaad/Herd/myclass2026-main/vendor/laravel/framework/src/Illuminate/Pipeline/Pipeline.php(209): Illuminate\\Foundation\\Http\\Middleware\\VerifyCsrfToken->handle(Object(Illuminate\\Http\\Request), Object(Closure))
#40 /Users/ahmedmosaad/Herd/myclass2026-main/vendor/laravel/framework/src/Illuminate/View/Middleware/ShareErrorsFromSession.php(49): Illuminate\\Pipeline\\Pipeline->{closure:{closure:Illuminate\\Pipeline\\Pipeline::carry():184}:185}(Object(Illuminate\\Http\\Request))
#41 /Users/ahmedmosaad/Herd/myclass2026-main/vendor/laravel/framework/src/Illuminate/Pipeline/Pipeline.php(209): Illuminate\\View\\Middleware\\ShareErrorsFromSession->handle(Object(Illuminate\\Http\\Request), Object(Closure))
#42 /Users/ahmedmosaad/Herd/myclass2026-main/vendor/laravel/framework/src/Illuminate/Session/Middleware/StartSession.php(121): Illuminate\\Pipeline\\Pipeline->{closure:{closure:Illuminate\\Pipeline\\Pipeline::carry():184}:185}(Object(Illuminate\\Http\\Request))
#43 /Users/ahmedmosaad/Herd/myclass2026-main/vendor/laravel/framework/src/Illuminate/Session/Middleware/StartSession.php(64): Illuminate\\Session\\Middleware\\StartSession->handleStatefulRequest(Object(Illuminate\\Http\\Request), Object(Illuminate\\Session\\Store), Object(Closure))
#44 /Users/ahmedmosaad/Herd/myclass2026-main/vendor/laravel/framework/src/Illuminate/Pipeline/Pipeline.php(209): Illuminate\\Session\\Middleware\\StartSession->handle(Object(Illuminate\\Http\\Request), Object(Closure))
#45 /Users/ahmedmosaad/Herd/myclass2026-main/vendor/laravel/framework/src/Illuminate/Cookie/Middleware/AddQueuedCookiesToResponse.php(37): Illuminate\\Pipeline\\Pipeline->{closure:{closure:Illuminate\\Pipeline\\Pipeline::carry():184}:185}(Object(Illuminate\\Http\\Request))
#46 /Users/ahmedmosaad/Herd/myclass2026-main/vendor/laravel/framework/src/Illuminate/Pipeline/Pipeline.php(209): Illuminate\\Cookie\\Middleware\\AddQueuedCookiesToResponse->handle(Object(Illuminate\\Http\\Request), Object(Closure))
#47 /Users/ahmedmosaad/Herd/myclass2026-main/vendor/laravel/framework/src/Illuminate/Cookie/Middleware/EncryptCookies.php(75): Illuminate\\Pipeline\\Pipeline->{closure:{closure:Illuminate\\Pipeline\\Pipeline::carry():184}:185}(Object(Illuminate\\Http\\Request))
#48 /Users/ahmedmosaad/Herd/myclass2026-main/vendor/laravel/framework/src/Illuminate/Pipeline/Pipeline.php(209): Illuminate\\Cookie\\Middleware\\EncryptCookies->handle(Object(Illuminate\\Http\\Request), Object(Closure))
#49 /Users/ahmedmosaad/Herd/myclass2026-main/vendor/laravel/framework/src/Illuminate/Pipeline/Pipeline.php(127): Illuminate\\Pipeline\\Pipeline->{closure:{closure:Illuminate\\Pipeline\\Pipeline::carry():184}:185}(Object(Illuminate\\Http\\Request))
#50 /Users/ahmedmosaad/Herd/myclass2026-main/vendor/laravel/framework/src/Illuminate/Routing/Router.php(807): Illuminate\\Pipeline\\Pipeline->then(Object(Closure))
#51 /Users/ahmedmosaad/Herd/myclass2026-main/vendor/laravel/framework/src/Illuminate/Routing/Router.php(786): Illuminate\\Routing\\Router->runRouteWithinStack(Object(Illuminate\\Routing\\Route), Object(Illuminate\\Http\\Request))
#52 /Users/ahmedmosaad/Herd/myclass2026-main/vendor/laravel/framework/src/Illuminate/Routing/Router.php(750): Illuminate\\Routing\\Router->runRoute(Object(Illuminate\\Http\\Request), Object(Illuminate\\Routing\\Route))
#53 /Users/ahmedmosaad/Herd/myclass2026-main/vendor/laravel/framework/src/Illuminate/Routing/Router.php(739): Illuminate\\Routing\\Router->dispatchToRoute(Object(Illuminate\\Http\\Request))
#54 /Users/ahmedmosaad/Herd/myclass2026-main/vendor/laravel/framework/src/Illuminate/Foundation/Http/Kernel.php(201): Illuminate\\Routing\\Router->dispatch(Object(Illuminate\\Http\\Request))
#55 /Users/ahmedmosaad/Herd/myclass2026-main/vendor/laravel/framework/src/Illuminate/Pipeline/Pipeline.php(170): Illuminate\\Foundation\\Http\\Kernel->{closure:Illuminate\\Foundation\\Http\\Kernel::dispatchToRouter():198}(Object(Illuminate\\Http\\Request))
#56 /Users/ahmedmosaad/Herd/myclass2026-main/vendor/laravel/framework/src/Illuminate/Foundation/Http/Middleware/TransformsRequest.php(21): Illuminate\\Pipeline\\Pipeline->{closure:Illuminate\\Pipeline\\Pipeline::prepareDestination():168}(Object(Illuminate\\Http\\Request))
#57 /Users/ahmedmosaad/Herd/myclass2026-main/vendor/laravel/framework/src/Illuminate/Foundation/Http/Middleware/ConvertEmptyStringsToNull.php(31): Illuminate\\Foundation\\Http\\Middleware\\TransformsRequest->handle(Object(Illuminate\\Http\\Request), Object(Closure))
#58 /Users/ahmedmosaad/Herd/myclass2026-main/vendor/laravel/framework/src/Illuminate/Pipeline/Pipeline.php(209): Illuminate\\Foundation\\Http\\Middleware\\ConvertEmptyStringsToNull->handle(Object(Illuminate\\Http\\Request), Object(Closure))
#59 /Users/ahmedmosaad/Herd/myclass2026-main/vendor/laravel/framework/src/Illuminate/Foundation/Http/Middleware/TransformsRequest.php(21): Illuminate\\Pipeline\\Pipeline->{closure:{closure:Illuminate\\Pipeline\\Pipeline::carry():184}:185}(Object(Illuminate\\Http\\Request))
#60 /Users/ahmedmosaad/Herd/myclass2026-main/vendor/laravel/framework/src/Illuminate/Foundation/Http/Middleware/TrimStrings.php(51): Illuminate\\Foundation\\Http\\Middleware\\TransformsRequest->handle(Object(Illuminate\\Http\\Request), Object(Closure))
#61 /Users/ahmedmosaad/Herd/myclass2026-main/vendor/laravel/framework/src/Illuminate/Pipeline/Pipeline.php(209): Illuminate\\Foundation\\Http\\Middleware\\TrimStrings->handle(Object(Illuminate\\Http\\Request), Object(Closure))
#62 /Users/ahmedmosaad/Herd/myclass2026-main/vendor/laravel/framework/src/Illuminate/Http/Middleware/ValidatePostSize.php(27): Illuminate\\Pipeline\\Pipeline->{closure:{closure:Illuminate\\Pipeline\\Pipeline::carry():184}:185}(Object(Illuminate\\Http\\Request))
#63 /Users/ahmedmosaad/Herd/myclass2026-main/vendor/laravel/framework/src/Illuminate/Pipeline/Pipeline.php(209): Illuminate\\Http\\Middleware\\ValidatePostSize->handle(Object(Illuminate\\Http\\Request), Object(Closure))
#64 /Users/ahmedmosaad/Herd/myclass2026-main/vendor/laravel/framework/src/Illuminate/Foundation/Http/Middleware/PreventRequestsDuringMaintenance.php(110): Illuminate\\Pipeline\\Pipeline->{closure:{closure:Illuminate\\Pipeline\\Pipeline::carry():184}:185}(Object(Illuminate\\Http\\Request))
#65 /Users/ahmedmosaad/Herd/myclass2026-main/vendor/laravel/framework/src/Illuminate/Pipeline/Pipeline.php(209): Illuminate\\Foundation\\Http\\Middleware\\PreventRequestsDuringMaintenance->handle(Object(Illuminate\\Http\\Request), Object(Closure))
#66 /Users/ahmedmosaad/Herd/myclass2026-main/vendor/laravel/framework/src/Illuminate/Http/Middleware/HandleCors.php(49): Illuminate\\Pipeline\\Pipeline->{closure:{closure:Illuminate\\Pipeline\\Pipeline::carry():184}:185}(Object(Illuminate\\Http\\Request))
#67 /Users/ahmedmosaad/Herd/myclass2026-main/vendor/laravel/framework/src/Illuminate/Pipeline/Pipeline.php(209): Illuminate\\Http\\Middleware\\HandleCors->handle(Object(Illuminate\\Http\\Request), Object(Closure))
#68 /Users/ahmedmosaad/Herd/myclass2026-main/vendor/laravel/framework/src/Illuminate/Http/Middleware/TrustProxies.php(58): Illuminate\\Pipeline\\Pipeline->{closure:{closure:Illuminate\\Pipeline\\Pipeline::carry():184}:185}(Object(Illuminate\\Http\\Request))
#69 /Users/ahmedmosaad/Herd/myclass2026-main/vendor/laravel/framework/src/Illuminate/Pipeline/Pipeline.php(209): Illuminate\\Http\\Middleware\\TrustProxies->handle(Object(Illuminate\\Http\\Request), Object(Closure))
#70 /Users/ahmedmosaad/Herd/myclass2026-main/vendor/laravel/framework/src/Illuminate/Foundation/Http/Middleware/InvokeDeferredCallbacks.php(22): Illuminate\\Pipeline\\Pipeline->{closure:{closure:Illuminate\\Pipeline\\Pipeline::carry():184}:185}(Object(Illuminate\\Http\\Request))
#71 /Users/ahmedmosaad/Herd/myclass2026-main/vendor/laravel/framework/src/Illuminate/Pipeline/Pipeline.php(209): Illuminate\\Foundation\\Http\\Middleware\\InvokeDeferredCallbacks->handle(Object(Illuminate\\Http\\Request), Object(Closure))
#72 /Users/ahmedmosaad/Herd/myclass2026-main/vendor/laravel/framework/src/Illuminate/Http/Middleware/ValidatePathEncoding.php(26): Illuminate\\Pipeline\\Pipeline->{closure:{closure:Illuminate\\Pipeline\\Pipeline::carry():184}:185}(Object(Illuminate\\Http\\Request))
#73 /Users/ahmedmosaad/Herd/myclass2026-main/vendor/laravel/framework/src/Illuminate/Pipeline/Pipeline.php(209): Illuminate\\Http\\Middleware\\ValidatePathEncoding->handle(Object(Illuminate\\Http\\Request), Object(Closure))
#74 /Users/ahmedmosaad/Herd/myclass2026-main/vendor/laravel/framework/src/Illuminate/Pipeline/Pipeline.php(127): Illuminate\\Pipeline\\Pipeline->{closure:{closure:Illuminate\\Pipeline\\Pipeline::carry():184}:185}(Object(Illuminate\\Http\\Request))
#75 /Users/ahmedmosaad/Herd/myclass2026-main/vendor/laravel/framework/src/Illuminate/Foundation/Http/Kernel.php(176): Illuminate\\Pipeline\\Pipeline->then(Object(Closure))
#76 /Users/ahmedmosaad/Herd/myclass2026-main/vendor/laravel/framework/src/Illuminate/Foundation/Http/Kernel.php(145): Illuminate\\Foundation\\Http\\Kernel->sendRequestThroughRouter(Object(Illuminate\\Http\\Request))
#77 /Users/ahmedmosaad/Herd/myclass2026-main/vendor/laravel/framework/src/Illuminate/Foundation/Application.php(1220): Illuminate\\Foundation\\Http\\Kernel->handle(Object(Illuminate\\Http\\Request))
#78 /Users/ahmedmosaad/Herd/myclass2026-main/public/index.php(20): Illuminate\\Foundation\\Application->handleRequest(Object(Illuminate\\Http\\Request))
#79 /Users/ahmedmosaad/Herd/myclass2026-main/vendor/laravel/framework/src/Illuminate/Foundation/resources/server.php(23): require_once('/Users/ahmedmos...')
#80 {main}
"} 
[2026-02-07 11:48:17] local.ERROR: include(assets/images/icon-copy.svg): Failed to open stream: No such file or directory {"userId":810,"exception":"[object] (ErrorException(code: 0): include(assets/images/icon-copy.svg): Failed to open stream: No such file or directory at /Users/ahmedmosaad/Herd/myclass2026-main/vendor/symfony/error-handler/ErrorRenderer/HtmlErrorRenderer.php:341)
[stacktrace]
#0 /Users/ahmedmosaad/Herd/myclass2026-main/vendor/laravel/framework/src/Illuminate/Foundation/Bootstrap/HandleExceptions.php(256): Illuminate\\Foundation\\Bootstrap\\HandleExceptions->handleError(2, 'include(assets/...', '/Users/ahmedmos...', 341)
#1 /Users/ahmedmosaad/Herd/myclass2026-main/vendor/symfony/error-handler/ErrorRenderer/HtmlErrorRenderer.php(341): Illuminate\\Foundation\\Bootstrap\\HandleExceptions->{closure:Illuminate\\Foundation\\Bootstrap\\HandleExceptions::forwardsTo():255}(2, 'include(assets/...', '/Users/ahmedmos...', 341)
#2 /Users/ahmedmosaad/Herd/myclass2026-main/vendor/symfony/error-handler/ErrorRenderer/HtmlErrorRenderer.php(341): include('/Users/ahmedmos...')
#3 /Users/ahmedmosaad/Herd/myclass2026-main/vendor/symfony/error-handler/Resources/views/trace.html.php(29): Symfony\\Component\\ErrorHandler\\ErrorRenderer\\HtmlErrorRenderer->include('assets/images/i...')
#4 /Users/ahmedmosaad/Herd/myclass2026-main/vendor/symfony/error-handler/ErrorRenderer/HtmlErrorRenderer.php(341): include('/Users/ahmedmos...')
#5 /Users/ahmedmosaad/Herd/myclass2026-main/vendor/symfony/error-handler/Resources/views/traces.html.php(48): Symfony\\Component\\ErrorHandler\\ErrorRenderer\\HtmlErrorRenderer->include('views/trace.htm...', Array)
#6 /Users/ahmedmosaad/Herd/myclass2026-main/vendor/symfony/error-handler/ErrorRenderer/HtmlErrorRenderer.php(341): include('/Users/ahmedmos...')
#7 /Users/ahmedmosaad/Herd/myclass2026-main/vendor/symfony/error-handler/Resources/views/exception.html.php(54): Symfony\\Component\\ErrorHandler\\ErrorRenderer\\HtmlErrorRenderer->include('views/traces.ht...', Array)
#8 /Users/ahmedmosaad/Herd/myclass2026-main/vendor/symfony/error-handler/ErrorRenderer/HtmlErrorRenderer.php(341): include('/Users/ahmedmos...')
#9 /Users/ahmedmosaad/Herd/myclass2026-main/vendor/symfony/error-handler/Resources/views/exception_full.html.php(35): Symfony\\Component\\ErrorHandler\\ErrorRenderer\\HtmlErrorRenderer->include('views/exception...', Array)
#10 /Users/ahmedmosaad/Herd/myclass2026-main/vendor/symfony/error-handler/ErrorRenderer/HtmlErrorRenderer.php(341): include('/Users/ahmedmos...')
#11 /Users/ahmedmosaad/Herd/myclass2026-main/vendor/symfony/error-handler/ErrorRenderer/HtmlErrorRenderer.php(140): Symfony\\Component\\ErrorHandler\\ErrorRenderer\\HtmlErrorRenderer->include('views/exception...', Array)
#12 /Users/ahmedmosaad/Herd/myclass2026-main/vendor/symfony/error-handler/ErrorRenderer/HtmlErrorRenderer.php(72): Symfony\\Component\\ErrorHandler\\ErrorRenderer\\HtmlErrorRenderer->renderException(Object(Symfony\\Component\\ErrorHandler\\Exception\\FlattenException))
#13 /Users/ahmedmosaad/Herd/myclass2026-main/vendor/laravel/framework/src/Illuminate/Foundation/Exceptions/Handler.php(879): Symfony\\Component\\ErrorHandler\\ErrorRenderer\\HtmlErrorRenderer->render(Object(Symfony\\Component\\ErrorHandler\\Exception\\FlattenException))
#14 /Users/ahmedmosaad/Herd/myclass2026-main/vendor/laravel/framework/src/Illuminate/Foundation/Exceptions/Handler.php(853): Illuminate\\Foundation\\Exceptions\\Handler->renderExceptionWithSymfony(Object(ErrorException), true)
#15 /Users/ahmedmosaad/Herd/myclass2026-main/vendor/laravel/framework/src/Illuminate/Foundation/Exceptions/Handler.php(828): Illuminate\\Foundation\\Exceptions\\Handler->renderExceptionContent(Object(ErrorException))
#16 /Users/ahmedmosaad/Herd/myclass2026-main/vendor/laravel/framework/src/Illuminate/Foundation/Exceptions/Handler.php(807): Illuminate\\Foundation\\Exceptions\\Handler->convertExceptionToResponse(Object(ErrorException))
#17 /Users/ahmedmosaad/Herd/myclass2026-main/vendor/laravel/framework/src/Illuminate/Foundation/Exceptions/Handler.php(706): Illuminate\\Foundation\\Exceptions\\Handler->prepareResponse(Object(Illuminate\\Http\\Request), Object(ErrorException))
#18 /Users/ahmedmosaad/Herd/myclass2026-main/vendor/laravel/framework/src/Illuminate/Foundation/Exceptions/Handler.php(594): Illuminate\\Foundation\\Exceptions\\Handler->renderExceptionResponse(Object(Illuminate\\Http\\Request), Object(ErrorException))
#19 /Users/ahmedmosaad/Herd/myclass2026-main/vendor/laravel/framework/src/Illuminate/Routing/Pipeline.php(51): Illuminate\\Foundation\\Exceptions\\Handler->render(Object(Illuminate\\Http\\Request), Object(ErrorException))
#20 /Users/ahmedmosaad/Herd/myclass2026-main/vendor/laravel/framework/src/Illuminate/Pipeline/Pipeline.php(214): Illuminate\\Routing\\Pipeline->handleException(Object(Illuminate\\Http\\Request), Object(ErrorException))
#21 /Users/ahmedmosaad/Herd/myclass2026-main/app/Http/Middleware/LogPageVisit.php(23): Illuminate\\Pipeline\\Pipeline->{closure:{closure:Illuminate\\Pipeline\\Pipeline::carry():184}:185}(Object(Illuminate\\Http\\Request))
#22 /Users/ahmedmosaad/Herd/myclass2026-main/vendor/laravel/framework/src/Illuminate/Pipeline/Pipeline.php(209): App\\Http\\Middleware\\LogPageVisit->handle(Object(Illuminate\\Http\\Request), Object(Closure))
#23 /Users/ahmedmosaad/Herd/myclass2026-main/vendor/laravel/framework/src/Illuminate/Http/Middleware/AddLinkHeadersForPreloadedAssets.php(20): Illuminate\\Pipeline\\Pipeline->{closure:{closure:Illuminate\\Pipeline\\Pipeline::carry():184}:185}(Object(Illuminate\\Http\\Request))
#24 /Users/ahmedmosaad/Herd/myclass2026-main/vendor/laravel/framework/src/Illuminate/Pipeline/Pipeline.php(209): Illuminate\\Http\\Middleware\\AddLinkHeadersForPreloadedAssets->handle(Object(Illuminate\\Http\\Request), Object(Closure))
#25 /Users/ahmedmosaad/Herd/myclass2026-main/vendor/inertiajs/inertia-laravel/src/Middleware.php(86): Illuminate\\Pipeline\\Pipeline->{closure:{closure:Illuminate\\Pipeline\\Pipeline::carry():184}:185}(Object(Illuminate\\Http\\Request))
#26 /Users/ahmedmosaad/Herd/myclass2026-main/app/Http/Middleware/HandleInertiaRequests.php(94): Inertia\\Middleware->handle(Object(Illuminate\\Http\\Request), Object(Closure))
#27 /Users/ahmedmosaad/Herd/myclass2026-main/vendor/laravel/framework/src/Illuminate/Pipeline/Pipeline.php(209): App\\Http\\Middleware\\HandleInertiaRequests->handle(Object(Illuminate\\Http\\Request), Object(Closure))
#28 /Users/ahmedmosaad/Herd/myclass2026-main/vendor/laravel/jetstream/src/Http/Middleware/ShareInertiaData.php(69): Illuminate\\Pipeline\\Pipeline->{closure:{closure:Illuminate\\Pipeline\\Pipeline::carry():184}:185}(Object(Illuminate\\Http\\Request))
#29 /Users/ahmedmosaad/Herd/myclass2026-main/vendor/laravel/framework/src/Illuminate/Pipeline/Pipeline.php(209): Laravel\\Jetstream\\Http\\Middleware\\ShareInertiaData->handle(Object(Illuminate\\Http\\Request), Object(Closure))
#30 /Users/ahmedmosaad/Herd/myclass2026-main/vendor/laravel/framework/src/Illuminate/Routing/Middleware/SubstituteBindings.php(51): Illuminate\\Pipeline\\Pipeline->{closure:{closure:Illuminate\\Pipeline\\Pipeline::carry():184}:185}(Object(Illuminate\\Http\\Request))
#31 /Users/ahmedmosaad/Herd/myclass2026-main/vendor/laravel/framework/src/Illuminate/Pipeline/Pipeline.php(209): Illuminate\\Routing\\Middleware\\SubstituteBindings->handle(Object(Illuminate\\Http\\Request), Object(Closure))
#32 /Users/ahmedmosaad/Herd/myclass2026-main/vendor/laravel/framework/src/Illuminate/Session/Middleware/AuthenticateSession.php(67): Illuminate\\Pipeline\\Pipeline->{closure:{closure:Illuminate\\Pipeline\\Pipeline::carry():184}:185}(Object(Illuminate\\Http\\Request))
#33 /Users/ahmedmosaad/Herd/myclass2026-main/vendor/laravel/framework/src/Illuminate/Pipeline/Pipeline.php(209): Illuminate\\Session\\Middleware\\AuthenticateSession->handle(Object(Illuminate\\Http\\Request), Object(Closure))
#34 /Users/ahmedmosaad/Herd/myclass2026-main/vendor/laravel/framework/src/Illuminate/Auth/Middleware/Authenticate.php(64): Illuminate\\Pipeline\\Pipeline->{closure:{closure:Illuminate\\Pipeline\\Pipeline::carry():184}:185}(Object(Illuminate\\Http\\Request))
#35 /Users/ahmedmosaad/Herd/myclass2026-main/vendor/laravel/framework/src/Illuminate/Pipeline/Pipeline.php(209): Illuminate\\Auth\\Middleware\\Authenticate->handle(Object(Illuminate\\Http\\Request), Object(Closure), 'sanctum')
#36 /Users/ahmedmosaad/Herd/myclass2026-main/vendor/laravel/framework/src/Illuminate/Foundation/Http/Middleware/VerifyCsrfToken.php(88): Illuminate\\Pipeline\\Pipeline->{closure:{closure:Illuminate\\Pipeline\\Pipeline::carry():184}:185}(Object(Illuminate\\Http\\Request))
#37 /Users/ahmedmosaad/Herd/myclass2026-main/vendor/laravel/framework/src/Illuminate/Pipeline/Pipeline.php(209): Illuminate\\Foundation\\Http\\Middleware\\VerifyCsrfToken->handle(Object(Illuminate\\Http\\Request), Object(Closure))
#38 /Users/ahmedmosaad/Herd/myclass2026-main/vendor/laravel/framework/src/Illuminate/View/Middleware/ShareErrorsFromSession.php(49): Illuminate\\Pipeline\\Pipeline->{closure:{closure:Illuminate\\Pipeline\\Pipeline::carry():184}:185}(Object(Illuminate\\Http\\Request))
#39 /Users/ahmedmosaad/Herd/myclass2026-main/vendor/laravel/framework/src/Illuminate/Pipeline/Pipeline.php(209): Illuminate\\View\\Middleware\\ShareErrorsFromSession->handle(Object(Illuminate\\Http\\Request), Object(Closure))
#40 /Users/ahmedmosaad/Herd/myclass2026-main/vendor/laravel/framework/src/Illuminate/Session/Middleware/StartSession.php(121): Illuminate\\Pipeline\\Pipeline->{closure:{closure:Illuminate\\Pipeline\\Pipeline::carry():184}:185}(Object(Illuminate\\Http\\Request))
#41 /Users/ahmedmosaad/Herd/myclass2026-main/vendor/laravel/framework/src/Illuminate/Session/Middleware/StartSession.php(64): Illuminate\\Session\\Middleware\\StartSession->handleStatefulRequest(Object(Illuminate\\Http\\Request), Object(Illuminate\\Session\\Store), Object(Closure))
#42 /Users/ahmedmosaad/Herd/myclass2026-main/vendor/laravel/framework/src/Illuminate/Pipeline/Pipeline.php(209): Illuminate\\Session\\Middleware\\StartSession->handle(Object(Illuminate\\Http\\Request), Object(Closure))
#43 /Users/ahmedmosaad/Herd/myclass2026-main/vendor/laravel/framework/src/Illuminate/Cookie/Middleware/AddQueuedCookiesToResponse.php(37): Illuminate\\Pipeline\\Pipeline->{closure:{closure:Illuminate\\Pipeline\\Pipeline::carry():184}:185}(Object(Illuminate\\Http\\Request))
#44 /Users/ahmedmosaad/Herd/myclass2026-main/vendor/laravel/framework/src/Illuminate/Pipeline/Pipeline.php(209): Illuminate\\Cookie\\Middleware\\AddQueuedCookiesToResponse->handle(Object(Illuminate\\Http\\Request), Object(Closure))
#45 /Users/ahmedmosaad/Herd/myclass2026-main/vendor/laravel/framework/src/Illuminate/Cookie/Middleware/EncryptCookies.php(75): Illuminate\\Pipeline\\Pipeline->{closure:{closure:Illuminate\\Pipeline\\Pipeline::carry():184}:185}(Object(Illuminate\\Http\\Request))
#46 /Users/ahmedmosaad/Herd/myclass2026-main/vendor/laravel/framework/src/Illuminate/Pipeline/Pipeline.php(209): Illuminate\\Cookie\\Middleware\\EncryptCookies->handle(Object(Illuminate\\Http\\Request), Object(Closure))
#47 /Users/ahmedmosaad/Herd/myclass2026-main/vendor/laravel/framework/src/Illuminate/Pipeline/Pipeline.php(127): Illuminate\\Pipeline\\Pipeline->{closure:{closure:Illuminate\\Pipeline\\Pipeline::carry():184}:185}(Object(Illuminate\\Http\\Request))
#48 /Users/ahmedmosaad/Herd/myclass2026-main/vendor/laravel/framework/src/Illuminate/Routing/Router.php(807): Illuminate\\Pipeline\\Pipeline->then(Object(Closure))
#49 /Users/ahmedmosaad/Herd/myclass2026-main/vendor/laravel/framework/src/Illuminate/Routing/Router.php(786): Illuminate\\Routing\\Router->runRouteWithinStack(Object(Illuminate\\Routing\\Route), Object(Illuminate\\Http\\Request))
#50 /Users/ahmedmosaad/Herd/myclass2026-main/vendor/laravel/framework/src/Illuminate/Routing/Router.php(750): Illuminate\\Routing\\Router->runRoute(Object(Illuminate\\Http\\Request), Object(Illuminate\\Routing\\Route))
#51 /Users/ahmedmosaad/Herd/myclass2026-main/vendor/laravel/framework/src/Illuminate/Routing/Router.php(739): Illuminate\\Routing\\Router->dispatchToRoute(Object(Illuminate\\Http\\Request))
#52 /Users/ahmedmosaad/Herd/myclass2026-main/vendor/laravel/framework/src/Illuminate/Foundation/Http/Kernel.php(201): Illuminate\\Routing\\Router->dispatch(Object(Illuminate\\Http\\Request))
#53 /Users/ahmedmosaad/Herd/myclass2026-main/vendor/laravel/framework/src/Illuminate/Pipeline/Pipeline.php(170): Illuminate\\Foundation\\Http\\Kernel->{closure:Illuminate\\Foundation\\Http\\Kernel::dispatchToRouter():198}(Object(Illuminate\\Http\\Request))
#54 /Users/ahmedmosaad/Herd/myclass2026-main/vendor/laravel/framework/src/Illuminate/Foundation/Http/Middleware/TransformsRequest.php(21): Illuminate\\Pipeline\\Pipeline->{closure:Illuminate\\Pipeline\\Pipeline::prepareDestination():168}(Object(Illuminate\\Http\\Request))
#55 /Users/ahmedmosaad/Herd/myclass2026-main/vendor/laravel/framework/src/Illuminate/Foundation/Http/Middleware/ConvertEmptyStringsToNull.php(31): Illuminate\\Foundation\\Http\\Middleware\\TransformsRequest->handle(Object(Illuminate\\Http\\Request), Object(Closure))
#56 /Users/ahmedmosaad/Herd/myclass2026-main/vendor/laravel/framework/src/Illuminate/Pipeline/Pipeline.php(209): Illuminate\\Foundation\\Http\\Middleware\\ConvertEmptyStringsToNull->handle(Object(Illuminate\\Http\\Request), Object(Closure))
#57 /Users/ahmedmosaad/Herd/myclass2026-main/vendor/laravel/framework/src/Illuminate/Foundation/Http/Middleware/TransformsRequest.php(21): Illuminate\\Pipeline\\Pipeline->{closure:{closure:Illuminate\\Pipeline\\Pipeline::carry():184}:185}(Object(Illuminate\\Http\\Request))
#58 /Users/ahmedmosaad/Herd/myclass2026-main/vendor/laravel/framework/src/Illuminate/Foundation/Http/Middleware/TrimStrings.php(51): Illuminate\\Foundation\\Http\\Middleware\\TransformsRequest->handle(Object(Illuminate\\Http\\Request), Object(Closure))
#59 /Users/ahmedmosaad/Herd/myclass2026-main/vendor/laravel/framework/src/Illuminate/Pipeline/Pipeline.php(209): Illuminate\\Foundation\\Http\\Middleware\\TrimStrings->handle(Object(Illuminate\\Http\\Request), Object(Closure))
#60 /Users/ahmedmosaad/Herd/myclass2026-main/vendor/laravel/framework/src/Illuminate/Http/Middleware/ValidatePostSize.php(27): Illuminate\\Pipeline\\Pipeline->{closure:{closure:Illuminate\\Pipeline\\Pipeline::carry():184}:185}(Object(Illuminate\\Http\\Request))
#61 /Users/ahmedmosaad/Herd/myclass2026-main/vendor/laravel/framework/src/Illuminate/Pipeline/Pipeline.php(209): Illuminate\\Http\\Middleware\\ValidatePostSize->handle(Object(Illuminate\\Http\\Request), Object(Closure))
#62 /Users/ahmedmosaad/Herd/myclass2026-main/vendor/laravel/framework/src/Illuminate/Foundation/Http/Middleware/PreventRequestsDuringMaintenance.php(110): Illuminate\\Pipeline\\Pipeline->{closure:{closure:Illuminate\\Pipeline\\Pipeline::carry():184}:185}(Object(Illuminate\\Http\\Request))
#63 /Users/ahmedmosaad/Herd/myclass2026-main/vendor/laravel/framework/src/Illuminate/Pipeline/Pipeline.php(209): Illuminate\\Foundation\\Http\\Middleware\\PreventRequestsDuringMaintenance->handle(Object(Illuminate\\Http\\Request), Object(Closure))
#64 /Users/ahmedmosaad/Herd/myclass2026-main/vendor/laravel/framework/src/Illuminate/Http/Middleware/HandleCors.php(49): Illuminate\\Pipeline\\Pipeline->{closure:{closure:Illuminate\\Pipeline\\Pipeline::carry():184}:185}(Object(Illuminate\\Http\\Request))
#65 /Users/ahmedmosaad/Herd/myclass2026-main/vendor/laravel/framework/src/Illuminate/Pipeline/Pipeline.php(209): Illuminate\\Http\\Middleware\\HandleCors->handle(Object(Illuminate\\Http\\Request), Object(Closure))
#66 /Users/ahmedmosaad/Herd/myclass2026-main/vendor/laravel/framework/src/Illuminate/Http/Middleware/TrustProxies.php(58): Illuminate\\Pipeline\\Pipeline->{closure:{closure:Illuminate\\Pipeline\\Pipeline::carry():184}:185}(Object(Illuminate\\Http\\Request))
#67 /Users/ahmedmosaad/Herd/myclass2026-main/vendor/laravel/framework/src/Illuminate/Pipeline/Pipeline.php(209): Illuminate\\Http\\Middleware\\TrustProxies->handle(Object(Illuminate\\Http\\Request), Object(Closure))
#68 /Users/ahmedmosaad/Herd/myclass2026-main/vendor/laravel/framework/src/Illuminate/Foundation/Http/Middleware/InvokeDeferredCallbacks.php(22): Illuminate\\Pipeline\\Pipeline->{closure:{closure:Illuminate\\Pipeline\\Pipeline::carry():184}:185}(Object(Illuminate\\Http\\Request))
#69 /Users/ahmedmosaad/Herd/myclass2026-main/vendor/laravel/framework/src/Illuminate/Pipeline/Pipeline.php(209): Illuminate\\Foundation\\Http\\Middleware\\InvokeDeferredCallbacks->handle(Object(Illuminate\\Http\\Request), Object(Closure))
#70 /Users/ahmedmosaad/Herd/myclass2026-main/vendor/laravel/framework/src/Illuminate/Http/Middleware/ValidatePathEncoding.php(26): Illuminate\\Pipeline\\Pipeline->{closure:{closure:Illuminate\\Pipeline\\Pipeline::carry():184}:185}(Object(Illuminate\\Http\\Request))
#71 /Users/ahmedmosaad/Herd/myclass2026-main/vendor/laravel/framework/src/Illuminate/Pipeline/Pipeline.php(209): Illuminate\\Http\\Middleware\\ValidatePathEncoding->handle(Object(Illuminate\\Http\\Request), Object(Closure))
#72 /Users/ahmedmosaad/Herd/myclass2026-main/vendor/laravel/framework/src/Illuminate/Pipeline/Pipeline.php(127): Illuminate\\Pipeline\\Pipeline->{closure:{closure:Illuminate\\Pipeline\\Pipeline::carry():184}:185}(Object(Illuminate\\Http\\Request))
#73 /Users/ahmedmosaad/Herd/myclass2026-main/vendor/laravel/framework/src/Illuminate/Foundation/Http/Kernel.php(176): Illuminate\\Pipeline\\Pipeline->then(Object(Closure))
#74 /Users/ahmedmosaad/Herd/myclass2026-main/vendor/laravel/framework/src/Illuminate/Foundation/Http/Kernel.php(145): Illuminate\\Foundation\\Http\\Kernel->sendRequestThroughRouter(Object(Illuminate\\Http\\Request))
#75 /Users/ahmedmosaad/Herd/myclass2026-main/vendor/laravel/framework/src/Illuminate/Foundation/Application.php(1220): Illuminate\\Foundation\\Http\\Kernel->handle(Object(Illuminate\\Http\\Request))
#76 /Users/ahmedmosaad/Herd/myclass2026-main/public/index.php(20): Illuminate\\Foundation\\Application->handleRequest(Object(Illuminate\\Http\\Request))
#77 /Users/ahmedmosaad/Herd/myclass2026-main/vendor/laravel/framework/src/Illuminate/Foundation/resources/server.php(23): require_once('/Users/ahmedmos...')
#78 {main}
"} 
[2026-02-07 11:48:17] local.ERROR: include(assets/images/icon-copy.svg): Failed to open stream: No such file or directory {"userId":810,"exception":"[object] (ErrorException(code: 0): include(assets/images/icon-copy.svg): Failed to open stream: No such file or directory at /Users/ahmedmosaad/Herd/myclass2026-main/vendor/symfony/error-handler/ErrorRenderer/HtmlErrorRenderer.php:341)
[stacktrace]
#0 /Users/ahmedmosaad/Herd/myclass2026-main/vendor/laravel/framework/src/Illuminate/Foundation/Bootstrap/HandleExceptions.php(256): Illuminate\\Foundation\\Bootstrap\\HandleExceptions->handleError(2, 'include(assets/...', '/Users/ahmedmos...', 341)
#1 /Users/ahmedmosaad/Herd/myclass2026-main/vendor/symfony/error-handler/ErrorRenderer/HtmlErrorRenderer.php(341): Illuminate\\Foundation\\Bootstrap\\HandleExceptions->{closure:Illuminate\\Foundation\\Bootstrap\\HandleExceptions::forwardsTo():255}(2, 'include(assets/...', '/Users/ahmedmos...', 341)
#2 /Users/ahmedmosaad/Herd/myclass2026-main/vendor/symfony/error-handler/ErrorRenderer/HtmlErrorRenderer.php(341): include('/Users/ahmedmos...')
#3 /Users/ahmedmosaad/Herd/myclass2026-main/vendor/symfony/error-handler/Resources/views/trace.html.php(29): Symfony\\Component\\ErrorHandler\\ErrorRenderer\\HtmlErrorRenderer->include('assets/images/i...')
#4 /Users/ahmedmosaad/Herd/myclass2026-main/vendor/symfony/error-handler/ErrorRenderer/HtmlErrorRenderer.php(341): include('/Users/ahmedmos...')
#5 /Users/ahmedmosaad/Herd/myclass2026-main/vendor/symfony/error-handler/Resources/views/traces.html.php(48): Symfony\\Component\\ErrorHandler\\ErrorRenderer\\HtmlErrorRenderer->include('views/trace.htm...', Array)
#6 /Users/ahmedmosaad/Herd/myclass2026-main/vendor/symfony/error-handler/ErrorRenderer/HtmlErrorRenderer.php(341): include('/Users/ahmedmos...')
#7 /Users/ahmedmosaad/Herd/myclass2026-main/vendor/symfony/error-handler/Resources/views/exception.html.php(54): Symfony\\Component\\ErrorHandler\\ErrorRenderer\\HtmlErrorRenderer->include('views/traces.ht...', Array)
#8 /Users/ahmedmosaad/Herd/myclass2026-main/vendor/symfony/error-handler/ErrorRenderer/HtmlErrorRenderer.php(341): include('/Users/ahmedmos...')
#9 /Users/ahmedmosaad/Herd/myclass2026-main/vendor/symfony/error-handler/Resources/views/exception_full.html.php(35): Symfony\\Component\\ErrorHandler\\ErrorRenderer\\HtmlErrorRenderer->include('views/exception...', Array)
#10 /Users/ahmedmosaad/Herd/myclass2026-main/vendor/symfony/error-handler/ErrorRenderer/HtmlErrorRenderer.php(341): include('/Users/ahmedmos...')
#11 /Users/ahmedmosaad/Herd/myclass2026-main/vendor/symfony/error-handler/ErrorRenderer/HtmlErrorRenderer.php(140): Symfony\\Component\\ErrorHandler\\ErrorRenderer\\HtmlErrorRenderer->include('views/exception...', Array)
#12 /Users/ahmedmosaad/Herd/myclass2026-main/vendor/symfony/error-handler/ErrorRenderer/HtmlErrorRenderer.php(72): Symfony\\Component\\ErrorHandler\\ErrorRenderer\\HtmlErrorRenderer->renderException(Object(Symfony\\Component\\ErrorHandler\\Exception\\FlattenException))
#13 /Users/ahmedmosaad/Herd/myclass2026-main/vendor/laravel/framework/src/Illuminate/Foundation/Exceptions/Handler.php(879): Symfony\\Component\\ErrorHandler\\ErrorRenderer\\HtmlErrorRenderer->render(Object(Symfony\\Component\\ErrorHandler\\Exception\\FlattenException))
#14 /Users/ahmedmosaad/Herd/myclass2026-main/vendor/laravel/framework/src/Illuminate/Foundation/Exceptions/Handler.php(853): Illuminate\\Foundation\\Exceptions\\Handler->renderExceptionWithSymfony(Object(ErrorException), true)
#15 /Users/ahmedmosaad/Herd/myclass2026-main/vendor/laravel/framework/src/Illuminate/Foundation/Exceptions/Handler.php(828): Illuminate\\Foundation\\Exceptions\\Handler->renderExceptionContent(Object(ErrorException))
#16 /Users/ahmedmosaad/Herd/myclass2026-main/vendor/laravel/framework/src/Illuminate/Foundation/Exceptions/Handler.php(807): Illuminate\\Foundation\\Exceptions\\Handler->convertExceptionToResponse(Object(ErrorException))
#17 /Users/ahmedmosaad/Herd/myclass2026-main/vendor/laravel/framework/src/Illuminate/Foundation/Exceptions/Handler.php(706): Illuminate\\Foundation\\Exceptions\\Handler->prepareResponse(Object(Illuminate\\Http\\Request), Object(ErrorException))
#18 /Users/ahmedmosaad/Herd/myclass2026-main/vendor/laravel/framework/src/Illuminate/Foundation/Exceptions/Handler.php(594): Illuminate\\Foundation\\Exceptions\\Handler->renderExceptionResponse(Object(Illuminate\\Http\\Request), Object(ErrorException))
#19 /Users/ahmedmosaad/Herd/myclass2026-main/vendor/laravel/framework/src/Illuminate/Routing/Pipeline.php(51): Illuminate\\Foundation\\Exceptions\\Handler->render(Object(Illuminate\\Http\\Request), Object(ErrorException))
#20 /Users/ahmedmosaad/Herd/myclass2026-main/vendor/laravel/framework/src/Illuminate/Pipeline/Pipeline.php(214): Illuminate\\Routing\\Pipeline->handleException(Object(Illuminate\\Http\\Request), Object(ErrorException))
#21 /Users/ahmedmosaad/Herd/myclass2026-main/vendor/laravel/framework/src/Illuminate/Http/Middleware/AddLinkHeadersForPreloadedAssets.php(20): Illuminate\\Pipeline\\Pipeline->{closure:{closure:Illuminate\\Pipeline\\Pipeline::carry():184}:185}(Object(Illuminate\\Http\\Request))
#22 /Users/ahmedmosaad/Herd/myclass2026-main/vendor/laravel/framework/src/Illuminate/Pipeline/Pipeline.php(209): Illuminate\\Http\\Middleware\\AddLinkHeadersForPreloadedAssets->handle(Object(Illuminate\\Http\\Request), Object(Closure))
#23 /Users/ahmedmosaad/Herd/myclass2026-main/vendor/inertiajs/inertia-laravel/src/Middleware.php(86): Illuminate\\Pipeline\\Pipeline->{closure:{closure:Illuminate\\Pipeline\\Pipeline::carry():184}:185}(Object(Illuminate\\Http\\Request))
#24 /Users/ahmedmosaad/Herd/myclass2026-main/app/Http/Middleware/HandleInertiaRequests.php(94): Inertia\\Middleware->handle(Object(Illuminate\\Http\\Request), Object(Closure))
#25 /Users/ahmedmosaad/Herd/myclass2026-main/vendor/laravel/framework/src/Illuminate/Pipeline/Pipeline.php(209): App\\Http\\Middleware\\HandleInertiaRequests->handle(Object(Illuminate\\Http\\Request), Object(Closure))
#26 /Users/ahmedmosaad/Herd/myclass2026-main/vendor/laravel/jetstream/src/Http/Middleware/ShareInertiaData.php(69): Illuminate\\Pipeline\\Pipeline->{closure:{closure:Illuminate\\Pipeline\\Pipeline::carry():184}:185}(Object(Illuminate\\Http\\Request))
#27 /Users/ahmedmosaad/Herd/myclass2026-main/vendor/laravel/framework/src/Illuminate/Pipeline/Pipeline.php(209): Laravel\\Jetstream\\Http\\Middleware\\ShareInertiaData->handle(Object(Illuminate\\Http\\Request), Object(Closure))
#28 /Users/ahmedmosaad/Herd/myclass2026-main/vendor/laravel/framework/src/Illuminate/Routing/Middleware/SubstituteBindings.php(51): Illuminate\\Pipeline\\Pipeline->{closure:{closure:Illuminate\\Pipeline\\Pipeline::carry():184}:185}(Object(Illuminate\\Http\\Request))
#29 /Users/ahmedmosaad/Herd/myclass2026-main/vendor/laravel/framework/src/Illuminate/Pipeline/Pipeline.php(209): Illuminate\\Routing\\Middleware\\SubstituteBindings->handle(Object(Illuminate\\Http\\Request), Object(Closure))
#30 /Users/ahmedmosaad/Herd/myclass2026-main/vendor/laravel/framework/src/Illuminate/Session/Middleware/AuthenticateSession.php(67): Illuminate\\Pipeline\\Pipeline->{closure:{closure:Illuminate\\Pipeline\\Pipeline::carry():184}:185}(Object(Illuminate\\Http\\Request))
#31 /Users/ahmedmosaad/Herd/myclass2026-main/vendor/laravel/framework/src/Illuminate/Pipeline/Pipeline.php(209): Illuminate\\Session\\Middleware\\AuthenticateSession->handle(Object(Illuminate\\Http\\Request), Object(Closure))
#32 /Users/ahmedmosaad/Herd/myclass2026-main/vendor/laravel/framework/src/Illuminate/Auth/Middleware/Authenticate.php(64): Illuminate\\Pipeline\\Pipeline->{closure:{closure:Illuminate\\Pipeline\\Pipeline::carry():184}:185}(Object(Illuminate\\Http\\Request))
#33 /Users/ahmedmosaad/Herd/myclass2026-main/vendor/laravel/framework/src/Illuminate/Pipeline/Pipeline.php(209): Illuminate\\Auth\\Middleware\\Authenticate->handle(Object(Illuminate\\Http\\Request), Object(Closure), 'sanctum')
#34 /Users/ahmedmosaad/Herd/myclass2026-main/vendor/laravel/framework/src/Illuminate/Foundation/Http/Middleware/VerifyCsrfToken.php(88): Illuminate\\Pipeline\\Pipeline->{closure:{closure:Illuminate\\Pipeline\\Pipeline::carry():184}:185}(Object(Illuminate\\Http\\Request))
#35 /Users/ahmedmosaad/Herd/myclass2026-main/vendor/laravel/framework/src/Illuminate/Pipeline/Pipeline.php(209): Illuminate\\Foundation\\Http\\Middleware\\VerifyCsrfToken->handle(Object(Illuminate\\Http\\Request), Object(Closure))
#36 /Users/ahmedmosaad/Herd/myclass2026-main/vendor/laravel/framework/src/Illuminate/View/Middleware/ShareErrorsFromSession.php(49): Illuminate\\Pipeline\\Pipeline->{closure:{closure:Illuminate\\Pipeline\\Pipeline::carry():184}:185}(Object(Illuminate\\Http\\Request))
#37 /Users/ahmedmosaad/Herd/myclass2026-main/vendor/laravel/framework/src/Illuminate/Pipeline/Pipeline.php(209): Illuminate\\View\\Middleware\\ShareErrorsFromSession->handle(Object(Illuminate\\Http\\Request), Object(Closure))
#38 /Users/ahmedmosaad/Herd/myclass2026-main/vendor/laravel/framework/src/Illuminate/Session/Middleware/StartSession.php(121): Illuminate\\Pipeline\\Pipeline->{closure:{closure:Illuminate\\Pipeline\\Pipeline::carry():184}:185}(Object(Illuminate\\Http\\Request))
#39 /Users/ahmedmosaad/Herd/myclass2026-main/vendor/laravel/framework/src/Illuminate/Session/Middleware/StartSession.php(64): Illuminate\\Session\\Middleware\\StartSession->handleStatefulRequest(Object(Illuminate\\Http\\Request), Object(Illuminate\\Session\\Store), Object(Closure))
#40 /Users/ahmedmosaad/Herd/myclass2026-main/vendor/laravel/framework/src/Illuminate/Pipeline/Pipeline.php(209): Illuminate\\Session\\Middleware\\StartSession->handle(Object(Illuminate\\Http\\Request), Object(Closure))
#41 /Users/ahmedmosaad/Herd/myclass2026-main/vendor/laravel/framework/src/Illuminate/Cookie/Middleware/AddQueuedCookiesToResponse.php(37): Illuminate\\Pipeline\\Pipeline->{closure:{closure:Illuminate\\Pipeline\\Pipeline::carry():184}:185}(Object(Illuminate\\Http\\Request))
#42 /Users/ahmedmosaad/Herd/myclass2026-main/vendor/laravel/framework/src/Illuminate/Pipeline/Pipeline.php(209): Illuminate\\Cookie\\Middleware\\AddQueuedCookiesToResponse->handle(Object(Illuminate\\Http\\Request), Object(Closure))
#43 /Users/ahmedmosaad/Herd/myclass2026-main/vendor/laravel/framework/src/Illuminate/Cookie/Middleware/EncryptCookies.php(75): Illuminate\\Pipeline\\Pipeline->{closure:{closure:Illuminate\\Pipeline\\Pipeline::carry():184}:185}(Object(Illuminate\\Http\\Request))
#44 /Users/ahmedmosaad/Herd/myclass2026-main/vendor/laravel/framework/src/Illuminate/Pipeline/Pipeline.php(209): Illuminate\\Cookie\\Middleware\\EncryptCookies->handle(Object(Illuminate\\Http\\Request), Object(Closure))
#45 /Users/ahmedmosaad/Herd/myclass2026-main/vendor/laravel/framework/src/Illuminate/Pipeline/Pipeline.php(127): Illuminate\\Pipeline\\Pipeline->{closure:{closure:Illuminate\\Pipeline\\Pipeline::carry():184}:185}(Object(Illuminate\\Http\\Request))
#46 /Users/ahmedmosaad/Herd/myclass2026-main/vendor/laravel/framework/src/Illuminate/Routing/Router.php(807): Illuminate\\Pipeline\\Pipeline->then(Object(Closure))
#47 /Users/ahmedmosaad/Herd/myclass2026-main/vendor/laravel/framework/src/Illuminate/Routing/Router.php(786): Illuminate\\Routing\\Router->runRouteWithinStack(Object(Illuminate\\Routing\\Route), Object(Illuminate\\Http\\Request))
#48 /Users/ahmedmosaad/Herd/myclass2026-main/vendor/laravel/framework/src/Illuminate/Routing/Router.php(750): Illuminate\\Routing\\Router->runRoute(Object(Illuminate\\Http\\Request), Object(Illuminate\\Routing\\Route))
#49 /Users/ahmedmosaad/Herd/myclass2026-main/vendor/laravel/framework/src/Illuminate/Routing/Router.php(739): Illuminate\\Routing\\Router->dispatchToRoute(Object(Illuminate\\Http\\Request))
#50 /Users/ahmedmosaad/Herd/myclass2026-main/vendor/laravel/framework/src/Illuminate/Foundation/Http/Kernel.php(201): Illuminate\\Routing\\Router->dispatch(Object(Illuminate\\Http\\Request))
#51 /Users/ahmedmosaad/Herd/myclass2026-main/vendor/laravel/framework/src/Illuminate/Pipeline/Pipeline.php(170): Illuminate\\Foundation\\Http\\Kernel->{closure:Illuminate\\Foundation\\Http\\Kernel::dispatchToRouter():198}(Object(Illuminate\\Http\\Request))
#52 /Users/ahmedmosaad/Herd/myclass2026-main/vendor/laravel/framework/src/Illuminate/Foundation/Http/Middleware/TransformsRequest.php(21): Illuminate\\Pipeline\\Pipeline->{closure:Illuminate\\Pipeline\\Pipeline::prepareDestination():168}(Object(Illuminate\\Http\\Request))
#53 /Users/ahmedmosaad/Herd/myclass2026-main/vendor/laravel/framework/src/Illuminate/Foundation/Http/Middleware/ConvertEmptyStringsToNull.php(31): Illuminate\\Foundation\\Http\\Middleware\\TransformsRequest->handle(Object(Illuminate\\Http\\Request), Object(Closure))
#54 /Users/ahmedmosaad/Herd/myclass2026-main/vendor/laravel/framework/src/Illuminate/Pipeline/Pipeline.php(209): Illuminate\\Foundation\\Http\\Middleware\\ConvertEmptyStringsToNull->handle(Object(Illuminate\\Http\\Request), Object(Closure))
#55 /Users/ahmedmosaad/Herd/myclass2026-main/vendor/laravel/framework/src/Illuminate/Foundation/Http/Middleware/TransformsRequest.php(21): Illuminate\\Pipeline\\Pipeline->{closure:{closure:Illuminate\\Pipeline\\Pipeline::carry():184}:185}(Object(Illuminate\\Http\\Request))
#56 /Users/ahmedmosaad/Herd/myclass2026-main/vendor/laravel/framework/src/Illuminate/Foundation/Http/Middleware/TrimStrings.php(51): Illuminate\\Foundation\\Http\\Middleware\\TransformsRequest->handle(Object(Illuminate\\Http\\Request), Object(Closure))
#57 /Users/ahmedmosaad/Herd/myclass2026-main/vendor/laravel/framework/src/Illuminate/Pipeline/Pipeline.php(209): Illuminate\\Foundation\\Http\\Middleware\\TrimStrings->handle(Object(Illuminate\\Http\\Request), Object(Closure))
#58 /Users/ahmedmosaad/Herd/myclass2026-main/vendor/laravel/framework/src/Illuminate/Http/Middleware/ValidatePostSize.php(27): Illuminate\\Pipeline\\Pipeline->{closure:{closure:Illuminate\\Pipeline\\Pipeline::carry():184}:185}(Object(Illuminate\\Http\\Request))
#59 /Users/ahmedmosaad/Herd/myclass2026-main/vendor/laravel/framework/src/Illuminate/Pipeline/Pipeline.php(209): Illuminate\\Http\\Middleware\\ValidatePostSize->handle(Object(Illuminate\\Http\\Request), Object(Closure))
#60 /Users/ahmedmosaad/Herd/myclass2026-main/vendor/laravel/framework/src/Illuminate/Foundation/Http/Middleware/PreventRequestsDuringMaintenance.php(110): Illuminate\\Pipeline\\Pipeline->{closure:{closure:Illuminate\\Pipeline\\Pipeline::carry():184}:185}(Object(Illuminate\\Http\\Request))
#61 /Users/ahmedmosaad/Herd/myclass2026-main/vendor/laravel/framework/src/Illuminate/Pipeline/Pipeline.php(209): Illuminate\\Foundation\\Http\\Middleware\\PreventRequestsDuringMaintenance->handle(Object(Illuminate\\Http\\Request), Object(Closure))
#62 /Users/ahmedmosaad/Herd/myclass2026-main/vendor/laravel/framework/src/Illuminate/Http/Middleware/HandleCors.php(49): Illuminate\\Pipeline\\Pipeline->{closure:{closure:Illuminate\\Pipeline\\Pipeline::carry():184}:185}(Object(Illuminate\\Http\\Request))
#63 /Users/ahmedmosaad/Herd/myclass2026-main/vendor/laravel/framework/src/Illuminate/Pipeline/Pipeline.php(209): Illuminate\\Http\\Middleware\\HandleCors->handle(Object(Illuminate\\Http\\Request), Object(Closure))
#64 /Users/ahmedmosaad/Herd/myclass2026-main/vendor/laravel/framework/src/Illuminate/Http/Middleware/TrustProxies.php(58): Illuminate\\Pipeline\\Pipeline->{closure:{closure:Illuminate\\Pipeline\\Pipeline::carry():184}:185}(Object(Illuminate\\Http\\Request))
#65 /Users/ahmedmosaad/Herd/myclass2026-main/vendor/laravel/framework/src/Illuminate/Pipeline/Pipeline.php(209): Illuminate\\Http\\Middleware\\TrustProxies->handle(Object(Illuminate\\Http\\Request), Object(Closure))
#66 /Users/ahmedmosaad/Herd/myclass2026-main/vendor/laravel/framework/src/Illuminate/Foundation/Http/Middleware/InvokeDeferredCallbacks.php(22): Illuminate\\Pipeline\\Pipeline->{closure:{closure:Illuminate\\Pipeline\\Pipeline::carry():184}:185}(Object(Illuminate\\Http\\Request))
#67 /Users/ahmedmosaad/Herd/myclass2026-main/vendor/laravel/framework/src/Illuminate/Pipeline/Pipeline.php(209): Illuminate\\Foundation\\Http\\Middleware\\InvokeDeferredCallbacks->handle(Object(Illuminate\\Http\\Request), Object(Closure))
#68 /Users/ahmedmosaad/Herd/myclass2026-main/vendor/laravel/framework/src/Illuminate/Http/Middleware/ValidatePathEncoding.php(26): Illuminate\\Pipeline\\Pipeline->{closure:{closure:Illuminate\\Pipeline\\Pipeline::carry():184}:185}(Object(Illuminate\\Http\\Request))
#69 /Users/ahmedmosaad/Herd/myclass2026-main/vendor/laravel/framework/src/Illuminate/Pipeline/Pipeline.php(209): Illuminate\\Http\\Middleware\\ValidatePathEncoding->handle(Object(Illuminate\\Http\\Request), Object(Closure))
#70 /Users/ahmedmosaad/Herd/myclass2026-main/vendor/laravel/framework/src/Illuminate/Pipeline/Pipeline.php(127): Illuminate\\Pipeline\\Pipeline->{closure:{closure:Illuminate\\Pipeline\\Pipeline::carry():184}:185}(Object(Illuminate\\Http\\Request))
#71 /Users/ahmedmosaad/Herd/myclass2026-main/vendor/laravel/framework/src/Illuminate/Foundation/Http/Kernel.php(176): Illuminate\\Pipeline\\Pipeline->then(Object(Closure))
#72 /Users/ahmedmosaad/Herd/myclass2026-main/vendor/laravel/framework/src/Illuminate/Foundation/Http/Kernel.php(145): Illuminate\\Foundation\\Http\\Kernel->sendRequestThroughRouter(Object(Illuminate\\Http\\Request))
#73 /Users/ahmedmosaad/Herd/myclass2026-main/vendor/laravel/framework/src/Illuminate/Foundation/Application.php(1220): Illuminate\\Foundation\\Http\\Kernel->handle(Object(Illuminate\\Http\\Request))
#74 /Users/ahmedmosaad/Herd/myclass2026-main/public/index.php(20): Illuminate\\Foundation\\Application->handleRequest(Object(Illuminate\\Http\\Request))
#75 /Users/ahmedmosaad/Herd/myclass2026-main/vendor/laravel/framework/src/Illuminate/Foundation/resources/server.php(23): require_once('/Users/ahmedmos...')
#76 {main}
"} 
[2026-02-07 11:48:17] local.ERROR: include(assets/images/icon-copy.svg): Failed to open stream: No such file or directory {"userId":810,"exception":"[object] (ErrorException(code: 0): include(assets/images/icon-copy.svg): Failed to open stream: No such file or directory at /Users/ahmedmosaad/Herd/myclass2026-main/vendor/symfony/error-handler/ErrorRenderer/HtmlErrorRenderer.php:341)
[stacktrace]
#0 /Users/ahmedmosaad/Herd/myclass2026-main/vendor/laravel/framework/src/Illuminate/Foundation/Bootstrap/HandleExceptions.php(256): Illuminate\\Foundation\\Bootstrap\\HandleExceptions->handleError(2, 'include(assets/...', '/Users/ahmedmos...', 341)
#1 /Users/ahmedmosaad/Herd/myclass2026-main/vendor/symfony/error-handler/ErrorRenderer/HtmlErrorRenderer.php(341): Illuminate\\Foundation\\Bootstrap\\HandleExceptions->{closure:Illuminate\\Foundation\\Bootstrap\\HandleExceptions::forwardsTo():255}(2, 'include(assets/...', '/Users/ahmedmos...', 341)
#2 /Users/ahmedmosaad/Herd/myclass2026-main/vendor/symfony/error-handler/ErrorRenderer/HtmlErrorRenderer.php(341): include('/Users/ahmedmos...')
#3 /Users/ahmedmosaad/Herd/myclass2026-main/vendor/symfony/error-handler/Resources/views/trace.html.php(29): Symfony\\Component\\ErrorHandler\\ErrorRenderer\\HtmlErrorRenderer->include('assets/images/i...')
#4 /Users/ahmedmosaad/Herd/myclass2026-main/vendor/symfony/error-handler/ErrorRenderer/HtmlErrorRenderer.php(341): include('/Users/ahmedmos...')
#5 /Users/ahmedmosaad/Herd/myclass2026-main/vendor/symfony/error-handler/Resources/views/traces.html.php(48): Symfony\\Component\\ErrorHandler\\ErrorRenderer\\HtmlErrorRenderer->include('views/trace.htm...', Array)
#6 /Users/ahmedmosaad/Herd/myclass2026-main/vendor/symfony/error-handler/ErrorRenderer/HtmlErrorRenderer.php(341): include('/Users/ahmedmos...')
#7 /Users/ahmedmosaad/Herd/myclass2026-main/vendor/symfony/error-handler/Resources/views/exception.html.php(54): Symfony\\Component\\ErrorHandler\\ErrorRenderer\\HtmlErrorRenderer->include('views/traces.ht...', Array)
#8 /Users/ahmedmosaad/Herd/myclass2026-main/vendor/symfony/error-handler/ErrorRenderer/HtmlErrorRenderer.php(341): include('/Users/ahmedmos...')
#9 /Users/ahmedmosaad/Herd/myclass2026-main/vendor/symfony/error-handler/Resources/views/exception_full.html.php(35): Symfony\\Component\\ErrorHandler\\ErrorRenderer\\HtmlErrorRenderer->include('views/exception...', Array)
#10 /Users/ahmedmosaad/Herd/myclass2026-main/vendor/symfony/error-handler/ErrorRenderer/HtmlErrorRenderer.php(341): include('/Users/ahmedmos...')
#11 /Users/ahmedmosaad/Herd/myclass2026-main/vendor/symfony/error-handler/ErrorRenderer/HtmlErrorRenderer.php(140): Symfony\\Component\\ErrorHandler\\ErrorRenderer\\HtmlErrorRenderer->include('views/exception...', Array)
#12 /Users/ahmedmosaad/Herd/myclass2026-main/vendor/symfony/error-handler/ErrorRenderer/HtmlErrorRenderer.php(72): Symfony\\Component\\ErrorHandler\\ErrorRenderer\\HtmlErrorRenderer->renderException(Object(Symfony\\Component\\ErrorHandler\\Exception\\FlattenException))
#13 /Users/ahmedmosaad/Herd/myclass2026-main/vendor/laravel/framework/src/Illuminate/Foundation/Exceptions/Handler.php(879): Symfony\\Component\\ErrorHandler\\ErrorRenderer\\HtmlErrorRenderer->render(Object(Symfony\\Component\\ErrorHandler\\Exception\\FlattenException))
#14 /Users/ahmedmosaad/Herd/myclass2026-main/vendor/laravel/framework/src/Illuminate/Foundation/Exceptions/Handler.php(853): Illuminate\\Foundation\\Exceptions\\Handler->renderExceptionWithSymfony(Object(ErrorException), true)
#15 /Users/ahmedmosaad/Herd/myclass2026-main/vendor/laravel/framework/src/Illuminate/Foundation/Exceptions/Handler.php(828): Illuminate\\Foundation\\Exceptions\\Handler->renderExceptionContent(Object(ErrorException))
#16 /Users/ahmedmosaad/Herd/myclass2026-main/vendor/laravel/framework/src/Illuminate/Foundation/Exceptions/Handler.php(807): Illuminate\\Foundation\\Exceptions\\Handler->convertExceptionToResponse(Object(ErrorException))
#17 /Users/ahmedmosaad/Herd/myclass2026-main/vendor/laravel/framework/src/Illuminate/Foundation/Exceptions/Handler.php(706): Illuminate\\Foundation\\Exceptions\\Handler->prepareResponse(Object(Illuminate\\Http\\Request), Object(ErrorException))
#18 /Users/ahmedmosaad/Herd/myclass2026-main/vendor/laravel/framework/src/Illuminate/Foundation/Exceptions/Handler.php(594): Illuminate\\Foundation\\Exceptions\\Handler->renderExceptionResponse(Object(Illuminate\\Http\\Request), Object(ErrorException))
#19 /Users/ahmedmosaad/Herd/myclass2026-main/vendor/laravel/framework/src/Illuminate/Routing/Pipeline.php(51): Illuminate\\Foundation\\Exceptions\\Handler->render(Object(Illuminate\\Http\\Request), Object(ErrorException))
#20 /Users/ahmedmosaad/Herd/myclass2026-main/vendor/laravel/framework/src/Illuminate/Pipeline/Pipeline.php(214): Illuminate\\Routing\\Pipeline->handleException(Object(Illuminate\\Http\\Request), Object(ErrorException))
#21 /Users/ahmedmosaad/Herd/myclass2026-main/vendor/inertiajs/inertia-laravel/src/Middleware.php(86): Illuminate\\Pipeline\\Pipeline->{closure:{closure:Illuminate\\Pipeline\\Pipeline::carry():184}:185}(Object(Illuminate\\Http\\Request))
#22 /Users/ahmedmosaad/Herd/myclass2026-main/app/Http/Middleware/HandleInertiaRequests.php(94): Inertia\\Middleware->handle(Object(Illuminate\\Http\\Request), Object(Closure))
#23 /Users/ahmedmosaad/Herd/myclass2026-main/vendor/laravel/framework/src/Illuminate/Pipeline/Pipeline.php(209): App\\Http\\Middleware\\HandleInertiaRequests->handle(Object(Illuminate\\Http\\Request), Object(Closure))
#24 /Users/ahmedmosaad/Herd/myclass2026-main/vendor/laravel/jetstream/src/Http/Middleware/ShareInertiaData.php(69): Illuminate\\Pipeline\\Pipeline->{closure:{closure:Illuminate\\Pipeline\\Pipeline::carry():184}:185}(Object(Illuminate\\Http\\Request))
#25 /Users/ahmedmosaad/Herd/myclass2026-main/vendor/laravel/framework/src/Illuminate/Pipeline/Pipeline.php(209): Laravel\\Jetstream\\Http\\Middleware\\ShareInertiaData->handle(Object(Illuminate\\Http\\Request), Object(Closure))
#26 /Users/ahmedmosaad/Herd/myclass2026-main/vendor/laravel/framework/src/Illuminate/Routing/Middleware/SubstituteBindings.php(51): Illuminate\\Pipeline\\Pipeline->{closure:{closure:Illuminate\\Pipeline\\Pipeline::carry():184}:185}(Object(Illuminate\\Http\\Request))
#27 /Users/ahmedmosaad/Herd/myclass2026-main/vendor/laravel/framework/src/Illuminate/Pipeline/Pipeline.php(209): Illuminate\\Routing\\Middleware\\SubstituteBindings->handle(Object(Illuminate\\Http\\Request), Object(Closure))
#28 /Users/ahmedmosaad/Herd/myclass2026-main/vendor/laravel/framework/src/Illuminate/Session/Middleware/AuthenticateSession.php(67): Illuminate\\Pipeline\\Pipeline->{closure:{closure:Illuminate\\Pipeline\\Pipeline::carry():184}:185}(Object(Illuminate\\Http\\Request))
#29 /Users/ahmedmosaad/Herd/myclass2026-main/vendor/laravel/framework/src/Illuminate/Pipeline/Pipeline.php(209): Illuminate\\Session\\Middleware\\AuthenticateSession->handle(Object(Illuminate\\Http\\Request), Object(Closure))
#30 /Users/ahmedmosaad/Herd/myclass2026-main/vendor/laravel/framework/src/Illuminate/Auth/Middleware/Authenticate.php(64): Illuminate\\Pipeline\\Pipeline->{closure:{closure:Illuminate\\Pipeline\\Pipeline::carry():184}:185}(Object(Illuminate\\Http\\Request))
#31 /Users/ahmedmosaad/Herd/myclass2026-main/vendor/laravel/framework/src/Illuminate/Pipeline/Pipeline.php(209): Illuminate\\Auth\\Middleware\\Authenticate->handle(Object(Illuminate\\Http\\Request), Object(Closure), 'sanctum')
#32 /Users/ahmedmosaad/Herd/myclass2026-main/vendor/laravel/framework/src/Illuminate/Foundation/Http/Middleware/VerifyCsrfToken.php(88): Illuminate\\Pipeline\\Pipeline->{closure:{closure:Illuminate\\Pipeline\\Pipeline::carry():184}:185}(Object(Illuminate\\Http\\Request))
#33 /Users/ahmedmosaad/Herd/myclass2026-main/vendor/laravel/framework/src/Illuminate/Pipeline/Pipeline.php(209): Illuminate\\Foundation\\Http\\Middleware\\VerifyCsrfToken->handle(Object(Illuminate\\Http\\Request), Object(Closure))
#34 /Users/ahmedmosaad/Herd/myclass2026-main/vendor/laravel/framework/src/Illuminate/View/Middleware/ShareErrorsFromSession.php(49): Illuminate\\Pipeline\\Pipeline->{closure:{closure:Illuminate\\Pipeline\\Pipeline::carry():184}:185}(Object(Illuminate\\Http\\Request))
#35 /Users/ahmedmosaad/Herd/myclass2026-main/vendor/laravel/framework/src/Illuminate/Pipeline/Pipeline.php(209): Illuminate\\View\\Middleware\\ShareErrorsFromSession->handle(Object(Illuminate\\Http\\Request), Object(Closure))
#36 /Users/ahmedmosaad/Herd/myclass2026-main/vendor/laravel/framework/src/Illuminate/Session/Middleware/StartSession.php(121): Illuminate\\Pipeline\\Pipeline->{closure:{closure:Illuminate\\Pipeline\\Pipeline::carry():184}:185}(Object(Illuminate\\Http\\Request))
#37 /Users/ahmedmosaad/Herd/myclass2026-main/vendor/laravel/framework/src/Illuminate/Session/Middleware/StartSession.php(64): Illuminate\\Session\\Middleware\\StartSession->handleStatefulRequest(Object(Illuminate\\Http\\Request), Object(Illuminate\\Session\\Store), Object(Closure))
#38 /Users/ahmedmosaad/Herd/myclass2026-main/vendor/laravel/framework/src/Illuminate/Pipeline/Pipeline.php(209): Illuminate\\Session\\Middleware\\StartSession->handle(Object(Illuminate\\Http\\Request), Object(Closure))
#39 /Users/ahmedmosaad/Herd/myclass2026-main/vendor/laravel/framework/src/Illuminate/Cookie/Middleware/AddQueuedCookiesToResponse.php(37): Illuminate\\Pipeline\\Pipeline->{closure:{closure:Illuminate\\Pipeline\\Pipeline::carry():184}:185}(Object(Illuminate\\Http\\Request))
#40 /Users/ahmedmosaad/Herd/myclass2026-main/vendor/laravel/framework/src/Illuminate/Pipeline/Pipeline.php(209): Illuminate\\Cookie\\Middleware\\AddQueuedCookiesToResponse->handle(Object(Illuminate\\Http\\Request), Object(Closure))
#41 /Users/ahmedmosaad/Herd/myclass2026-main/vendor/laravel/framework/src/Illuminate/Cookie/Middleware/EncryptCookies.php(75): Illuminate\\Pipeline\\Pipeline->{closure:{closure:Illuminate\\Pipeline\\Pipeline::carry():184}:185}(Object(Illuminate\\Http\\Request))
#42 /Users/ahmedmosaad/Herd/myclass2026-main/vendor/laravel/framework/src/Illuminate/Pipeline/Pipeline.php(209): Illuminate\\Cookie\\Middleware\\EncryptCookies->handle(Object(Illuminate\\Http\\Request), Object(Closure))
#43 /Users/ahmedmosaad/Herd/myclass2026-main/vendor/laravel/framework/src/Illuminate/Pipeline/Pipeline.php(127): Illuminate\\Pipeline\\Pipeline->{closure:{closure:Illuminate\\Pipeline\\Pipeline::carry():184}:185}(Object(Illuminate\\Http\\Request))
#44 /Users/ahmedmosaad/Herd/myclass2026-main/vendor/laravel/framework/src/Illuminate/Routing/Router.php(807): Illuminate\\Pipeline\\Pipeline->then(Object(Closure))
#45 /Users/ahmedmosaad/Herd/myclass2026-main/vendor/laravel/framework/src/Illuminate/Routing/Router.php(786): Illuminate\\Routing\\Router->runRouteWithinStack(Object(Illuminate\\Routing\\Route), Object(Illuminate\\Http\\Request))
#46 /Users/ahmedmosaad/Herd/myclass2026-main/vendor/laravel/framework/src/Illuminate/Routing/Router.php(750): Illuminate\\Routing\\Router->runRoute(Object(Illuminate\\Http\\Request), Object(Illuminate\\Routing\\Route))
#47 /Users/ahmedmosaad/Herd/myclass2026-main/vendor/laravel/framework/src/Illuminate/Routing/Router.php(739): Illuminate\\Routing\\Router->dispatchToRoute(Object(Illuminate\\Http\\Request))
#48 /Users/ahmedmosaad/Herd/myclass2026-main/vendor/laravel/framework/src/Illuminate/Foundation/Http/Kernel.php(201): Illuminate\\Routing\\Router->dispatch(Object(Illuminate\\Http\\Request))
#49 /Users/ahmedmosaad/Herd/myclass2026-main/vendor/laravel/framework/src/Illuminate/Pipeline/Pipeline.php(170): Illuminate\\Foundation\\Http\\Kernel->{closure:Illuminate\\Foundation\\Http\\Kernel::dispatchToRouter():198}(Object(Illuminate\\Http\\Request))
#50 /Users/ahmedmosaad/Herd/myclass2026-main/vendor/laravel/framework/src/Illuminate/Foundation/Http/Middleware/TransformsRequest.php(21): Illuminate\\Pipeline\\Pipeline->{closure:Illuminate\\Pipeline\\Pipeline::prepareDestination():168}(Object(Illuminate\\Http\\Request))
#51 /Users/ahmedmosaad/Herd/myclass2026-main/vendor/laravel/framework/src/Illuminate/Foundation/Http/Middleware/ConvertEmptyStringsToNull.php(31): Illuminate\\Foundation\\Http\\Middleware\\TransformsRequest->handle(Object(Illuminate\\Http\\Request), Object(Closure))
#52 /Users/ahmedmosaad/Herd/myclass2026-main/vendor/laravel/framework/src/Illuminate/Pipeline/Pipeline.php(209): Illuminate\\Foundation\\Http\\Middleware\\ConvertEmptyStringsToNull->handle(Object(Illuminate\\Http\\Request), Object(Closure))
#53 /Users/ahmedmosaad/Herd/myclass2026-main/vendor/laravel/framework/src/Illuminate/Foundation/Http/Middleware/TransformsRequest.php(21): Illuminate\\Pipeline\\Pipeline->{closure:{closure:Illuminate\\Pipeline\\Pipeline::carry():184}:185}(Object(Illuminate\\Http\\Request))
#54 /Users/ahmedmosaad/Herd/myclass2026-main/vendor/laravel/framework/src/Illuminate/Foundation/Http/Middleware/TrimStrings.php(51): Illuminate\\Foundation\\Http\\Middleware\\TransformsRequest->handle(Object(Illuminate\\Http\\Request), Object(Closure))
#55 /Users/ahmedmosaad/Herd/myclass2026-main/vendor/laravel/framework/src/Illuminate/Pipeline/Pipeline.php(209): Illuminate\\Foundation\\Http\\Middleware\\TrimStrings->handle(Object(Illuminate\\Http\\Request), Object(Closure))
#56 /Users/ahmedmosaad/Herd/myclass2026-main/vendor/laravel/framework/src/Illuminate/Http/Middleware/ValidatePostSize.php(27): Illuminate\\Pipeline\\Pipeline->{closure:{closure:Illuminate\\Pipeline\\Pipeline::carry():184}:185}(Object(Illuminate\\Http\\Request))
#57 /Users/ahmedmosaad/Herd/myclass2026-main/vendor/laravel/framework/src/Illuminate/Pipeline/Pipeline.php(209): Illuminate\\Http\\Middleware\\ValidatePostSize->handle(Object(Illuminate\\Http\\Request), Object(Closure))
#58 /Users/ahmedmosaad/Herd/myclass2026-main/vendor/laravel/framework/src/Illuminate/Foundation/Http/Middleware/PreventRequestsDuringMaintenance.php(110): Illuminate\\Pipeline\\Pipeline->{closure:{closure:Illuminate\\Pipeline\\Pipeline::carry():184}:185}(Object(Illuminate\\Http\\Request))
#59 /Users/ahmedmosaad/Herd/myclass2026-main/vendor/laravel/framework/src/Illuminate/Pipeline/Pipeline.php(209): Illuminate\\Foundation\\Http\\Middleware\\PreventRequestsDuringMaintenance->handle(Object(Illuminate\\Http\\Request), Object(Closure))
#60 /Users/ahmedmosaad/Herd/myclass2026-main/vendor/laravel/framework/src/Illuminate/Http/Middleware/HandleCors.php(49): Illuminate\\Pipeline\\Pipeline->{closure:{closure:Illuminate\\Pipeline\\Pipeline::carry():184}:185}(Object(Illuminate\\Http\\Request))
#61 /Users/ahmedmosaad/Herd/myclass2026-main/vendor/laravel/framework/src/Illuminate/Pipeline/Pipeline.php(209): Illuminate\\Http\\Middleware\\HandleCors->handle(Object(Illuminate\\Http\\Request), Object(Closure))
#62 /Users/ahmedmosaad/Herd/myclass2026-main/vendor/laravel/framework/src/Illuminate/Http/Middleware/TrustProxies.php(58): Illuminate\\Pipeline\\Pipeline->{closure:{closure:Illuminate\\Pipeline\\Pipeline::carry():184}:185}(Object(Illuminate\\Http\\Request))
#63 /Users/ahmedmosaad/Herd/myclass2026-main/vendor/laravel/framework/src/Illuminate/Pipeline/Pipeline.php(209): Illuminate\\Http\\Middleware\\TrustProxies->handle(Object(Illuminate\\Http\\Request), Object(Closure))
#64 /Users/ahmedmosaad/Herd/myclass2026-main/vendor/laravel/framework/src/Illuminate/Foundation/Http/Middleware/InvokeDeferredCallbacks.php(22): Illuminate\\Pipeline\\Pipeline->{closure:{closure:Illuminate\\Pipeline\\Pipeline::carry():184}:185}(Object(Illuminate\\Http\\Request))
#65 /Users/ahmedmosaad/Herd/myclass2026-main/vendor/laravel/framework/src/Illuminate/Pipeline/Pipeline.php(209): Illuminate\\Foundation\\Http\\Middleware\\InvokeDeferredCallbacks->handle(Object(Illuminate\\Http\\Request), Object(Closure))
#66 /Users/ahmedmosaad/Herd/myclass2026-main/vendor/laravel/framework/src/Illuminate/Http/Middleware/ValidatePathEncoding.php(26): Illuminate\\Pipeline\\Pipeline->{closure:{closure:Illuminate\\Pipeline\\Pipeline::carry():184}:185}(Object(Illuminate\\Http\\Request))
#67 /Users/ahmedmosaad/Herd/myclass2026-main/vendor/laravel/framework/src/Illuminate/Pipeline/Pipeline.php(209): Illuminate\\Http\\Middleware\\ValidatePathEncoding->handle(Object(Illuminate\\Http\\Request), Object(Closure))
#68 /Users/ahmedmosaad/Herd/myclass2026-main/vendor/laravel/framework/src/Illuminate/Pipeline/Pipeline.php(127): Illuminate\\Pipeline\\Pipeline->{closure:{closure:Illuminate\\Pipeline\\Pipeline::carry():184}:185}(Object(Illuminate\\Http\\Request))
#69 /Users/ahmedmosaad/Herd/myclass2026-main/vendor/laravel/framework/src/Illuminate/Foundation/Http/Kernel.php(176): Illuminate\\Pipeline\\Pipeline->then(Object(Closure))
#70 /Users/ahmedmosaad/Herd/myclass2026-main/vendor/laravel/framework/src/Illuminate/Foundation/Http/Kernel.php(145): Illuminate\\Foundation\\Http\\Kernel->sendRequestThroughRouter(Object(Illuminate\\Http\\Request))
#71 /Users/ahmedmosaad/Herd/myclass2026-main/vendor/laravel/framework/src/Illuminate/Foundation/Application.php(1220): Illuminate\\Foundation\\Http\\Kernel->handle(Object(Illuminate\\Http\\Request))
#72 /Users/ahmedmosaad/Herd/myclass2026-main/public/index.php(20): Illuminate\\Foundation\\Application->handleRequest(Object(Illuminate\\Http\\Request))
#73 /Users/ahmedmosaad/Herd/myclass2026-main/vendor/laravel/framework/src/Illuminate/Foundation/resources/server.php(23): require_once('/Users/ahmedmos...')
#74 {main}
"} 
[2026-02-07 11:48:17] local.ERROR: include(assets/images/icon-copy.svg): Failed to open stream: No such file or directory {"userId":810,"exception":"[object] (ErrorException(code: 0): include(assets/images/icon-copy.svg): Failed to open stream: No such file or directory at /Users/ahmedmosaad/Herd/myclass2026-main/vendor/symfony/error-handler/ErrorRenderer/HtmlErrorRenderer.php:341)
[stacktrace]
#0 /Users/ahmedmosaad/Herd/myclass2026-main/vendor/laravel/framework/src/Illuminate/Foundation/Bootstrap/HandleExceptions.php(256): Illuminate\\Foundation\\Bootstrap\\HandleExceptions->handleError(2, 'include(assets/...', '/Users/ahmedmos...', 341)
#1 /Users/ahmedmosaad/Herd/myclass2026-main/vendor/symfony/error-handler/ErrorRenderer/HtmlErrorRenderer.php(341): Illuminate\\Foundation\\Bootstrap\\HandleExceptions->{closure:Illuminate\\Foundation\\Bootstrap\\HandleExceptions::forwardsTo():255}(2, 'include(assets/...', '/Users/ahmedmos...', 341)
#2 /Users/ahmedmosaad/Herd/myclass2026-main/vendor/symfony/error-handler/ErrorRenderer/HtmlErrorRenderer.php(341): include('/Users/ahmedmos...')
#3 /Users/ahmedmosaad/Herd/myclass2026-main/vendor/symfony/error-handler/Resources/views/trace.html.php(29): Symfony\\Component\\ErrorHandler\\ErrorRenderer\\HtmlErrorRenderer->include('assets/images/i...')
#4 /Users/ahmedmosaad/Herd/myclass2026-main/vendor/symfony/error-handler/ErrorRenderer/HtmlErrorRenderer.php(341): include('/Users/ahmedmos...')
#5 /Users/ahmedmosaad/Herd/myclass2026-main/vendor/symfony/error-handler/Resources/views/traces.html.php(48): Symfony\\Component\\ErrorHandler\\ErrorRenderer\\HtmlErrorRenderer->include('views/trace.htm...', Array)
#6 /Users/ahmedmosaad/Herd/myclass2026-main/vendor/symfony/error-handler/ErrorRenderer/HtmlErrorRenderer.php(341): include('/Users/ahmedmos...')
#7 /Users/ahmedmosaad/Herd/myclass2026-main/vendor/symfony/error-handler/Resources/views/exception.html.php(54): Symfony\\Component\\ErrorHandler\\ErrorRenderer\\HtmlErrorRenderer->include('views/traces.ht...', Array)
#8 /Users/ahmedmosaad/Herd/myclass2026-main/vendor/symfony/error-handler/ErrorRenderer/HtmlErrorRenderer.php(341): include('/Users/ahmedmos...')
#9 /Users/ahmedmosaad/Herd/myclass2026-main/vendor/symfony/error-handler/Resources/views/exception_full.html.php(35): Symfony\\Component\\ErrorHandler\\ErrorRenderer\\HtmlErrorRenderer->include('views/exception...', Array)
#10 /Users/ahmedmosaad/Herd/myclass2026-main/vendor/symfony/error-handler/ErrorRenderer/HtmlErrorRenderer.php(341): include('/Users/ahmedmos...')
#11 /Users/ahmedmosaad/Herd/myclass2026-main/vendor/symfony/error-handler/ErrorRenderer/HtmlErrorRenderer.php(140): Symfony\\Component\\ErrorHandler\\ErrorRenderer\\HtmlErrorRenderer->include('views/exception...', Array)
#12 /Users/ahmedmosaad/Herd/myclass2026-main/vendor/symfony/error-handler/ErrorRenderer/HtmlErrorRenderer.php(72): Symfony\\Component\\ErrorHandler\\ErrorRenderer\\HtmlErrorRenderer->renderException(Object(Symfony\\Component\\ErrorHandler\\Exception\\FlattenException))
#13 /Users/ahmedmosaad/Herd/myclass2026-main/vendor/laravel/framework/src/Illuminate/Foundation/Exceptions/Handler.php(879): Symfony\\Component\\ErrorHandler\\ErrorRenderer\\HtmlErrorRenderer->render(Object(Symfony\\Component\\ErrorHandler\\Exception\\FlattenException))
#14 /Users/ahmedmosaad/Herd/myclass2026-main/vendor/laravel/framework/src/Illuminate/Foundation/Exceptions/Handler.php(853): Illuminate\\Foundation\\Exceptions\\Handler->renderExceptionWithSymfony(Object(ErrorException), true)
#15 /Users/ahmedmosaad/Herd/myclass2026-main/vendor/laravel/framework/src/Illuminate/Foundation/Exceptions/Handler.php(828): Illuminate\\Foundation\\Exceptions\\Handler->renderExceptionContent(Object(ErrorException))
#16 /Users/ahmedmosaad/Herd/myclass2026-main/vendor/laravel/framework/src/Illuminate/Foundation/Exceptions/Handler.php(807): Illuminate\\Foundation\\Exceptions\\Handler->convertExceptionToResponse(Object(ErrorException))
#17 /Users/ahmedmosaad/Herd/myclass2026-main/vendor/laravel/framework/src/Illuminate/Foundation/Exceptions/Handler.php(706): Illuminate\\Foundation\\Exceptions\\Handler->prepareResponse(Object(Illuminate\\Http\\Request), Object(ErrorException))
#18 /Users/ahmedmosaad/Herd/myclass2026-main/vendor/laravel/framework/src/Illuminate/Foundation/Exceptions/Handler.php(594): Illuminate\\Foundation\\Exceptions\\Handler->renderExceptionResponse(Object(Illuminate\\Http\\Request), Object(ErrorException))
#19 /Users/ahmedmosaad/Herd/myclass2026-main/vendor/laravel/framework/src/Illuminate/Routing/Pipeline.php(51): Illuminate\\Foundation\\Exceptions\\Handler->render(Object(Illuminate\\Http\\Request), Object(ErrorException))
#20 /Users/ahmedmosaad/Herd/myclass2026-main/vendor/laravel/framework/src/Illuminate/Pipeline/Pipeline.php(214): Illuminate\\Routing\\Pipeline->handleException(Object(Illuminate\\Http\\Request), Object(ErrorException))
#21 /Users/ahmedmosaad/Herd/myclass2026-main/vendor/laravel/jetstream/src/Http/Middleware/ShareInertiaData.php(69): Illuminate\\Pipeline\\Pipeline->{closure:{closure:Illuminate\\Pipeline\\Pipeline::carry():184}:185}(Object(Illuminate\\Http\\Request))
#22 /Users/ahmedmosaad/Herd/myclass2026-main/vendor/laravel/framework/src/Illuminate/Pipeline/Pipeline.php(209): Laravel\\Jetstream\\Http\\Middleware\\ShareInertiaData->handle(Object(Illuminate\\Http\\Request), Object(Closure))
#23 /Users/ahmedmosaad/Herd/myclass2026-main/vendor/laravel/framework/src/Illuminate/Routing/Middleware/SubstituteBindings.php(51): Illuminate\\Pipeline\\Pipeline->{closure:{closure:Illuminate\\Pipeline\\Pipeline::carry():184}:185}(Object(Illuminate\\Http\\Request))
#24 /Users/ahmedmosaad/Herd/myclass2026-main/vendor/laravel/framework/src/Illuminate/Pipeline/Pipeline.php(209): Illuminate\\Routing\\Middleware\\SubstituteBindings->handle(Object(Illuminate\\Http\\Request), Object(Closure))
#25 /Users/ahmedmosaad/Herd/myclass2026-main/vendor/laravel/framework/src/Illuminate/Session/Middleware/AuthenticateSession.php(67): Illuminate\\Pipeline\\Pipeline->{closure:{closure:Illuminate\\Pipeline\\Pipeline::carry():184}:185}(Object(Illuminate\\Http\\Request))
#26 /Users/ahmedmosaad/Herd/myclass2026-main/vendor/laravel/framework/src/Illuminate/Pipeline/Pipeline.php(209): Illuminate\\Session\\Middleware\\AuthenticateSession->handle(Object(Illuminate\\Http\\Request), Object(Closure))
#27 /Users/ahmedmosaad/Herd/myclass2026-main/vendor/laravel/framework/src/Illuminate/Auth/Middleware/Authenticate.php(64): Illuminate\\Pipeline\\Pipeline->{closure:{closure:Illuminate\\Pipeline\\Pipeline::carry():184}:185}(Object(Illuminate\\Http\\Request))
#28 /Users/ahmedmosaad/Herd/myclass2026-main/vendor/laravel/framework/src/Illuminate/Pipeline/Pipeline.php(209): Illuminate\\Auth\\Middleware\\Authenticate->handle(Object(Illuminate\\Http\\Request), Object(Closure), 'sanctum')
#29 /Users/ahmedmosaad/Herd/myclass2026-main/vendor/laravel/framework/src/Illuminate/Foundation/Http/Middleware/VerifyCsrfToken.php(88): Illuminate\\Pipeline\\Pipeline->{closure:{closure:Illuminate\\Pipeline\\Pipeline::carry():184}:185}(Object(Illuminate\\Http\\Request))
#30 /Users/ahmedmosaad/Herd/myclass2026-main/vendor/laravel/framework/src/Illuminate/Pipeline/Pipeline.php(209): Illuminate\\Foundation\\Http\\Middleware\\VerifyCsrfToken->handle(Object(Illuminate\\Http\\Request), Object(Closure))
#31 /Users/ahmedmosaad/Herd/myclass2026-main/vendor/laravel/framework/src/Illuminate/View/Middleware/ShareErrorsFromSession.php(49): Illuminate\\Pipeline\\Pipeline->{closure:{closure:Illuminate\\Pipeline\\Pipeline::carry():184}:185}(Object(Illuminate\\Http\\Request))
#32 /Users/ahmedmosaad/Herd/myclass2026-main/vendor/laravel/framework/src/Illuminate/Pipeline/Pipeline.php(209): Illuminate\\View\\Middleware\\ShareErrorsFromSession->handle(Object(Illuminate\\Http\\Request), Object(Closure))
#33 /Users/ahmedmosaad/Herd/myclass2026-main/vendor/laravel/framework/src/Illuminate/Session/Middleware/StartSession.php(121): Illuminate\\Pipeline\\Pipeline->{closure:{closure:Illuminate\\Pipeline\\Pipeline::carry():184}:185}(Object(Illuminate\\Http\\Request))
#34 /Users/ahmedmosaad/Herd/myclass2026-main/vendor/laravel/framework/src/Illuminate/Session/Middleware/StartSession.php(64): Illuminate\\Session\\Middleware\\StartSession->handleStatefulRequest(Object(Illuminate\\Http\\Request), Object(Illuminate\\Session\\Store), Object(Closure))
#35 /Users/ahmedmosaad/Herd/myclass2026-main/vendor/laravel/framework/src/Illuminate/Pipeline/Pipeline.php(209): Illuminate\\Session\\Middleware\\StartSession->handle(Object(Illuminate\\Http\\Request), Object(Closure))
#36 /Users/ahmedmosaad/Herd/myclass2026-main/vendor/laravel/framework/src/Illuminate/Cookie/Middleware/AddQueuedCookiesToResponse.php(37): Illuminate\\Pipeline\\Pipeline->{closure:{closure:Illuminate\\Pipeline\\Pipeline::carry():184}:185}(Object(Illuminate\\Http\\Request))
#37 /Users/ahmedmosaad/Herd/myclass2026-main/vendor/laravel/framework/src/Illuminate/Pipeline/Pipeline.php(209): Illuminate\\Cookie\\Middleware\\AddQueuedCookiesToResponse->handle(Object(Illuminate\\Http\\Request), Object(Closure))
#38 /Users/ahmedmosaad/Herd/myclass2026-main/vendor/laravel/framework/src/Illuminate/Cookie/Middleware/EncryptCookies.php(75): Illuminate\\Pipeline\\Pipeline->{closure:{closure:Illuminate\\Pipeline\\Pipeline::carry():184}:185}(Object(Illuminate\\Http\\Request))
#39 /Users/ahmedmosaad/Herd/myclass2026-main/vendor/laravel/framework/src/Illuminate/Pipeline/Pipeline.php(209): Illuminate\\Cookie\\Middleware\\EncryptCookies->handle(Object(Illuminate\\Http\\Request), Object(Closure))
#40 /Users/ahmedmosaad/Herd/myclass2026-main/vendor/laravel/framework/src/Illuminate/Pipeline/Pipeline.php(127): Illuminate\\Pipeline\\Pipeline->{closure:{closure:Illuminate\\Pipeline\\Pipeline::carry():184}:185}(Object(Illuminate\\Http\\Request))
#41 /Users/ahmedmosaad/Herd/myclass2026-main/vendor/laravel/framework/src/Illuminate/Routing/Router.php(807): Illuminate\\Pipeline\\Pipeline->then(Object(Closure))
#42 /Users/ahmedmosaad/Herd/myclass2026-main/vendor/laravel/framework/src/Illuminate/Routing/Router.php(786): Illuminate\\Routing\\Router->runRouteWithinStack(Object(Illuminate\\Routing\\Route), Object(Illuminate\\Http\\Request))
#43 /Users/ahmedmosaad/Herd/myclass2026-main/vendor/laravel/framework/src/Illuminate/Routing/Router.php(750): Illuminate\\Routing\\Router->runRoute(Object(Illuminate\\Http\\Request), Object(Illuminate\\Routing\\Route))
#44 /Users/ahmedmosaad/Herd/myclass2026-main/vendor/laravel/framework/src/Illuminate/Routing/Router.php(739): Illuminate\\Routing\\Router->dispatchToRoute(Object(Illuminate\\Http\\Request))
#45 /Users/ahmedmosaad/Herd/myclass2026-main/vendor/laravel/framework/src/Illuminate/Foundation/Http/Kernel.php(201): Illuminate\\Routing\\Router->dispatch(Object(Illuminate\\Http\\Request))
#46 /Users/ahmedmosaad/Herd/myclass2026-main/vendor/laravel/framework/src/Illuminate/Pipeline/Pipeline.php(170): Illuminate\\Foundation\\Http\\Kernel->{closure:Illuminate\\Foundation\\Http\\Kernel::dispatchToRouter():198}(Object(Illuminate\\Http\\Request))
#47 /Users/ahmedmosaad/Herd/myclass2026-main/vendor/laravel/framework/src/Illuminate/Foundation/Http/Middleware/TransformsRequest.php(21): Illuminate\\Pipeline\\Pipeline->{closure:Illuminate\\Pipeline\\Pipeline::prepareDestination():168}(Object(Illuminate\\Http\\Request))
#48 /Users/ahmedmosaad/Herd/myclass2026-main/vendor/laravel/framework/src/Illuminate/Foundation/Http/Middleware/ConvertEmptyStringsToNull.php(31): Illuminate\\Foundation\\Http\\Middleware\\TransformsRequest->handle(Object(Illuminate\\Http\\Request), Object(Closure))
#49 /Users/ahmedmosaad/Herd/myclass2026-main/vendor/laravel/framework/src/Illuminate/Pipeline/Pipeline.php(209): Illuminate\\Foundation\\Http\\Middleware\\ConvertEmptyStringsToNull->handle(Object(Illuminate\\Http\\Request), Object(Closure))
#50 /Users/ahmedmosaad/Herd/myclass2026-main/vendor/laravel/framework/src/Illuminate/Foundation/Http/Middleware/TransformsRequest.php(21): Illuminate\\Pipeline\\Pipeline->{closure:{closure:Illuminate\\Pipeline\\Pipeline::carry():184}:185}(Object(Illuminate\\Http\\Request))
#51 /Users/ahmedmosaad/Herd/myclass2026-main/vendor/laravel/framework/src/Illuminate/Foundation/Http/Middleware/TrimStrings.php(51): Illuminate\\Foundation\\Http\\Middleware\\TransformsRequest->handle(Object(Illuminate\\Http\\Request), Object(Closure))
#52 /Users/ahmedmosaad/Herd/myclass2026-main/vendor/laravel/framework/src/Illuminate/Pipeline/Pipeline.php(209): Illuminate\\Foundation\\Http\\Middleware\\TrimStrings->handle(Object(Illuminate\\Http\\Request), Object(Closure))
#53 /Users/ahmedmosaad/Herd/myclass2026-main/vendor/laravel/framework/src/Illuminate/Http/Middleware/ValidatePostSize.php(27): Illuminate\\Pipeline\\Pipeline->{closure:{closure:Illuminate\\Pipeline\\Pipeline::carry():184}:185}(Object(Illuminate\\Http\\Request))
#54 /Users/ahmedmosaad/Herd/myclass2026-main/vendor/laravel/framework/src/Illuminate/Pipeline/Pipeline.php(209): Illuminate\\Http\\Middleware\\ValidatePostSize->handle(Object(Illuminate\\Http\\Request), Object(Closure))
#55 /Users/ahmedmosaad/Herd/myclass2026-main/vendor/laravel/framework/src/Illuminate/Foundation/Http/Middleware/PreventRequestsDuringMaintenance.php(110): Illuminate\\Pipeline\\Pipeline->{closure:{closure:Illuminate\\Pipeline\\Pipeline::carry():184}:185}(Object(Illuminate\\Http\\Request))
#56 /Users/ahmedmosaad/Herd/myclass2026-main/vendor/laravel/framework/src/Illuminate/Pipeline/Pipeline.php(209): Illuminate\\Foundation\\Http\\Middleware\\PreventRequestsDuringMaintenance->handle(Object(Illuminate\\Http\\Request), Object(Closure))
#57 /Users/ahmedmosaad/Herd/myclass2026-main/vendor/laravel/framework/src/Illuminate/Http/Middleware/HandleCors.php(49): Illuminate\\Pipeline\\Pipeline->{closure:{closure:Illuminate\\Pipeline\\Pipeline::carry():184}:185}(Object(Illuminate\\Http\\Request))
#58 /Users/ahmedmosaad/Herd/myclass2026-main/vendor/laravel/framework/src/Illuminate/Pipeline/Pipeline.php(209): Illuminate\\Http\\Middleware\\HandleCors->handle(Object(Illuminate\\Http\\Request), Object(Closure))
#59 /Users/ahmedmosaad/Herd/myclass2026-main/vendor/laravel/framework/src/Illuminate/Http/Middleware/TrustProxies.php(58): Illuminate\\Pipeline\\Pipeline->{closure:{closure:Illuminate\\Pipeline\\Pipeline::carry():184}:185}(Object(Illuminate\\Http\\Request))
#60 /Users/ahmedmosaad/Herd/myclass2026-main/vendor/laravel/framework/src/Illuminate/Pipeline/Pipeline.php(209): Illuminate\\Http\\Middleware\\TrustProxies->handle(Object(Illuminate\\Http\\Request), Object(Closure))
#61 /Users/ahmedmosaad/Herd/myclass2026-main/vendor/laravel/framework/src/Illuminate/Foundation/Http/Middleware/InvokeDeferredCallbacks.php(22): Illuminate\\Pipeline\\Pipeline->{closure:{closure:Illuminate\\Pipeline\\Pipeline::carry():184}:185}(Object(Illuminate\\Http\\Request))
#62 /Users/ahmedmosaad/Herd/myclass2026-main/vendor/laravel/framework/src/Illuminate/Pipeline/Pipeline.php(209): Illuminate\\Foundation\\Http\\Middleware\\InvokeDeferredCallbacks->handle(Object(Illuminate\\Http\\Request), Object(Closure))
#63 /Users/ahmedmosaad/Herd/myclass2026-main/vendor/laravel/framework/src/Illuminate/Http/Middleware/ValidatePathEncoding.php(26): Illuminate\\Pipeline\\Pipeline->{closure:{closure:Illuminate\\Pipeline\\Pipeline::carry():184}:185}(Object(Illuminate\\Http\\Request))
#64 /Users/ahmedmosaad/Herd/myclass2026-main/vendor/laravel/framework/src/Illuminate/Pipeline/Pipeline.php(209): Illuminate\\Http\\Middleware\\ValidatePathEncoding->handle(Object(Illuminate\\Http\\Request), Object(Closure))
#65 /Users/ahmedmosaad/Herd/myclass2026-main/vendor/laravel/framework/src/Illuminate/Pipeline/Pipeline.php(127): Illuminate\\Pipeline\\Pipeline->{closure:{closure:Illuminate\\Pipeline\\Pipeline::carry():184}:185}(Object(Illuminate\\Http\\Request))
#66 /Users/ahmedmosaad/Herd/myclass2026-main/vendor/laravel/framework/src/Illuminate/Foundation/Http/Kernel.php(176): Illuminate\\Pipeline\\Pipeline->then(Object(Closure))
#67 /Users/ahmedmosaad/Herd/myclass2026-main/vendor/laravel/framework/src/Illuminate/Foundation/Http/Kernel.php(145): Illuminate\\Foundation\\Http\\Kernel->sendRequestThroughRouter(Object(Illuminate\\Http\\Request))
#68 /Users/ahmedmosaad/Herd/myclass2026-main/vendor/laravel/framework/src/Illuminate/Foundation/Application.php(1220): Illuminate\\Foundation\\Http\\Kernel->handle(Object(Illuminate\\Http\\Request))
#69 /Users/ahmedmosaad/Herd/myclass2026-main/public/index.php(20): Illuminate\\Foundation\\Application->handleRequest(Object(Illuminate\\Http\\Request))
#70 /Users/ahmedmosaad/Herd/myclass2026-main/vendor/laravel/framework/src/Illuminate/Foundation/resources/server.php(23): require_once('/Users/ahmedmos...')
#71 {main}
"} 
[2026-02-07 11:48:17] local.ERROR: include(assets/images/icon-copy.svg): Failed to open stream: No such file or directory {"userId":810,"exception":"[object] (ErrorException(code: 0): include(assets/images/icon-copy.svg): Failed to open stream: No such file or directory at /Users/ahmedmosaad/Herd/myclass2026-main/vendor/symfony/error-handler/ErrorRenderer/HtmlErrorRenderer.php:341)
[stacktrace]
#0 /Users/ahmedmosaad/Herd/myclass2026-main/vendor/laravel/framework/src/Illuminate/Foundation/Bootstrap/HandleExceptions.php(256): Illuminate\\Foundation\\Bootstrap\\HandleExceptions->handleError(2, 'include(assets/...', '/Users/ahmedmos...', 341)
#1 /Users/ahmedmosaad/Herd/myclass2026-main/vendor/symfony/error-handler/ErrorRenderer/HtmlErrorRenderer.php(341): Illuminate\\Foundation\\Bootstrap\\HandleExceptions->{closure:Illuminate\\Foundation\\Bootstrap\\HandleExceptions::forwardsTo():255}(2, 'include(assets/...', '/Users/ahmedmos...', 341)
#2 /Users/ahmedmosaad/Herd/myclass2026-main/vendor/symfony/error-handler/ErrorRenderer/HtmlErrorRenderer.php(341): include('/Users/ahmedmos...')
#3 /Users/ahmedmosaad/Herd/myclass2026-main/vendor/symfony/error-handler/Resources/views/trace.html.php(29): Symfony\\Component\\ErrorHandler\\ErrorRenderer\\HtmlErrorRenderer->include('assets/images/i...')
#4 /Users/ahmedmosaad/Herd/myclass2026-main/vendor/symfony/error-handler/ErrorRenderer/HtmlErrorRenderer.php(341): include('/Users/ahmedmos...')
#5 /Users/ahmedmosaad/Herd/myclass2026-main/vendor/symfony/error-handler/Resources/views/traces.html.php(48): Symfony\\Component\\ErrorHandler\\ErrorRenderer\\HtmlErrorRenderer->include('views/trace.htm...', Array)
#6 /Users/ahmedmosaad/Herd/myclass2026-main/vendor/symfony/error-handler/ErrorRenderer/HtmlErrorRenderer.php(341): include('/Users/ahmedmos...')
#7 /Users/ahmedmosaad/Herd/myclass2026-main/vendor/symfony/error-handler/Resources/views/exception.html.php(54): Symfony\\Component\\ErrorHandler\\ErrorRenderer\\HtmlErrorRenderer->include('views/traces.ht...', Array)
#8 /Users/ahmedmosaad/Herd/myclass2026-main/vendor/symfony/error-handler/ErrorRenderer/HtmlErrorRenderer.php(341): include('/Users/ahmedmos...')
#9 /Users/ahmedmosaad/Herd/myclass2026-main/vendor/symfony/error-handler/Resources/views/exception_full.html.php(35): Symfony\\Component\\ErrorHandler\\ErrorRenderer\\HtmlErrorRenderer->include('views/exception...', Array)
#10 /Users/ahmedmosaad/Herd/myclass2026-main/vendor/symfony/error-handler/ErrorRenderer/HtmlErrorRenderer.php(341): include('/Users/ahmedmos...')
#11 /Users/ahmedmosaad/Herd/myclass2026-main/vendor/symfony/error-handler/ErrorRenderer/HtmlErrorRenderer.php(140): Symfony\\Component\\ErrorHandler\\ErrorRenderer\\HtmlErrorRenderer->include('views/exception...', Array)
#12 /Users/ahmedmosaad/Herd/myclass2026-main/vendor/symfony/error-handler/ErrorRenderer/HtmlErrorRenderer.php(72): Symfony\\Component\\ErrorHandler\\ErrorRenderer\\HtmlErrorRenderer->renderException(Object(Symfony\\Component\\ErrorHandler\\Exception\\FlattenException))
#13 /Users/ahmedmosaad/Herd/myclass2026-main/vendor/laravel/framework/src/Illuminate/Foundation/Exceptions/Handler.php(879): Symfony\\Component\\ErrorHandler\\ErrorRenderer\\HtmlErrorRenderer->render(Object(Symfony\\Component\\ErrorHandler\\Exception\\FlattenException))
#14 /Users/ahmedmosaad/Herd/myclass2026-main/vendor/laravel/framework/src/Illuminate/Foundation/Exceptions/Handler.php(853): Illuminate\\Foundation\\Exceptions\\Handler->renderExceptionWithSymfony(Object(ErrorException), true)
#15 /Users/ahmedmosaad/Herd/myclass2026-main/vendor/laravel/framework/src/Illuminate/Foundation/Exceptions/Handler.php(828): Illuminate\\Foundation\\Exceptions\\Handler->renderExceptionContent(Object(ErrorException))
#16 /Users/ahmedmosaad/Herd/myclass2026-main/vendor/laravel/framework/src/Illuminate/Foundation/Exceptions/Handler.php(807): Illuminate\\Foundation\\Exceptions\\Handler->convertExceptionToResponse(Object(ErrorException))
#17 /Users/ahmedmosaad/Herd/myclass2026-main/vendor/laravel/framework/src/Illuminate/Foundation/Exceptions/Handler.php(706): Illuminate\\Foundation\\Exceptions\\Handler->prepareResponse(Object(Illuminate\\Http\\Request), Object(ErrorException))
#18 /Users/ahmedmosaad/Herd/myclass2026-main/vendor/laravel/framework/src/Illuminate/Foundation/Exceptions/Handler.php(594): Illuminate\\Foundation\\Exceptions\\Handler->renderExceptionResponse(Object(Illuminate\\Http\\Request), Object(ErrorException))
#19 /Users/ahmedmosaad/Herd/myclass2026-main/vendor/laravel/framework/src/Illuminate/Routing/Pipeline.php(51): Illuminate\\Foundation\\Exceptions\\Handler->render(Object(Illuminate\\Http\\Request), Object(ErrorException))
#20 /Users/ahmedmosaad/Herd/myclass2026-main/vendor/laravel/framework/src/Illuminate/Pipeline/Pipeline.php(214): Illuminate\\Routing\\Pipeline->handleException(Object(Illuminate\\Http\\Request), Object(ErrorException))
#21 /Users/ahmedmosaad/Herd/myclass2026-main/vendor/laravel/framework/src/Illuminate/Routing/Middleware/SubstituteBindings.php(51): Illuminate\\Pipeline\\Pipeline->{closure:{closure:Illuminate\\Pipeline\\Pipeline::carry():184}:185}(Object(Illuminate\\Http\\Request))
#22 /Users/ahmedmosaad/Herd/myclass2026-main/vendor/laravel/framework/src/Illuminate/Pipeline/Pipeline.php(209): Illuminate\\Routing\\Middleware\\SubstituteBindings->handle(Object(Illuminate\\Http\\Request), Object(Closure))
#23 /Users/ahmedmosaad/Herd/myclass2026-main/vendor/laravel/framework/src/Illuminate/Session/Middleware/AuthenticateSession.php(67): Illuminate\\Pipeline\\Pipeline->{closure:{closure:Illuminate\\Pipeline\\Pipeline::carry():184}:185}(Object(Illuminate\\Http\\Request))
#24 /Users/ahmedmosaad/Herd/myclass2026-main/vendor/laravel/framework/src/Illuminate/Pipeline/Pipeline.php(209): Illuminate\\Session\\Middleware\\AuthenticateSession->handle(Object(Illuminate\\Http\\Request), Object(Closure))
#25 /Users/ahmedmosaad/Herd/myclass2026-main/vendor/laravel/framework/src/Illuminate/Auth/Middleware/Authenticate.php(64): Illuminate\\Pipeline\\Pipeline->{closure:{closure:Illuminate\\Pipeline\\Pipeline::carry():184}:185}(Object(Illuminate\\Http\\Request))
#26 /Users/ahmedmosaad/Herd/myclass2026-main/vendor/laravel/framework/src/Illuminate/Pipeline/Pipeline.php(209): Illuminate\\Auth\\Middleware\\Authenticate->handle(Object(Illuminate\\Http\\Request), Object(Closure), 'sanctum')
#27 /Users/ahmedmosaad/Herd/myclass2026-main/vendor/laravel/framework/src/Illuminate/Foundation/Http/Middleware/VerifyCsrfToken.php(88): Illuminate\\Pipeline\\Pipeline->{closure:{closure:Illuminate\\Pipeline\\Pipeline::carry():184}:185}(Object(Illuminate\\Http\\Request))
#28 /Users/ahmedmosaad/Herd/myclass2026-main/vendor/laravel/framework/src/Illuminate/Pipeline/Pipeline.php(209): Illuminate\\Foundation\\Http\\Middleware\\VerifyCsrfToken->handle(Object(Illuminate\\Http\\Request), Object(Closure))
#29 /Users/ahmedmosaad/Herd/myclass2026-main/vendor/laravel/framework/src/Illuminate/View/Middleware/ShareErrorsFromSession.php(49): Illuminate\\Pipeline\\Pipeline->{closure:{closure:Illuminate\\Pipeline\\Pipeline::carry():184}:185}(Object(Illuminate\\Http\\Request))
#30 /Users/ahmedmosaad/Herd/myclass2026-main/vendor/laravel/framework/src/Illuminate/Pipeline/Pipeline.php(209): Illuminate\\View\\Middleware\\ShareErrorsFromSession->handle(Object(Illuminate\\Http\\Request), Object(Closure))
#31 /Users/ahmedmosaad/Herd/myclass2026-main/vendor/laravel/framework/src/Illuminate/Session/Middleware/StartSession.php(121): Illuminate\\Pipeline\\Pipeline->{closure:{closure:Illuminate\\Pipeline\\Pipeline::carry():184}:185}(Object(Illuminate\\Http\\Request))
#32 /Users/ahmedmosaad/Herd/myclass2026-main/vendor/laravel/framework/src/Illuminate/Session/Middleware/StartSession.php(64): Illuminate\\Session\\Middleware\\StartSession->handleStatefulRequest(Object(Illuminate\\Http\\Request), Object(Illuminate\\Session\\Store), Object(Closure))
#33 /Users/ahmedmosaad/Herd/myclass2026-main/vendor/laravel/framework/src/Illuminate/Pipeline/Pipeline.php(209): Illuminate\\Session\\Middleware\\StartSession->handle(Object(Illuminate\\Http\\Request), Object(Closure))
#34 /Users/ahmedmosaad/Herd/myclass2026-main/vendor/laravel/framework/src/Illuminate/Cookie/Middleware/AddQueuedCookiesToResponse.php(37): Illuminate\\Pipeline\\Pipeline->{closure:{closure:Illuminate\\Pipeline\\Pipeline::carry():184}:185}(Object(Illuminate\\Http\\Request))
#35 /Users/ahmedmosaad/Herd/myclass2026-main/vendor/laravel/framework/src/Illuminate/Pipeline/Pipeline.php(209): Illuminate\\Cookie\\Middleware\\AddQueuedCookiesToResponse->handle(Object(Illuminate\\Http\\Request), Object(Closure))
#36 /Users/ahmedmosaad/Herd/myclass2026-main/vendor/laravel/framework/src/Illuminate/Cookie/Middleware/EncryptCookies.php(75): Illuminate\\Pipeline\\Pipeline->{closure:{closure:Illuminate\\Pipeline\\Pipeline::carry():184}:185}(Object(Illuminate\\Http\\Request))
#37 /Users/ahmedmosaad/Herd/myclass2026-main/vendor/laravel/framework/src/Illuminate/Pipeline/Pipeline.php(209): Illuminate\\Cookie\\Middleware\\EncryptCookies->handle(Object(Illuminate\\Http\\Request), Object(Closure))
#38 /Users/ahmedmosaad/Herd/myclass2026-main/vendor/laravel/framework/src/Illuminate/Pipeline/Pipeline.php(127): Illuminate\\Pipeline\\Pipeline->{closure:{closure:Illuminate\\Pipeline\\Pipeline::carry():184}:185}(Object(Illuminate\\Http\\Request))
#39 /Users/ahmedmosaad/Herd/myclass2026-main/vendor/laravel/framework/src/Illuminate/Routing/Router.php(807): Illuminate\\Pipeline\\Pipeline->then(Object(Closure))
#40 /Users/ahmedmosaad/Herd/myclass2026-main/vendor/laravel/framework/src/Illuminate/Routing/Router.php(786): Illuminate\\Routing\\Router->runRouteWithinStack(Object(Illuminate\\Routing\\Route), Object(Illuminate\\Http\\Request))
#41 /Users/ahmedmosaad/Herd/myclass2026-main/vendor/laravel/framework/src/Illuminate/Routing/Router.php(750): Illuminate\\Routing\\Router->runRoute(Object(Illuminate\\Http\\Request), Object(Illuminate\\Routing\\Route))
#42 /Users/ahmedmosaad/Herd/myclass2026-main/vendor/laravel/framework/src/Illuminate/Routing/Router.php(739): Illuminate\\Routing\\Router->dispatchToRoute(Object(Illuminate\\Http\\Request))
#43 /Users/ahmedmosaad/Herd/myclass2026-main/vendor/laravel/framework/src/Illuminate/Foundation/Http/Kernel.php(201): Illuminate\\Routing\\Router->dispatch(Object(Illuminate\\Http\\Request))
#44 /Users/ahmedmosaad/Herd/myclass2026-main/vendor/laravel/framework/src/Illuminate/Pipeline/Pipeline.php(170): Illuminate\\Foundation\\Http\\Kernel->{closure:Illuminate\\Foundation\\Http\\Kernel::dispatchToRouter():198}(Object(Illuminate\\Http\\Request))
#45 /Users/ahmedmosaad/Herd/myclass2026-main/vendor/laravel/framework/src/Illuminate/Foundation/Http/Middleware/TransformsRequest.php(21): Illuminate\\Pipeline\\Pipeline->{closure:Illuminate\\Pipeline\\Pipeline::prepareDestination():168}(Object(Illuminate\\Http\\Request))
#46 /Users/ahmedmosaad/Herd/myclass2026-main/vendor/laravel/framework/src/Illuminate/Foundation/Http/Middleware/ConvertEmptyStringsToNull.php(31): Illuminate\\Foundation\\Http\\Middleware\\TransformsRequest->handle(Object(Illuminate\\Http\\Request), Object(Closure))
#47 /Users/ahmedmosaad/Herd/myclass2026-main/vendor/laravel/framework/src/Illuminate/Pipeline/Pipeline.php(209): Illuminate\\Foundation\\Http\\Middleware\\ConvertEmptyStringsToNull->handle(Object(Illuminate\\Http\\Request), Object(Closure))
#48 /Users/ahmedmosaad/Herd/myclass2026-main/vendor/laravel/framework/src/Illuminate/Foundation/Http/Middleware/TransformsRequest.php(21): Illuminate\\Pipeline\\Pipeline->{closure:{closure:Illuminate\\Pipeline\\Pipeline::carry():184}:185}(Object(Illuminate\\Http\\Request))
#49 /Users/ahmedmosaad/Herd/myclass2026-main/vendor/laravel/framework/src/Illuminate/Foundation/Http/Middleware/TrimStrings.php(51): Illuminate\\Foundation\\Http\\Middleware\\TransformsRequest->handle(Object(Illuminate\\Http\\Request), Object(Closure))
#50 /Users/ahmedmosaad/Herd/myclass2026-main/vendor/laravel/framework/src/Illuminate/Pipeline/Pipeline.php(209): Illuminate\\Foundation\\Http\\Middleware\\TrimStrings->handle(Object(Illuminate\\Http\\Request), Object(Closure))
#51 /Users/ahmedmosaad/Herd/myclass2026-main/vendor/laravel/framework/src/Illuminate/Http/Middleware/ValidatePostSize.php(27): Illuminate\\Pipeline\\Pipeline->{closure:{closure:Illuminate\\Pipeline\\Pipeline::carry():184}:185}(Object(Illuminate\\Http\\Request))
#52 /Users/ahmedmosaad/Herd/myclass2026-main/vendor/laravel/framework/src/Illuminate/Pipeline/Pipeline.php(209): Illuminate\\Http\\Middleware\\ValidatePostSize->handle(Object(Illuminate\\Http\\Request), Object(Closure))
#53 /Users/ahmedmosaad/Herd/myclass2026-main/vendor/laravel/framework/src/Illuminate/Foundation/Http/Middleware/PreventRequestsDuringMaintenance.php(110): Illuminate\\Pipeline\\Pipeline->{closure:{closure:Illuminate\\Pipeline\\Pipeline::carry():184}:185}(Object(Illuminate\\Http\\Request))
#54 /Users/ahmedmosaad/Herd/myclass2026-main/vendor/laravel/framework/src/Illuminate/Pipeline/Pipeline.php(209): Illuminate\\Foundation\\Http\\Middleware\\PreventRequestsDuringMaintenance->handle(Object(Illuminate\\Http\\Request), Object(Closure))
#55 /Users/ahmedmosaad/Herd/myclass2026-main/vendor/laravel/framework/src/Illuminate/Http/Middleware/HandleCors.php(49): Illuminate\\Pipeline\\Pipeline->{closure:{closure:Illuminate\\Pipeline\\Pipeline::carry():184}:185}(Object(Illuminate\\Http\\Request))
#56 /Users/ahmedmosaad/Herd/myclass2026-main/vendor/laravel/framework/src/Illuminate/Pipeline/Pipeline.php(209): Illuminate\\Http\\Middleware\\HandleCors->handle(Object(Illuminate\\Http\\Request), Object(Closure))
#57 /Users/ahmedmosaad/Herd/myclass2026-main/vendor/laravel/framework/src/Illuminate/Http/Middleware/TrustProxies.php(58): Illuminate\\Pipeline\\Pipeline->{closure:{closure:Illuminate\\Pipeline\\Pipeline::carry():184}:185}(Object(Illuminate\\Http\\Request))
#58 /Users/ahmedmosaad/Herd/myclass2026-main/vendor/laravel/framework/src/Illuminate/Pipeline/Pipeline.php(209): Illuminate\\Http\\Middleware\\TrustProxies->handle(Object(Illuminate\\Http\\Request), Object(Closure))
#59 /Users/ahmedmosaad/Herd/myclass2026-main/vendor/laravel/framework/src/Illuminate/Foundation/Http/Middleware/InvokeDeferredCallbacks.php(22): Illuminate\\Pipeline\\Pipeline->{closure:{closure:Illuminate\\Pipeline\\Pipeline::carry():184}:185}(Object(Illuminate\\Http\\Request))
#60 /Users/ahmedmosaad/Herd/myclass2026-main/vendor/laravel/framework/src/Illuminate/Pipeline/Pipeline.php(209): Illuminate\\Foundation\\Http\\Middleware\\InvokeDeferredCallbacks->handle(Object(Illuminate\\Http\\Request), Object(Closure))
#61 /Users/ahmedmosaad/Herd/myclass2026-main/vendor/laravel/framework/src/Illuminate/Http/Middleware/ValidatePathEncoding.php(26): Illuminate\\Pipeline\\Pipeline->{closure:{closure:Illuminate\\Pipeline\\Pipeline::carry():184}:185}(Object(Illuminate\\Http\\Request))
#62 /Users/ahmedmosaad/Herd/myclass2026-main/vendor/laravel/framework/src/Illuminate/Pipeline/Pipeline.php(209): Illuminate\\Http\\Middleware\\ValidatePathEncoding->handle(Object(Illuminate\\Http\\Request), Object(Closure))
#63 /Users/ahmedmosaad/Herd/myclass2026-main/vendor/laravel/framework/src/Illuminate/Pipeline/Pipeline.php(127): Illuminate\\Pipeline\\Pipeline->{closure:{closure:Illuminate\\Pipeline\\Pipeline::carry():184}:185}(Object(Illuminate\\Http\\Request))
#64 /Users/ahmedmosaad/Herd/myclass2026-main/vendor/laravel/framework/src/Illuminate/Foundation/Http/Kernel.php(176): Illuminate\\Pipeline\\Pipeline->then(Object(Closure))
#65 /Users/ahmedmosaad/Herd/myclass2026-main/vendor/laravel/framework/src/Illuminate/Foundation/Http/Kernel.php(145): Illuminate\\Foundation\\Http\\Kernel->sendRequestThroughRouter(Object(Illuminate\\Http\\Request))
#66 /Users/ahmedmosaad/Herd/myclass2026-main/vendor/laravel/framework/src/Illuminate/Foundation/Application.php(1220): Illuminate\\Foundation\\Http\\Kernel->handle(Object(Illuminate\\Http\\Request))
#67 /Users/ahmedmosaad/Herd/myclass2026-main/public/index.php(20): Illuminate\\Foundation\\Application->handleRequest(Object(Illuminate\\Http\\Request))
#68 /Users/ahmedmosaad/Herd/myclass2026-main/vendor/laravel/framework/src/Illuminate/Foundation/resources/server.php(23): require_once('/Users/ahmedmos...')
#69 {main}
"} 
[2026-02-07 11:48:17] local.ERROR: include(assets/images/icon-copy.svg): Failed to open stream: No such file or directory {"userId":810,"exception":"[object] (ErrorException(code: 0): include(assets/images/icon-copy.svg): Failed to open stream: No such file or directory at /Users/ahmedmosaad/Herd/myclass2026-main/vendor/symfony/error-handler/ErrorRenderer/HtmlErrorRenderer.php:341)
[stacktrace]
#0 /Users/ahmedmosaad/Herd/myclass2026-main/vendor/laravel/framework/src/Illuminate/Foundation/Bootstrap/HandleExceptions.php(256): Illuminate\\Foundation\\Bootstrap\\HandleExceptions->handleError(2, 'include(assets/...', '/Users/ahmedmos...', 341)
#1 /Users/ahmedmosaad/Herd/myclass2026-main/vendor/symfony/error-handler/ErrorRenderer/HtmlErrorRenderer.php(341): Illuminate\\Foundation\\Bootstrap\\HandleExceptions->{closure:Illuminate\\Foundation\\Bootstrap\\HandleExceptions::forwardsTo():255}(2, 'include(assets/...', '/Users/ahmedmos...', 341)
#2 /Users/ahmedmosaad/Herd/myclass2026-main/vendor/symfony/error-handler/ErrorRenderer/HtmlErrorRenderer.php(341): include('/Users/ahmedmos...')
#3 /Users/ahmedmosaad/Herd/myclass2026-main/vendor/symfony/error-handler/Resources/views/trace.html.php(29): Symfony\\Component\\ErrorHandler\\ErrorRenderer\\HtmlErrorRenderer->include('assets/images/i...')
#4 /Users/ahmedmosaad/Herd/myclass2026-main/vendor/symfony/error-handler/ErrorRenderer/HtmlErrorRenderer.php(341): include('/Users/ahmedmos...')
#5 /Users/ahmedmosaad/Herd/myclass2026-main/vendor/symfony/error-handler/Resources/views/traces.html.php(48): Symfony\\Component\\ErrorHandler\\ErrorRenderer\\HtmlErrorRenderer->include('views/trace.htm...', Array)
#6 /Users/ahmedmosaad/Herd/myclass2026-main/vendor/symfony/error-handler/ErrorRenderer/HtmlErrorRenderer.php(341): include('/Users/ahmedmos...')
#7 /Users/ahmedmosaad/Herd/myclass2026-main/vendor/symfony/error-handler/Resources/views/exception.html.php(54): Symfony\\Component\\ErrorHandler\\ErrorRenderer\\HtmlErrorRenderer->include('views/traces.ht...', Array)
#8 /Users/ahmedmosaad/Herd/myclass2026-main/vendor/symfony/error-handler/ErrorRenderer/HtmlErrorRenderer.php(341): include('/Users/ahmedmos...')
#9 /Users/ahmedmosaad/Herd/myclass2026-main/vendor/symfony/error-handler/Resources/views/exception_full.html.php(35): Symfony\\Component\\ErrorHandler\\ErrorRenderer\\HtmlErrorRenderer->include('views/exception...', Array)
#10 /Users/ahmedmosaad/Herd/myclass2026-main/vendor/symfony/error-handler/ErrorRenderer/HtmlErrorRenderer.php(341): include('/Users/ahmedmos...')
#11 /Users/ahmedmosaad/Herd/myclass2026-main/vendor/symfony/error-handler/ErrorRenderer/HtmlErrorRenderer.php(140): Symfony\\Component\\ErrorHandler\\ErrorRenderer\\HtmlErrorRenderer->include('views/exception...', Array)
#12 /Users/ahmedmosaad/Herd/myclass2026-main/vendor/symfony/error-handler/ErrorRenderer/HtmlErrorRenderer.php(72): Symfony\\Component\\ErrorHandler\\ErrorRenderer\\HtmlErrorRenderer->renderException(Object(Symfony\\Component\\ErrorHandler\\Exception\\FlattenException))
#13 /Users/ahmedmosaad/Herd/myclass2026-main/vendor/laravel/framework/src/Illuminate/Foundation/Exceptions/Handler.php(879): Symfony\\Component\\ErrorHandler\\ErrorRenderer\\HtmlErrorRenderer->render(Object(Symfony\\Component\\ErrorHandler\\Exception\\FlattenException))
#14 /Users/ahmedmosaad/Herd/myclass2026-main/vendor/laravel/framework/src/Illuminate/Foundation/Exceptions/Handler.php(853): Illuminate\\Foundation\\Exceptions\\Handler->renderExceptionWithSymfony(Object(ErrorException), true)
#15 /Users/ahmedmosaad/Herd/myclass2026-main/vendor/laravel/framework/src/Illuminate/Foundation/Exceptions/Handler.php(828): Illuminate\\Foundation\\Exceptions\\Handler->renderExceptionContent(Object(ErrorException))
#16 /Users/ahmedmosaad/Herd/myclass2026-main/vendor/laravel/framework/src/Illuminate/Foundation/Exceptions/Handler.php(807): Illuminate\\Foundation\\Exceptions\\Handler->convertExceptionToResponse(Object(ErrorException))
#17 /Users/ahmedmosaad/Herd/myclass2026-main/vendor/laravel/framework/src/Illuminate/Foundation/Exceptions/Handler.php(706): Illuminate\\Foundation\\Exceptions\\Handler->prepareResponse(Object(Illuminate\\Http\\Request), Object(ErrorException))
#18 /Users/ahmedmosaad/Herd/myclass2026-main/vendor/laravel/framework/src/Illuminate/Foundation/Exceptions/Handler.php(594): Illuminate\\Foundation\\Exceptions\\Handler->renderExceptionResponse(Object(Illuminate\\Http\\Request), Object(ErrorException))
#19 /Users/ahmedmosaad/Herd/myclass2026-main/vendor/laravel/framework/src/Illuminate/Routing/Pipeline.php(51): Illuminate\\Foundation\\Exceptions\\Handler->render(Object(Illuminate\\Http\\Request), Object(ErrorException))
#20 /Users/ahmedmosaad/Herd/myclass2026-main/vendor/laravel/framework/src/Illuminate/Pipeline/Pipeline.php(214): Illuminate\\Routing\\Pipeline->handleException(Object(Illuminate\\Http\\Request), Object(ErrorException))
#21 /Users/ahmedmosaad/Herd/myclass2026-main/vendor/laravel/framework/src/Illuminate/Session/Middleware/AuthenticateSession.php(67): Illuminate\\Pipeline\\Pipeline->{closure:{closure:Illuminate\\Pipeline\\Pipeline::carry():184}:185}(Object(Illuminate\\Http\\Request))
#22 /Users/ahmedmosaad/Herd/myclass2026-main/vendor/laravel/framework/src/Illuminate/Pipeline/Pipeline.php(209): Illuminate\\Session\\Middleware\\AuthenticateSession->handle(Object(Illuminate\\Http\\Request), Object(Closure))
#23 /Users/ahmedmosaad/Herd/myclass2026-main/vendor/laravel/framework/src/Illuminate/Auth/Middleware/Authenticate.php(64): Illuminate\\Pipeline\\Pipeline->{closure:{closure:Illuminate\\Pipeline\\Pipeline::carry():184}:185}(Object(Illuminate\\Http\\Request))
#24 /Users/ahmedmosaad/Herd/myclass2026-main/vendor/laravel/framework/src/Illuminate/Pipeline/Pipeline.php(209): Illuminate\\Auth\\Middleware\\Authenticate->handle(Object(Illuminate\\Http\\Request), Object(Closure), 'sanctum')
#25 /Users/ahmedmosaad/Herd/myclass2026-main/vendor/laravel/framework/src/Illuminate/Foundation/Http/Middleware/VerifyCsrfToken.php(88): Illuminate\\Pipeline\\Pipeline->{closure:{closure:Illuminate\\Pipeline\\Pipeline::carry():184}:185}(Object(Illuminate\\Http\\Request))
#26 /Users/ahmedmosaad/Herd/myclass2026-main/vendor/laravel/framework/src/Illuminate/Pipeline/Pipeline.php(209): Illuminate\\Foundation\\Http\\Middleware\\VerifyCsrfToken->handle(Object(Illuminate\\Http\\Request), Object(Closure))
#27 /Users/ahmedmosaad/Herd/myclass2026-main/vendor/laravel/framework/src/Illuminate/View/Middleware/ShareErrorsFromSession.php(49): Illuminate\\Pipeline\\Pipeline->{closure:{closure:Illuminate\\Pipeline\\Pipeline::carry():184}:185}(Object(Illuminate\\Http\\Request))
#28 /Users/ahmedmosaad/Herd/myclass2026-main/vendor/laravel/framework/src/Illuminate/Pipeline/Pipeline.php(209): Illuminate\\View\\Middleware\\ShareErrorsFromSession->handle(Object(Illuminate\\Http\\Request), Object(Closure))
#29 /Users/ahmedmosaad/Herd/myclass2026-main/vendor/laravel/framework/src/Illuminate/Session/Middleware/StartSession.php(121): Illuminate\\Pipeline\\Pipeline->{closure:{closure:Illuminate\\Pipeline\\Pipeline::carry():184}:185}(Object(Illuminate\\Http\\Request))
#30 /Users/ahmedmosaad/Herd/myclass2026-main/vendor/laravel/framework/src/Illuminate/Session/Middleware/StartSession.php(64): Illuminate\\Session\\Middleware\\StartSession->handleStatefulRequest(Object(Illuminate\\Http\\Request), Object(Illuminate\\Session\\Store), Object(Closure))
#31 /Users/ahmedmosaad/Herd/myclass2026-main/vendor/laravel/framework/src/Illuminate/Pipeline/Pipeline.php(209): Illuminate\\Session\\Middleware\\StartSession->handle(Object(Illuminate\\Http\\Request), Object(Closure))
#32 /Users/ahmedmosaad/Herd/myclass2026-main/vendor/laravel/framework/src/Illuminate/Cookie/Middleware/AddQueuedCookiesToResponse.php(37): Illuminate\\Pipeline\\Pipeline->{closure:{closure:Illuminate\\Pipeline\\Pipeline::carry():184}:185}(Object(Illuminate\\Http\\Request))
#33 /Users/ahmedmosaad/Herd/myclass2026-main/vendor/laravel/framework/src/Illuminate/Pipeline/Pipeline.php(209): Illuminate\\Cookie\\Middleware\\AddQueuedCookiesToResponse->handle(Object(Illuminate\\Http\\Request), Object(Closure))
#34 /Users/ahmedmosaad/Herd/myclass2026-main/vendor/laravel/framework/src/Illuminate/Cookie/Middleware/EncryptCookies.php(75): Illuminate\\Pipeline\\Pipeline->{closure:{closure:Illuminate\\Pipeline\\Pipeline::carry():184}:185}(Object(Illuminate\\Http\\Request))
#35 /Users/ahmedmosaad/Herd/myclass2026-main/vendor/laravel/framework/src/Illuminate/Pipeline/Pipeline.php(209): Illuminate\\Cookie\\Middleware\\EncryptCookies->handle(Object(Illuminate\\Http\\Request), Object(Closure))
#36 /Users/ahmedmosaad/Herd/myclass2026-main/vendor/laravel/framework/src/Illuminate/Pipeline/Pipeline.php(127): Illuminate\\Pipeline\\Pipeline->{closure:{closure:Illuminate\\Pipeline\\Pipeline::carry():184}:185}(Object(Illuminate\\Http\\Request))
#37 /Users/ahmedmosaad/Herd/myclass2026-main/vendor/laravel/framework/src/Illuminate/Routing/Router.php(807): Illuminate\\Pipeline\\Pipeline->then(Object(Closure))
#38 /Users/ahmedmosaad/Herd/myclass2026-main/vendor/laravel/framework/src/Illuminate/Routing/Router.php(786): Illuminate\\Routing\\Router->runRouteWithinStack(Object(Illuminate\\Routing\\Route), Object(Illuminate\\Http\\Request))
#39 /Users/ahmedmosaad/Herd/myclass2026-main/vendor/laravel/framework/src/Illuminate/Routing/Router.php(750): Illuminate\\Routing\\Router->runRoute(Object(Illuminate\\Http\\Request), Object(Illuminate\\Routing\\Route))
#40 /Users/ahmedmosaad/Herd/myclass2026-main/vendor/laravel/framework/src/Illuminate/Routing/Router.php(739): Illuminate\\Routing\\Router->dispatchToRoute(Object(Illuminate\\Http\\Request))
#41 /Users/ahmedmosaad/Herd/myclass2026-main/vendor/laravel/framework/src/Illuminate/Foundation/Http/Kernel.php(201): Illuminate\\Routing\\Router->dispatch(Object(Illuminate\\Http\\Request))
#42 /Users/ahmedmosaad/Herd/myclass2026-main/vendor/laravel/framework/src/Illuminate/Pipeline/Pipeline.php(170): Illuminate\\Foundation\\Http\\Kernel->{closure:Illuminate\\Foundation\\Http\\Kernel::dispatchToRouter():198}(Object(Illuminate\\Http\\Request))
#43 /Users/ahmedmosaad/Herd/myclass2026-main/vendor/laravel/framework/src/Illuminate/Foundation/Http/Middleware/TransformsRequest.php(21): Illuminate\\Pipeline\\Pipeline->{closure:Illuminate\\Pipeline\\Pipeline::prepareDestination():168}(Object(Illuminate\\Http\\Request))
#44 /Users/ahmedmosaad/Herd/myclass2026-main/vendor/laravel/framework/src/Illuminate/Foundation/Http/Middleware/ConvertEmptyStringsToNull.php(31): Illuminate\\Foundation\\Http\\Middleware\\TransformsRequest->handle(Object(Illuminate\\Http\\Request), Object(Closure))
#45 /Users/ahmedmosaad/Herd/myclass2026-main/vendor/laravel/framework/src/Illuminate/Pipeline/Pipeline.php(209): Illuminate\\Foundation\\Http\\Middleware\\ConvertEmptyStringsToNull->handle(Object(Illuminate\\Http\\Request), Object(Closure))
#46 /Users/ahmedmosaad/Herd/myclass2026-main/vendor/laravel/framework/src/Illuminate/Foundation/Http/Middleware/TransformsRequest.php(21): Illuminate\\Pipeline\\Pipeline->{closure:{closure:Illuminate\\Pipeline\\Pipeline::carry():184}:185}(Object(Illuminate\\Http\\Request))
#47 /Users/ahmedmosaad/Herd/myclass2026-main/vendor/laravel/framework/src/Illuminate/Foundation/Http/Middleware/TrimStrings.php(51): Illuminate\\Foundation\\Http\\Middleware\\TransformsRequest->handle(Object(Illuminate\\Http\\Request), Object(Closure))
#48 /Users/ahmedmosaad/Herd/myclass2026-main/vendor/laravel/framework/src/Illuminate/Pipeline/Pipeline.php(209): Illuminate\\Foundation\\Http\\Middleware\\TrimStrings->handle(Object(Illuminate\\Http\\Request), Object(Closure))
#49 /Users/ahmedmosaad/Herd/myclass2026-main/vendor/laravel/framework/src/Illuminate/Http/Middleware/ValidatePostSize.php(27): Illuminate\\Pipeline\\Pipeline->{closure:{closure:Illuminate\\Pipeline\\Pipeline::carry():184}:185}(Object(Illuminate\\Http\\Request))
#50 /Users/ahmedmosaad/Herd/myclass2026-main/vendor/laravel/framework/src/Illuminate/Pipeline/Pipeline.php(209): Illuminate\\Http\\Middleware\\ValidatePostSize->handle(Object(Illuminate\\Http\\Request), Object(Closure))
#51 /Users/ahmedmosaad/Herd/myclass2026-main/vendor/laravel/framework/src/Illuminate/Foundation/Http/Middleware/PreventRequestsDuringMaintenance.php(110): Illuminate\\Pipeline\\Pipeline->{closure:{closure:Illuminate\\Pipeline\\Pipeline::carry():184}:185}(Object(Illuminate\\Http\\Request))
#52 /Users/ahmedmosaad/Herd/myclass2026-main/vendor/laravel/framework/src/Illuminate/Pipeline/Pipeline.php(209): Illuminate\\Foundation\\Http\\Middleware\\PreventRequestsDuringMaintenance->handle(Object(Illuminate\\Http\\Request), Object(Closure))
#53 /Users/ahmedmosaad/Herd/myclass2026-main/vendor/laravel/framework/src/Illuminate/Http/Middleware/HandleCors.php(49): Illuminate\\Pipeline\\Pipeline->{closure:{closure:Illuminate\\Pipeline\\Pipeline::carry():184}:185}(Object(Illuminate\\Http\\Request))
#54 /Users/ahmedmosaad/Herd/myclass2026-main/vendor/laravel/framework/src/Illuminate/Pipeline/Pipeline.php(209): Illuminate\\Http\\Middleware\\HandleCors->handle(Object(Illuminate\\Http\\Request), Object(Closure))
#55 /Users/ahmedmosaad/Herd/myclass2026-main/vendor/laravel/framework/src/Illuminate/Http/Middleware/TrustProxies.php(58): Illuminate\\Pipeline\\Pipeline->{closure:{closure:Illuminate\\Pipeline\\Pipeline::carry():184}:185}(Object(Illuminate\\Http\\Request))
#56 /Users/ahmedmosaad/Herd/myclass2026-main/vendor/laravel/framework/src/Illuminate/Pipeline/Pipeline.php(209): Illuminate\\Http\\Middleware\\TrustProxies->handle(Object(Illuminate\\Http\\Request), Object(Closure))
#57 /Users/ahmedmosaad/Herd/myclass2026-main/vendor/laravel/framework/src/Illuminate/Foundation/Http/Middleware/InvokeDeferredCallbacks.php(22): Illuminate\\Pipeline\\Pipeline->{closure:{closure:Illuminate\\Pipeline\\Pipeline::carry():184}:185}(Object(Illuminate\\Http\\Request))
#58 /Users/ahmedmosaad/Herd/myclass2026-main/vendor/laravel/framework/src/Illuminate/Pipeline/Pipeline.php(209): Illuminate\\Foundation\\Http\\Middleware\\InvokeDeferredCallbacks->handle(Object(Illuminate\\Http\\Request), Object(Closure))
#59 /Users/ahmedmosaad/Herd/myclass2026-main/vendor/laravel/framework/src/Illuminate/Http/Middleware/ValidatePathEncoding.php(26): Illuminate\\Pipeline\\Pipeline->{closure:{closure:Illuminate\\Pipeline\\Pipeline::carry():184}:185}(Object(Illuminate\\Http\\Request))
#60 /Users/ahmedmosaad/Herd/myclass2026-main/vendor/laravel/framework/src/Illuminate/Pipeline/Pipeline.php(209): Illuminate\\Http\\Middleware\\ValidatePathEncoding->handle(Object(Illuminate\\Http\\Request), Object(Closure))
#61 /Users/ahmedmosaad/Herd/myclass2026-main/vendor/laravel/framework/src/Illuminate/Pipeline/Pipeline.php(127): Illuminate\\Pipeline\\Pipeline->{closure:{closure:Illuminate\\Pipeline\\Pipeline::carry():184}:185}(Object(Illuminate\\Http\\Request))
#62 /Users/ahmedmosaad/Herd/myclass2026-main/vendor/laravel/framework/src/Illuminate/Foundation/Http/Kernel.php(176): Illuminate\\Pipeline\\Pipeline->then(Object(Closure))
#63 /Users/ahmedmosaad/Herd/myclass2026-main/vendor/laravel/framework/src/Illuminate/Foundation/Http/Kernel.php(145): Illuminate\\Foundation\\Http\\Kernel->sendRequestThroughRouter(Object(Illuminate\\Http\\Request))
#64 /Users/ahmedmosaad/Herd/myclass2026-main/vendor/laravel/framework/src/Illuminate/Foundation/Application.php(1220): Illuminate\\Foundation\\Http\\Kernel->handle(Object(Illuminate\\Http\\Request))
#65 /Users/ahmedmosaad/Herd/myclass2026-main/public/index.php(20): Illuminate\\Foundation\\Application->handleRequest(Object(Illuminate\\Http\\Request))
#66 /Users/ahmedmosaad/Herd/myclass2026-main/vendor/laravel/framework/src/Illuminate/Foundation/resources/server.php(23): require_once('/Users/ahmedmos...')
#67 {main}
"} 
[2026-02-07 11:48:17] local.ERROR: include(assets/images/icon-copy.svg): Failed to open stream: No such file or directory {"userId":810,"exception":"[object] (ErrorException(code: 0): include(assets/images/icon-copy.svg): Failed to open stream: No such file or directory at /Users/ahmedmosaad/Herd/myclass2026-main/vendor/symfony/error-handler/ErrorRenderer/HtmlErrorRenderer.php:341)
[stacktrace]
#0 /Users/ahmedmosaad/Herd/myclass2026-main/vendor/laravel/framework/src/Illuminate/Foundation/Bootstrap/HandleExceptions.php(256): Illuminate\\Foundation\\Bootstrap\\HandleExceptions->handleError(2, 'include(assets/...', '/Users/ahmedmos...', 341)
#1 /Users/ahmedmosaad/Herd/myclass2026-main/vendor/symfony/error-handler/ErrorRenderer/HtmlErrorRenderer.php(341): Illuminate\\Foundation\\Bootstrap\\HandleExceptions->{closure:Illuminate\\Foundation\\Bootstrap\\HandleExceptions::forwardsTo():255}(2, 'include(assets/...', '/Users/ahmedmos...', 341)
#2 /Users/ahmedmosaad/Herd/myclass2026-main/vendor/symfony/error-handler/ErrorRenderer/HtmlErrorRenderer.php(341): include('/Users/ahmedmos...')
#3 /Users/ahmedmosaad/Herd/myclass2026-main/vendor/symfony/error-handler/Resources/views/trace.html.php(29): Symfony\\Component\\ErrorHandler\\ErrorRenderer\\HtmlErrorRenderer->include('assets/images/i...')
#4 /Users/ahmedmosaad/Herd/myclass2026-main/vendor/symfony/error-handler/ErrorRenderer/HtmlErrorRenderer.php(341): include('/Users/ahmedmos...')
#5 /Users/ahmedmosaad/Herd/myclass2026-main/vendor/symfony/error-handler/Resources/views/traces.html.php(48): Symfony\\Component\\ErrorHandler\\ErrorRenderer\\HtmlErrorRenderer->include('views/trace.htm...', Array)
#6 /Users/ahmedmosaad/Herd/myclass2026-main/vendor/symfony/error-handler/ErrorRenderer/HtmlErrorRenderer.php(341): include('/Users/ahmedmos...')
#7 /Users/ahmedmosaad/Herd/myclass2026-main/vendor/symfony/error-handler/Resources/views/exception.html.php(54): Symfony\\Component\\ErrorHandler\\ErrorRenderer\\HtmlErrorRenderer->include('views/traces.ht...', Array)
#8 /Users/ahmedmosaad/Herd/myclass2026-main/vendor/symfony/error-handler/ErrorRenderer/HtmlErrorRenderer.php(341): include('/Users/ahmedmos...')
#9 /Users/ahmedmosaad/Herd/myclass2026-main/vendor/symfony/error-handler/Resources/views/exception_full.html.php(35): Symfony\\Component\\ErrorHandler\\ErrorRenderer\\HtmlErrorRenderer->include('views/exception...', Array)
#10 /Users/ahmedmosaad/Herd/myclass2026-main/vendor/symfony/error-handler/ErrorRenderer/HtmlErrorRenderer.php(341): include('/Users/ahmedmos...')
#11 /Users/ahmedmosaad/Herd/myclass2026-main/vendor/symfony/error-handler/ErrorRenderer/HtmlErrorRenderer.php(140): Symfony\\Component\\ErrorHandler\\ErrorRenderer\\HtmlErrorRenderer->include('views/exception...', Array)
#12 /Users/ahmedmosaad/Herd/myclass2026-main/vendor/symfony/error-handler/ErrorRenderer/HtmlErrorRenderer.php(72): Symfony\\Component\\ErrorHandler\\ErrorRenderer\\HtmlErrorRenderer->renderException(Object(Symfony\\Component\\ErrorHandler\\Exception\\FlattenException))
#13 /Users/ahmedmosaad/Herd/myclass2026-main/vendor/laravel/framework/src/Illuminate/Foundation/Exceptions/Handler.php(879): Symfony\\Component\\ErrorHandler\\ErrorRenderer\\HtmlErrorRenderer->render(Object(Symfony\\Component\\ErrorHandler\\Exception\\FlattenException))
#14 /Users/ahmedmosaad/Herd/myclass2026-main/vendor/laravel/framework/src/Illuminate/Foundation/Exceptions/Handler.php(853): Illuminate\\Foundation\\Exceptions\\Handler->renderExceptionWithSymfony(Object(ErrorException), true)
#15 /Users/ahmedmosaad/Herd/myclass2026-main/vendor/laravel/framework/src/Illuminate/Foundation/Exceptions/Handler.php(828): Illuminate\\Foundation\\Exceptions\\Handler->renderExceptionContent(Object(ErrorException))
#16 /Users/ahmedmosaad/Herd/myclass2026-main/vendor/laravel/framework/src/Illuminate/Foundation/Exceptions/Handler.php(807): Illuminate\\Foundation\\Exceptions\\Handler->convertExceptionToResponse(Object(ErrorException))
#17 /Users/ahmedmosaad/Herd/myclass2026-main/vendor/laravel/framework/src/Illuminate/Foundation/Exceptions/Handler.php(706): Illuminate\\Foundation\\Exceptions\\Handler->prepareResponse(Object(Illuminate\\Http\\Request), Object(ErrorException))
#18 /Users/ahmedmosaad/Herd/myclass2026-main/vendor/laravel/framework/src/Illuminate/Foundation/Exceptions/Handler.php(594): Illuminate\\Foundation\\Exceptions\\Handler->renderExceptionResponse(Object(Illuminate\\Http\\Request), Object(ErrorException))
#19 /Users/ahmedmosaad/Herd/myclass2026-main/vendor/laravel/framework/src/Illuminate/Routing/Pipeline.php(51): Illuminate\\Foundation\\Exceptions\\Handler->render(Object(Illuminate\\Http\\Request), Object(ErrorException))
#20 /Users/ahmedmosaad/Herd/myclass2026-main/vendor/laravel/framework/src/Illuminate/Pipeline/Pipeline.php(214): Illuminate\\Routing\\Pipeline->handleException(Object(Illuminate\\Http\\Request), Object(ErrorException))
#21 /Users/ahmedmosaad/Herd/myclass2026-main/vendor/laravel/framework/src/Illuminate/Auth/Middleware/Authenticate.php(64): Illuminate\\Pipeline\\Pipeline->{closure:{closure:Illuminate\\Pipeline\\Pipeline::carry():184}:185}(Object(Illuminate\\Http\\Request))
#22 /Users/ahmedmosaad/Herd/myclass2026-main/vendor/laravel/framework/src/Illuminate/Pipeline/Pipeline.php(209): Illuminate\\Auth\\Middleware\\Authenticate->handle(Object(Illuminate\\Http\\Request), Object(Closure), 'sanctum')
#23 /Users/ahmedmosaad/Herd/myclass2026-main/vendor/laravel/framework/src/Illuminate/Foundation/Http/Middleware/VerifyCsrfToken.php(88): Illuminate\\Pipeline\\Pipeline->{closure:{closure:Illuminate\\Pipeline\\Pipeline::carry():184}:185}(Object(Illuminate\\Http\\Request))
#24 /Users/ahmedmosaad/Herd/myclass2026-main/vendor/laravel/framework/src/Illuminate/Pipeline/Pipeline.php(209): Illuminate\\Foundation\\Http\\Middleware\\VerifyCsrfToken->handle(Object(Illuminate\\Http\\Request), Object(Closure))
#25 /Users/ahmedmosaad/Herd/myclass2026-main/vendor/laravel/framework/src/Illuminate/View/Middleware/ShareErrorsFromSession.php(49): Illuminate\\Pipeline\\Pipeline->{closure:{closure:Illuminate\\Pipeline\\Pipeline::carry():184}:185}(Object(Illuminate\\Http\\Request))
#26 /Users/ahmedmosaad/Herd/myclass2026-main/vendor/laravel/framework/src/Illuminate/Pipeline/Pipeline.php(209): Illuminate\\View\\Middleware\\ShareErrorsFromSession->handle(Object(Illuminate\\Http\\Request), Object(Closure))
#27 /Users/ahmedmosaad/Herd/myclass2026-main/vendor/laravel/framework/src/Illuminate/Session/Middleware/StartSession.php(121): Illuminate\\Pipeline\\Pipeline->{closure:{closure:Illuminate\\Pipeline\\Pipeline::carry():184}:185}(Object(Illuminate\\Http\\Request))
#28 /Users/ahmedmosaad/Herd/myclass2026-main/vendor/laravel/framework/src/Illuminate/Session/Middleware/StartSession.php(64): Illuminate\\Session\\Middleware\\StartSession->handleStatefulRequest(Object(Illuminate\\Http\\Request), Object(Illuminate\\Session\\Store), Object(Closure))
#29 /Users/ahmedmosaad/Herd/myclass2026-main/vendor/laravel/framework/src/Illuminate/Pipeline/Pipeline.php(209): Illuminate\\Session\\Middleware\\StartSession->handle(Object(Illuminate\\Http\\Request), Object(Closure))
#30 /Users/ahmedmosaad/Herd/myclass2026-main/vendor/laravel/framework/src/Illuminate/Cookie/Middleware/AddQueuedCookiesToResponse.php(37): Illuminate\\Pipeline\\Pipeline->{closure:{closure:Illuminate\\Pipeline\\Pipeline::carry():184}:185}(Object(Illuminate\\Http\\Request))
#31 /Users/ahmedmosaad/Herd/myclass2026-main/vendor/laravel/framework/src/Illuminate/Pipeline/Pipeline.php(209): Illuminate\\Cookie\\Middleware\\AddQueuedCookiesToResponse->handle(Object(Illuminate\\Http\\Request), Object(Closure))
#32 /Users/ahmedmosaad/Herd/myclass2026-main/vendor/laravel/framework/src/Illuminate/Cookie/Middleware/EncryptCookies.php(75): Illuminate\\Pipeline\\Pipeline->{closure:{closure:Illuminate\\Pipeline\\Pipeline::carry():184}:185}(Object(Illuminate\\Http\\Request))
#33 /Users/ahmedmosaad/Herd/myclass2026-main/vendor/laravel/framework/src/Illuminate/Pipeline/Pipeline.php(209): Illuminate\\Cookie\\Middleware\\EncryptCookies->handle(Object(Illuminate\\Http\\Request), Object(Closure))
#34 /Users/ahmedmosaad/Herd/myclass2026-main/vendor/laravel/framework/src/Illuminate/Pipeline/Pipeline.php(127): Illuminate\\Pipeline\\Pipeline->{closure:{closure:Illuminate\\Pipeline\\Pipeline::carry():184}:185}(Object(Illuminate\\Http\\Request))
#35 /Users/ahmedmosaad/Herd/myclass2026-main/vendor/laravel/framework/src/Illuminate/Routing/Router.php(807): Illuminate\\Pipeline\\Pipeline->then(Object(Closure))
#36 /Users/ahmedmosaad/Herd/myclass2026-main/vendor/laravel/framework/src/Illuminate/Routing/Router.php(786): Illuminate\\Routing\\Router->runRouteWithinStack(Object(Illuminate\\Routing\\Route), Object(Illuminate\\Http\\Request))
#37 /Users/ahmedmosaad/Herd/myclass2026-main/vendor/laravel/framework/src/Illuminate/Routing/Router.php(750): Illuminate\\Routing\\Router->runRoute(Object(Illuminate\\Http\\Request), Object(Illuminate\\Routing\\Route))
#38 /Users/ahmedmosaad/Herd/myclass2026-main/vendor/laravel/framework/src/Illuminate/Routing/Router.php(739): Illuminate\\Routing\\Router->dispatchToRoute(Object(Illuminate\\Http\\Request))
#39 /Users/ahmedmosaad/Herd/myclass2026-main/vendor/laravel/framework/src/Illuminate/Foundation/Http/Kernel.php(201): Illuminate\\Routing\\Router->dispatch(Object(Illuminate\\Http\\Request))
#40 /Users/ahmedmosaad/Herd/myclass2026-main/vendor/laravel/framework/src/Illuminate/Pipeline/Pipeline.php(170): Illuminate\\Foundation\\Http\\Kernel->{closure:Illuminate\\Foundation\\Http\\Kernel::dispatchToRouter():198}(Object(Illuminate\\Http\\Request))
#41 /Users/ahmedmosaad/Herd/myclass2026-main/vendor/laravel/framework/src/Illuminate/Foundation/Http/Middleware/TransformsRequest.php(21): Illuminate\\Pipeline\\Pipeline->{closure:Illuminate\\Pipeline\\Pipeline::prepareDestination():168}(Object(Illuminate\\Http\\Request))
#42 /Users/ahmedmosaad/Herd/myclass2026-main/vendor/laravel/framework/src/Illuminate/Foundation/Http/Middleware/ConvertEmptyStringsToNull.php(31): Illuminate\\Foundation\\Http\\Middleware\\TransformsRequest->handle(Object(Illuminate\\Http\\Request), Object(Closure))
#43 /Users/ahmedmosaad/Herd/myclass2026-main/vendor/laravel/framework/src/Illuminate/Pipeline/Pipeline.php(209): Illuminate\\Foundation\\Http\\Middleware\\ConvertEmptyStringsToNull->handle(Object(Illuminate\\Http\\Request), Object(Closure))
#44 /Users/ahmedmosaad/Herd/myclass2026-main/vendor/laravel/framework/src/Illuminate/Foundation/Http/Middleware/TransformsRequest.php(21): Illuminate\\Pipeline\\Pipeline->{closure:{closure:Illuminate\\Pipeline\\Pipeline::carry():184}:185}(Object(Illuminate\\Http\\Request))
#45 /Users/ahmedmosaad/Herd/myclass2026-main/vendor/laravel/framework/src/Illuminate/Foundation/Http/Middleware/TrimStrings.php(51): Illuminate\\Foundation\\Http\\Middleware\\TransformsRequest->handle(Object(Illuminate\\Http\\Request), Object(Closure))
#46 /Users/ahmedmosaad/Herd/myclass2026-main/vendor/laravel/framework/src/Illuminate/Pipeline/Pipeline.php(209): Illuminate\\Foundation\\Http\\Middleware\\TrimStrings->handle(Object(Illuminate\\Http\\Request), Object(Closure))
#47 /Users/ahmedmosaad/Herd/myclass2026-main/vendor/laravel/framework/src/Illuminate/Http/Middleware/ValidatePostSize.php(27): Illuminate\\Pipeline\\Pipeline->{closure:{closure:Illuminate\\Pipeline\\Pipeline::carry():184}:185}(Object(Illuminate\\Http\\Request))
#48 /Users/ahmedmosaad/Herd/myclass2026-main/vendor/laravel/framework/src/Illuminate/Pipeline/Pipeline.php(209): Illuminate\\Http\\Middleware\\ValidatePostSize->handle(Object(Illuminate\\Http\\Request), Object(Closure))
#49 /Users/ahmedmosaad/Herd/myclass2026-main/vendor/laravel/framework/src/Illuminate/Foundation/Http/Middleware/PreventRequestsDuringMaintenance.php(110): Illuminate\\Pipeline\\Pipeline->{closure:{closure:Illuminate\\Pipeline\\Pipeline::carry():184}:185}(Object(Illuminate\\Http\\Request))
#50 /Users/ahmedmosaad/Herd/myclass2026-main/vendor/laravel/framework/src/Illuminate/Pipeline/Pipeline.php(209): Illuminate\\Foundation\\Http\\Middleware\\PreventRequestsDuringMaintenance->handle(Object(Illuminate\\Http\\Request), Object(Closure))
#51 /Users/ahmedmosaad/Herd/myclass2026-main/vendor/laravel/framework/src/Illuminate/Http/Middleware/HandleCors.php(49): Illuminate\\Pipeline\\Pipeline->{closure:{closure:Illuminate\\Pipeline\\Pipeline::carry():184}:185}(Object(Illuminate\\Http\\Request))
#52 /Users/ahmedmosaad/Herd/myclass2026-main/vendor/laravel/framework/src/Illuminate/Pipeline/Pipeline.php(209): Illuminate\\Http\\Middleware\\HandleCors->handle(Object(Illuminate\\Http\\Request), Object(Closure))
#53 /Users/ahmedmosaad/Herd/myclass2026-main/vendor/laravel/framework/src/Illuminate/Http/Middleware/TrustProxies.php(58): Illuminate\\Pipeline\\Pipeline->{closure:{closure:Illuminate\\Pipeline\\Pipeline::carry():184}:185}(Object(Illuminate\\Http\\Request))
#54 /Users/ahmedmosaad/Herd/myclass2026-main/vendor/laravel/framework/src/Illuminate/Pipeline/Pipeline.php(209): Illuminate\\Http\\Middleware\\TrustProxies->handle(Object(Illuminate\\Http\\Request), Object(Closure))
#55 /Users/ahmedmosaad/Herd/myclass2026-main/vendor/laravel/framework/src/Illuminate/Foundation/Http/Middleware/InvokeDeferredCallbacks.php(22): Illuminate\\Pipeline\\Pipeline->{closure:{closure:Illuminate\\Pipeline\\Pipeline::carry():184}:185}(Object(Illuminate\\Http\\Request))
#56 /Users/ahmedmosaad/Herd/myclass2026-main/vendor/laravel/framework/src/Illuminate/Pipeline/Pipeline.php(209): Illuminate\\Foundation\\Http\\Middleware\\InvokeDeferredCallbacks->handle(Object(Illuminate\\Http\\Request), Object(Closure))
#57 /Users/ahmedmosaad/Herd/myclass2026-main/vendor/laravel/framework/src/Illuminate/Http/Middleware/ValidatePathEncoding.php(26): Illuminate\\Pipeline\\Pipeline->{closure:{closure:Illuminate\\Pipeline\\Pipeline::carry():184}:185}(Object(Illuminate\\Http\\Request))
#58 /Users/ahmedmosaad/Herd/myclass2026-main/vendor/laravel/framework/src/Illuminate/Pipeline/Pipeline.php(209): Illuminate\\Http\\Middleware\\ValidatePathEncoding->handle(Object(Illuminate\\Http\\Request), Object(Closure))
#59 /Users/ahmedmosaad/Herd/myclass2026-main/vendor/laravel/framework/src/Illuminate/Pipeline/Pipeline.php(127): Illuminate\\Pipeline\\Pipeline->{closure:{closure:Illuminate\\Pipeline\\Pipeline::carry():184}:185}(Object(Illuminate\\Http\\Request))
#60 /Users/ahmedmosaad/Herd/myclass2026-main/vendor/laravel/framework/src/Illuminate/Foundation/Http/Kernel.php(176): Illuminate\\Pipeline\\Pipeline->then(Object(Closure))
#61 /Users/ahmedmosaad/Herd/myclass2026-main/vendor/laravel/framework/src/Illuminate/Foundation/Http/Kernel.php(145): Illuminate\\Foundation\\Http\\Kernel->sendRequestThroughRouter(Object(Illuminate\\Http\\Request))
#62 /Users/ahmedmosaad/Herd/myclass2026-main/vendor/laravel/framework/src/Illuminate/Foundation/Application.php(1220): Illuminate\\Foundation\\Http\\Kernel->handle(Object(Illuminate\\Http\\Request))
#63 /Users/ahmedmosaad/Herd/myclass2026-main/public/index.php(20): Illuminate\\Foundation\\Application->handleRequest(Object(Illuminate\\Http\\Request))
#64 /Users/ahmedmosaad/Herd/myclass2026-main/vendor/laravel/framework/src/Illuminate/Foundation/resources/server.php(23): require_once('/Users/ahmedmos...')
#65 {main}
"} 
[2026-02-07 11:48:17] local.ERROR: include(assets/images/icon-copy.svg): Failed to open stream: No such file or directory {"userId":810,"exception":"[object] (ErrorException(code: 0): include(assets/images/icon-copy.svg): Failed to open stream: No such file or directory at /Users/ahmedmosaad/Herd/myclass2026-main/vendor/symfony/error-handler/ErrorRenderer/HtmlErrorRenderer.php:341)
[stacktrace]
#0 /Users/ahmedmosaad/Herd/myclass2026-main/vendor/laravel/framework/src/Illuminate/Foundation/Bootstrap/HandleExceptions.php(256): Illuminate\\Foundation\\Bootstrap\\HandleExceptions->handleError(2, 'include(assets/...', '/Users/ahmedmos...', 341)
#1 /Users/ahmedmosaad/Herd/myclass2026-main/vendor/symfony/error-handler/ErrorRenderer/HtmlErrorRenderer.php(341): Illuminate\\Foundation\\Bootstrap\\HandleExceptions->{closure:Illuminate\\Foundation\\Bootstrap\\HandleExceptions::forwardsTo():255}(2, 'include(assets/...', '/Users/ahmedmos...', 341)
#2 /Users/ahmedmosaad/Herd/myclass2026-main/vendor/symfony/error-handler/ErrorRenderer/HtmlErrorRenderer.php(341): include('/Users/ahmedmos...')
#3 /Users/ahmedmosaad/Herd/myclass2026-main/vendor/symfony/error-handler/Resources/views/trace.html.php(29): Symfony\\Component\\ErrorHandler\\ErrorRenderer\\HtmlErrorRenderer->include('assets/images/i...')
#4 /Users/ahmedmosaad/Herd/myclass2026-main/vendor/symfony/error-handler/ErrorRenderer/HtmlErrorRenderer.php(341): include('/Users/ahmedmos...')
#5 /Users/ahmedmosaad/Herd/myclass2026-main/vendor/symfony/error-handler/Resources/views/traces.html.php(48): Symfony\\Component\\ErrorHandler\\ErrorRenderer\\HtmlErrorRenderer->include('views/trace.htm...', Array)
#6 /Users/ahmedmosaad/Herd/myclass2026-main/vendor/symfony/error-handler/ErrorRenderer/HtmlErrorRenderer.php(341): include('/Users/ahmedmos...')
#7 /Users/ahmedmosaad/Herd/myclass2026-main/vendor/symfony/error-handler/Resources/views/exception.html.php(54): Symfony\\Component\\ErrorHandler\\ErrorRenderer\\HtmlErrorRenderer->include('views/traces.ht...', Array)
#8 /Users/ahmedmosaad/Herd/myclass2026-main/vendor/symfony/error-handler/ErrorRenderer/HtmlErrorRenderer.php(341): include('/Users/ahmedmos...')
#9 /Users/ahmedmosaad/Herd/myclass2026-main/vendor/symfony/error-handler/Resources/views/exception_full.html.php(35): Symfony\\Component\\ErrorHandler\\ErrorRenderer\\HtmlErrorRenderer->include('views/exception...', Array)
#10 /Users/ahmedmosaad/Herd/myclass2026-main/vendor/symfony/error-handler/ErrorRenderer/HtmlErrorRenderer.php(341): include('/Users/ahmedmos...')
#11 /Users/ahmedmosaad/Herd/myclass2026-main/vendor/symfony/error-handler/ErrorRenderer/HtmlErrorRenderer.php(140): Symfony\\Component\\ErrorHandler\\ErrorRenderer\\HtmlErrorRenderer->include('views/exception...', Array)
#12 /Users/ahmedmosaad/Herd/myclass2026-main/vendor/symfony/error-handler/ErrorRenderer/HtmlErrorRenderer.php(72): Symfony\\Component\\ErrorHandler\\ErrorRenderer\\HtmlErrorRenderer->renderException(Object(Symfony\\Component\\ErrorHandler\\Exception\\FlattenException))
#13 /Users/ahmedmosaad/Herd/myclass2026-main/vendor/laravel/framework/src/Illuminate/Foundation/Exceptions/Handler.php(879): Symfony\\Component\\ErrorHandler\\ErrorRenderer\\HtmlErrorRenderer->render(Object(Symfony\\Component\\ErrorHandler\\Exception\\FlattenException))
#14 /Users/ahmedmosaad/Herd/myclass2026-main/vendor/laravel/framework/src/Illuminate/Foundation/Exceptions/Handler.php(853): Illuminate\\Foundation\\Exceptions\\Handler->renderExceptionWithSymfony(Object(ErrorException), true)
#15 /Users/ahmedmosaad/Herd/myclass2026-main/vendor/laravel/framework/src/Illuminate/Foundation/Exceptions/Handler.php(828): Illuminate\\Foundation\\Exceptions\\Handler->renderExceptionContent(Object(ErrorException))
#16 /Users/ahmedmosaad/Herd/myclass2026-main/vendor/laravel/framework/src/Illuminate/Foundation/Exceptions/Handler.php(807): Illuminate\\Foundation\\Exceptions\\Handler->convertExceptionToResponse(Object(ErrorException))
#17 /Users/ahmedmosaad/Herd/myclass2026-main/vendor/laravel/framework/src/Illuminate/Foundation/Exceptions/Handler.php(706): Illuminate\\Foundation\\Exceptions\\Handler->prepareResponse(Object(Illuminate\\Http\\Request), Object(ErrorException))
#18 /Users/ahmedmosaad/Herd/myclass2026-main/vendor/laravel/framework/src/Illuminate/Foundation/Exceptions/Handler.php(594): Illuminate\\Foundation\\Exceptions\\Handler->renderExceptionResponse(Object(Illuminate\\Http\\Request), Object(ErrorException))
#19 /Users/ahmedmosaad/Herd/myclass2026-main/vendor/laravel/framework/src/Illuminate/Routing/Pipeline.php(51): Illuminate\\Foundation\\Exceptions\\Handler->render(Object(Illuminate\\Http\\Request), Object(ErrorException))
#20 /Users/ahmedmosaad/Herd/myclass2026-main/vendor/laravel/framework/src/Illuminate/Pipeline/Pipeline.php(214): Illuminate\\Routing\\Pipeline->handleException(Object(Illuminate\\Http\\Request), Object(ErrorException))
#21 /Users/ahmedmosaad/Herd/myclass2026-main/vendor/laravel/framework/src/Illuminate/Foundation/Http/Middleware/VerifyCsrfToken.php(88): Illuminate\\Pipeline\\Pipeline->{closure:{closure:Illuminate\\Pipeline\\Pipeline::carry():184}:185}(Object(Illuminate\\Http\\Request))
#22 /Users/ahmedmosaad/Herd/myclass2026-main/vendor/laravel/framework/src/Illuminate/Pipeline/Pipeline.php(209): Illuminate\\Foundation\\Http\\Middleware\\VerifyCsrfToken->handle(Object(Illuminate\\Http\\Request), Object(Closure))
#23 /Users/ahmedmosaad/Herd/myclass2026-main/vendor/laravel/framework/src/Illuminate/View/Middleware/ShareErrorsFromSession.php(49): Illuminate\\Pipeline\\Pipeline->{closure:{closure:Illuminate\\Pipeline\\Pipeline::carry():184}:185}(Object(Illuminate\\Http\\Request))
#24 /Users/ahmedmosaad/Herd/myclass2026-main/vendor/laravel/framework/src/Illuminate/Pipeline/Pipeline.php(209): Illuminate\\View\\Middleware\\ShareErrorsFromSession->handle(Object(Illuminate\\Http\\Request), Object(Closure))
#25 /Users/ahmedmosaad/Herd/myclass2026-main/vendor/laravel/framework/src/Illuminate/Session/Middleware/StartSession.php(121): Illuminate\\Pipeline\\Pipeline->{closure:{closure:Illuminate\\Pipeline\\Pipeline::carry():184}:185}(Object(Illuminate\\Http\\Request))
#26 /Users/ahmedmosaad/Herd/myclass2026-main/vendor/laravel/framework/src/Illuminate/Session/Middleware/StartSession.php(64): Illuminate\\Session\\Middleware\\StartSession->handleStatefulRequest(Object(Illuminate\\Http\\Request), Object(Illuminate\\Session\\Store), Object(Closure))
#27 /Users/ahmedmosaad/Herd/myclass2026-main/vendor/laravel/framework/src/Illuminate/Pipeline/Pipeline.php(209): Illuminate\\Session\\Middleware\\StartSession->handle(Object(Illuminate\\Http\\Request), Object(Closure))
#28 /Users/ahmedmosaad/Herd/myclass2026-main/vendor/laravel/framework/src/Illuminate/Cookie/Middleware/AddQueuedCookiesToResponse.php(37): Illuminate\\Pipeline\\Pipeline->{closure:{closure:Illuminate\\Pipeline\\Pipeline::carry():184}:185}(Object(Illuminate\\Http\\Request))
#29 /Users/ahmedmosaad/Herd/myclass2026-main/vendor/laravel/framework/src/Illuminate/Pipeline/Pipeline.php(209): Illuminate\\Cookie\\Middleware\\AddQueuedCookiesToResponse->handle(Object(Illuminate\\Http\\Request), Object(Closure))
#30 /Users/ahmedmosaad/Herd/myclass2026-main/vendor/laravel/framework/src/Illuminate/Cookie/Middleware/EncryptCookies.php(75): Illuminate\\Pipeline\\Pipeline->{closure:{closure:Illuminate\\Pipeline\\Pipeline::carry():184}:185}(Object(Illuminate\\Http\\Request))
#31 /Users/ahmedmosaad/Herd/myclass2026-main/vendor/laravel/framework/src/Illuminate/Pipeline/Pipeline.php(209): Illuminate\\Cookie\\Middleware\\EncryptCookies->handle(Object(Illuminate\\Http\\Request), Object(Closure))
#32 /Users/ahmedmosaad/Herd/myclass2026-main/vendor/laravel/framework/src/Illuminate/Pipeline/Pipeline.php(127): Illuminate\\Pipeline\\Pipeline->{closure:{closure:Illuminate\\Pipeline\\Pipeline::carry():184}:185}(Object(Illuminate\\Http\\Request))
#33 /Users/ahmedmosaad/Herd/myclass2026-main/vendor/laravel/framework/src/Illuminate/Routing/Router.php(807): Illuminate\\Pipeline\\Pipeline->then(Object(Closure))
#34 /Users/ahmedmosaad/Herd/myclass2026-main/vendor/laravel/framework/src/Illuminate/Routing/Router.php(786): Illuminate\\Routing\\Router->runRouteWithinStack(Object(Illuminate\\Routing\\Route), Object(Illuminate\\Http\\Request))
#35 /Users/ahmedmosaad/Herd/myclass2026-main/vendor/laravel/framework/src/Illuminate/Routing/Router.php(750): Illuminate\\Routing\\Router->runRoute(Object(Illuminate\\Http\\Request), Object(Illuminate\\Routing\\Route))
#36 /Users/ahmedmosaad/Herd/myclass2026-main/vendor/laravel/framework/src/Illuminate/Routing/Router.php(739): Illuminate\\Routing\\Router->dispatchToRoute(Object(Illuminate\\Http\\Request))
#37 /Users/ahmedmosaad/Herd/myclass2026-main/vendor/laravel/framework/src/Illuminate/Foundation/Http/Kernel.php(201): Illuminate\\Routing\\Router->dispatch(Object(Illuminate\\Http\\Request))
#38 /Users/ahmedmosaad/Herd/myclass2026-main/vendor/laravel/framework/src/Illuminate/Pipeline/Pipeline.php(170): Illuminate\\Foundation\\Http\\Kernel->{closure:Illuminate\\Foundation\\Http\\Kernel::dispatchToRouter():198}(Object(Illuminate\\Http\\Request))
#39 /Users/ahmedmosaad/Herd/myclass2026-main/vendor/laravel/framework/src/Illuminate/Foundation/Http/Middleware/TransformsRequest.php(21): Illuminate\\Pipeline\\Pipeline->{closure:Illuminate\\Pipeline\\Pipeline::prepareDestination():168}(Object(Illuminate\\Http\\Request))
#40 /Users/ahmedmosaad/Herd/myclass2026-main/vendor/laravel/framework/src/Illuminate/Foundation/Http/Middleware/ConvertEmptyStringsToNull.php(31): Illuminate\\Foundation\\Http\\Middleware\\TransformsRequest->handle(Object(Illuminate\\Http\\Request), Object(Closure))
#41 /Users/ahmedmosaad/Herd/myclass2026-main/vendor/laravel/framework/src/Illuminate/Pipeline/Pipeline.php(209): Illuminate\\Foundation\\Http\\Middleware\\ConvertEmptyStringsToNull->handle(Object(Illuminate\\Http\\Request), Object(Closure))
#42 /Users/ahmedmosaad/Herd/myclass2026-main/vendor/laravel/framework/src/Illuminate/Foundation/Http/Middleware/TransformsRequest.php(21): Illuminate\\Pipeline\\Pipeline->{closure:{closure:Illuminate\\Pipeline\\Pipeline::carry():184}:185}(Object(Illuminate\\Http\\Request))
#43 /Users/ahmedmosaad/Herd/myclass2026-main/vendor/laravel/framework/src/Illuminate/Foundation/Http/Middleware/TrimStrings.php(51): Illuminate\\Foundation\\Http\\Middleware\\TransformsRequest->handle(Object(Illuminate\\Http\\Request), Object(Closure))
#44 /Users/ahmedmosaad/Herd/myclass2026-main/vendor/laravel/framework/src/Illuminate/Pipeline/Pipeline.php(209): Illuminate\\Foundation\\Http\\Middleware\\TrimStrings->handle(Object(Illuminate\\Http\\Request), Object(Closure))
#45 /Users/ahmedmosaad/Herd/myclass2026-main/vendor/laravel/framework/src/Illuminate/Http/Middleware/ValidatePostSize.php(27): Illuminate\\Pipeline\\Pipeline->{closure:{closure:Illuminate\\Pipeline\\Pipeline::carry():184}:185}(Object(Illuminate\\Http\\Request))
#46 /Users/ahmedmosaad/Herd/myclass2026-main/vendor/laravel/framework/src/Illuminate/Pipeline/Pipeline.php(209): Illuminate\\Http\\Middleware\\ValidatePostSize->handle(Object(Illuminate\\Http\\Request), Object(Closure))
#47 /Users/ahmedmosaad/Herd/myclass2026-main/vendor/laravel/framework/src/Illuminate/Foundation/Http/Middleware/PreventRequestsDuringMaintenance.php(110): Illuminate\\Pipeline\\Pipeline->{closure:{closure:Illuminate\\Pipeline\\Pipeline::carry():184}:185}(Object(Illuminate\\Http\\Request))
#48 /Users/ahmedmosaad/Herd/myclass2026-main/vendor/laravel/framework/src/Illuminate/Pipeline/Pipeline.php(209): Illuminate\\Foundation\\Http\\Middleware\\PreventRequestsDuringMaintenance->handle(Object(Illuminate\\Http\\Request), Object(Closure))
#49 /Users/ahmedmosaad/Herd/myclass2026-main/vendor/laravel/framework/src/Illuminate/Http/Middleware/HandleCors.php(49): Illuminate\\Pipeline\\Pipeline->{closure:{closure:Illuminate\\Pipeline\\Pipeline::carry():184}:185}(Object(Illuminate\\Http\\Request))
#50 /Users/ahmedmosaad/Herd/myclass2026-main/vendor/laravel/framework/src/Illuminate/Pipeline/Pipeline.php(209): Illuminate\\Http\\Middleware\\HandleCors->handle(Object(Illuminate\\Http\\Request), Object(Closure))
#51 /Users/ahmedmosaad/Herd/myclass2026-main/vendor/laravel/framework/src/Illuminate/Http/Middleware/TrustProxies.php(58): Illuminate\\Pipeline\\Pipeline->{closure:{closure:Illuminate\\Pipeline\\Pipeline::carry():184}:185}(Object(Illuminate\\Http\\Request))
#52 /Users/ahmedmosaad/Herd/myclass2026-main/vendor/laravel/framework/src/Illuminate/Pipeline/Pipeline.php(209): Illuminate\\Http\\Middleware\\TrustProxies->handle(Object(Illuminate\\Http\\Request), Object(Closure))
#53 /Users/ahmedmosaad/Herd/myclass2026-main/vendor/laravel/framework/src/Illuminate/Foundation/Http/Middleware/InvokeDeferredCallbacks.php(22): Illuminate\\Pipeline\\Pipeline->{closure:{closure:Illuminate\\Pipeline\\Pipeline::carry():184}:185}(Object(Illuminate\\Http\\Request))
#54 /Users/ahmedmosaad/Herd/myclass2026-main/vendor/laravel/framework/src/Illuminate/Pipeline/Pipeline.php(209): Illuminate\\Foundation\\Http\\Middleware\\InvokeDeferredCallbacks->handle(Object(Illuminate\\Http\\Request), Object(Closure))
#55 /Users/ahmedmosaad/Herd/myclass2026-main/vendor/laravel/framework/src/Illuminate/Http/Middleware/ValidatePathEncoding.php(26): Illuminate\\Pipeline\\Pipeline->{closure:{closure:Illuminate\\Pipeline\\Pipeline::carry():184}:185}(Object(Illuminate\\Http\\Request))
#56 /Users/ahmedmosaad/Herd/myclass2026-main/vendor/laravel/framework/src/Illuminate/Pipeline/Pipeline.php(209): Illuminate\\Http\\Middleware\\ValidatePathEncoding->handle(Object(Illuminate\\Http\\Request), Object(Closure))
#57 /Users/ahmedmosaad/Herd/myclass2026-main/vendor/laravel/framework/src/Illuminate/Pipeline/Pipeline.php(127): Illuminate\\Pipeline\\Pipeline->{closure:{closure:Illuminate\\Pipeline\\Pipeline::carry():184}:185}(Object(Illuminate\\Http\\Request))
#58 /Users/ahmedmosaad/Herd/myclass2026-main/vendor/laravel/framework/src/Illuminate/Foundation/Http/Kernel.php(176): Illuminate\\Pipeline\\Pipeline->then(Object(Closure))
#59 /Users/ahmedmosaad/Herd/myclass2026-main/vendor/laravel/framework/src/Illuminate/Foundation/Http/Kernel.php(145): Illuminate\\Foundation\\Http\\Kernel->sendRequestThroughRouter(Object(Illuminate\\Http\\Request))
#60 /Users/ahmedmosaad/Herd/myclass2026-main/vendor/laravel/framework/src/Illuminate/Foundation/Application.php(1220): Illuminate\\Foundation\\Http\\Kernel->handle(Object(Illuminate\\Http\\Request))
#61 /Users/ahmedmosaad/Herd/myclass2026-main/public/index.php(20): Illuminate\\Foundation\\Application->handleRequest(Object(Illuminate\\Http\\Request))
#62 /Users/ahmedmosaad/Herd/myclass2026-main/vendor/laravel/framework/src/Illuminate/Foundation/resources/server.php(23): require_once('/Users/ahmedmos...')
#63 {main}
"} 
[2026-02-07 11:48:17] local.ERROR: include(assets/images/icon-copy.svg): Failed to open stream: No such file or directory {"userId":810,"exception":"[object] (ErrorException(code: 0): include(assets/images/icon-copy.svg): Failed to open stream: No such file or directory at /Users/ahmedmosaad/Herd/myclass2026-main/vendor/symfony/error-handler/ErrorRenderer/HtmlErrorRenderer.php:341)
[stacktrace]
#0 /Users/ahmedmosaad/Herd/myclass2026-main/vendor/laravel/framework/src/Illuminate/Foundation/Bootstrap/HandleExceptions.php(256): Illuminate\\Foundation\\Bootstrap\\HandleExceptions->handleError(2, 'include(assets/...', '/Users/ahmedmos...', 341)
#1 /Users/ahmedmosaad/Herd/myclass2026-main/vendor/symfony/error-handler/ErrorRenderer/HtmlErrorRenderer.php(341): Illuminate\\Foundation\\Bootstrap\\HandleExceptions->{closure:Illuminate\\Foundation\\Bootstrap\\HandleExceptions::forwardsTo():255}(2, 'include(assets/...', '/Users/ahmedmos...', 341)
#2 /Users/ahmedmosaad/Herd/myclass2026-main/vendor/symfony/error-handler/ErrorRenderer/HtmlErrorRenderer.php(341): include('/Users/ahmedmos...')
#3 /Users/ahmedmosaad/Herd/myclass2026-main/vendor/symfony/error-handler/Resources/views/trace.html.php(29): Symfony\\Component\\ErrorHandler\\ErrorRenderer\\HtmlErrorRenderer->include('assets/images/i...')
#4 /Users/ahmedmosaad/Herd/myclass2026-main/vendor/symfony/error-handler/ErrorRenderer/HtmlErrorRenderer.php(341): include('/Users/ahmedmos...')
#5 /Users/ahmedmosaad/Herd/myclass2026-main/vendor/symfony/error-handler/Resources/views/traces.html.php(48): Symfony\\Component\\ErrorHandler\\ErrorRenderer\\HtmlErrorRenderer->include('views/trace.htm...', Array)
#6 /Users/ahmedmosaad/Herd/myclass2026-main/vendor/symfony/error-handler/ErrorRenderer/HtmlErrorRenderer.php(341): include('/Users/ahmedmos...')
#7 /Users/ahmedmosaad/Herd/myclass2026-main/vendor/symfony/error-handler/Resources/views/exception.html.php(54): Symfony\\Component\\ErrorHandler\\ErrorRenderer\\HtmlErrorRenderer->include('views/traces.ht...', Array)
#8 /Users/ahmedmosaad/Herd/myclass2026-main/vendor/symfony/error-handler/ErrorRenderer/HtmlErrorRenderer.php(341): include('/Users/ahmedmos...')
#9 /Users/ahmedmosaad/Herd/myclass2026-main/vendor/symfony/error-handler/Resources/views/exception_full.html.php(35): Symfony\\Component\\ErrorHandler\\ErrorRenderer\\HtmlErrorRenderer->include('views/exception...', Array)
#10 /Users/ahmedmosaad/Herd/myclass2026-main/vendor/symfony/error-handler/ErrorRenderer/HtmlErrorRenderer.php(341): include('/Users/ahmedmos...')
#11 /Users/ahmedmosaad/Herd/myclass2026-main/vendor/symfony/error-handler/ErrorRenderer/HtmlErrorRenderer.php(140): Symfony\\Component\\ErrorHandler\\ErrorRenderer\\HtmlErrorRenderer->include('views/exception...', Array)
#12 /Users/ahmedmosaad/Herd/myclass2026-main/vendor/symfony/error-handler/ErrorRenderer/HtmlErrorRenderer.php(72): Symfony\\Component\\ErrorHandler\\ErrorRenderer\\HtmlErrorRenderer->renderException(Object(Symfony\\Component\\ErrorHandler\\Exception\\FlattenException))
#13 /Users/ahmedmosaad/Herd/myclass2026-main/vendor/laravel/framework/src/Illuminate/Foundation/Exceptions/Handler.php(879): Symfony\\Component\\ErrorHandler\\ErrorRenderer\\HtmlErrorRenderer->render(Object(Symfony\\Component\\ErrorHandler\\Exception\\FlattenException))
#14 /Users/ahmedmosaad/Herd/myclass2026-main/vendor/laravel/framework/src/Illuminate/Foundation/Exceptions/Handler.php(853): Illuminate\\Foundation\\Exceptions\\Handler->renderExceptionWithSymfony(Object(ErrorException), true)
#15 /Users/ahmedmosaad/Herd/myclass2026-main/vendor/laravel/framework/src/Illuminate/Foundation/Exceptions/Handler.php(828): Illuminate\\Foundation\\Exceptions\\Handler->renderExceptionContent(Object(ErrorException))
#16 /Users/ahmedmosaad/Herd/myclass2026-main/vendor/laravel/framework/src/Illuminate/Foundation/Exceptions/Handler.php(807): Illuminate\\Foundation\\Exceptions\\Handler->convertExceptionToResponse(Object(ErrorException))
#17 /Users/ahmedmosaad/Herd/myclass2026-main/vendor/laravel/framework/src/Illuminate/Foundation/Exceptions/Handler.php(706): Illuminate\\Foundation\\Exceptions\\Handler->prepareResponse(Object(Illuminate\\Http\\Request), Object(ErrorException))
#18 /Users/ahmedmosaad/Herd/myclass2026-main/vendor/laravel/framework/src/Illuminate/Foundation/Exceptions/Handler.php(594): Illuminate\\Foundation\\Exceptions\\Handler->renderExceptionResponse(Object(Illuminate\\Http\\Request), Object(ErrorException))
#19 /Users/ahmedmosaad/Herd/myclass2026-main/vendor/laravel/framework/src/Illuminate/Routing/Pipeline.php(51): Illuminate\\Foundation\\Exceptions\\Handler->render(Object(Illuminate\\Http\\Request), Object(ErrorException))
#20 /Users/ahmedmosaad/Herd/myclass2026-main/vendor/laravel/framework/src/Illuminate/Pipeline/Pipeline.php(214): Illuminate\\Routing\\Pipeline->handleException(Object(Illuminate\\Http\\Request), Object(ErrorException))
#21 /Users/ahmedmosaad/Herd/myclass2026-main/vendor/laravel/framework/src/Illuminate/View/Middleware/ShareErrorsFromSession.php(49): Illuminate\\Pipeline\\Pipeline->{closure:{closure:Illuminate\\Pipeline\\Pipeline::carry():184}:185}(Object(Illuminate\\Http\\Request))
#22 /Users/ahmedmosaad/Herd/myclass2026-main/vendor/laravel/framework/src/Illuminate/Pipeline/Pipeline.php(209): Illuminate\\View\\Middleware\\ShareErrorsFromSession->handle(Object(Illuminate\\Http\\Request), Object(Closure))
#23 /Users/ahmedmosaad/Herd/myclass2026-main/vendor/laravel/framework/src/Illuminate/Session/Middleware/StartSession.php(121): Illuminate\\Pipeline\\Pipeline->{closure:{closure:Illuminate\\Pipeline\\Pipeline::carry():184}:185}(Object(Illuminate\\Http\\Request))
#24 /Users/ahmedmosaad/Herd/myclass2026-main/vendor/laravel/framework/src/Illuminate/Session/Middleware/StartSession.php(64): Illuminate\\Session\\Middleware\\StartSession->handleStatefulRequest(Object(Illuminate\\Http\\Request), Object(Illuminate\\Session\\Store), Object(Closure))
#25 /Users/ahmedmosaad/Herd/myclass2026-main/vendor/laravel/framework/src/Illuminate/Pipeline/Pipeline.php(209): Illuminate\\Session\\Middleware\\StartSession->handle(Object(Illuminate\\Http\\Request), Object(Closure))
#26 /Users/ahmedmosaad/Herd/myclass2026-main/vendor/laravel/framework/src/Illuminate/Cookie/Middleware/AddQueuedCookiesToResponse.php(37): Illuminate\\Pipeline\\Pipeline->{closure:{closure:Illuminate\\Pipeline\\Pipeline::carry():184}:185}(Object(Illuminate\\Http\\Request))
#27 /Users/ahmedmosaad/Herd/myclass2026-main/vendor/laravel/framework/src/Illuminate/Pipeline/Pipeline.php(209): Illuminate\\Cookie\\Middleware\\AddQueuedCookiesToResponse->handle(Object(Illuminate\\Http\\Request), Object(Closure))
#28 /Users/ahmedmosaad/Herd/myclass2026-main/vendor/laravel/framework/src/Illuminate/Cookie/Middleware/EncryptCookies.php(75): Illuminate\\Pipeline\\Pipeline->{closure:{closure:Illuminate\\Pipeline\\Pipeline::carry():184}:185}(Object(Illuminate\\Http\\Request))
#29 /Users/ahmedmosaad/Herd/myclass2026-main/vendor/laravel/framework/src/Illuminate/Pipeline/Pipeline.php(209): Illuminate\\Cookie\\Middleware\\EncryptCookies->handle(Object(Illuminate\\Http\\Request), Object(Closure))
#30 /Users/ahmedmosaad/Herd/myclass2026-main/vendor/laravel/framework/src/Illuminate/Pipeline/Pipeline.php(127): Illuminate\\Pipeline\\Pipeline->{closure:{closure:Illuminate\\Pipeline\\Pipeline::carry():184}:185}(Object(Illuminate\\Http\\Request))
#31 /Users/ahmedmosaad/Herd/myclass2026-main/vendor/laravel/framework/src/Illuminate/Routing/Router.php(807): Illuminate\\Pipeline\\Pipeline->then(Object(Closure))
#32 /Users/ahmedmosaad/Herd/myclass2026-main/vendor/laravel/framework/src/Illuminate/Routing/Router.php(786): Illuminate\\Routing\\Router->runRouteWithinStack(Object(Illuminate\\Routing\\Route), Object(Illuminate\\Http\\Request))
#33 /Users/ahmedmosaad/Herd/myclass2026-main/vendor/laravel/framework/src/Illuminate/Routing/Router.php(750): Illuminate\\Routing\\Router->runRoute(Object(Illuminate\\Http\\Request), Object(Illuminate\\Routing\\Route))
#34 /Users/ahmedmosaad/Herd/myclass2026-main/vendor/laravel/framework/src/Illuminate/Routing/Router.php(739): Illuminate\\Routing\\Router->dispatchToRoute(Object(Illuminate\\Http\\Request))
#35 /Users/ahmedmosaad/Herd/myclass2026-main/vendor/laravel/framework/src/Illuminate/Foundation/Http/Kernel.php(201): Illuminate\\Routing\\Router->dispatch(Object(Illuminate\\Http\\Request))
#36 /Users/ahmedmosaad/Herd/myclass2026-main/vendor/laravel/framework/src/Illuminate/Pipeline/Pipeline.php(170): Illuminate\\Foundation\\Http\\Kernel->{closure:Illuminate\\Foundation\\Http\\Kernel::dispatchToRouter():198}(Object(Illuminate\\Http\\Request))
#37 /Users/ahmedmosaad/Herd/myclass2026-main/vendor/laravel/framework/src/Illuminate/Foundation/Http/Middleware/TransformsRequest.php(21): Illuminate\\Pipeline\\Pipeline->{closure:Illuminate\\Pipeline\\Pipeline::prepareDestination():168}(Object(Illuminate\\Http\\Request))
#38 /Users/ahmedmosaad/Herd/myclass2026-main/vendor/laravel/framework/src/Illuminate/Foundation/Http/Middleware/ConvertEmptyStringsToNull.php(31): Illuminate\\Foundation\\Http\\Middleware\\TransformsRequest->handle(Object(Illuminate\\Http\\Request), Object(Closure))
#39 /Users/ahmedmosaad/Herd/myclass2026-main/vendor/laravel/framework/src/Illuminate/Pipeline/Pipeline.php(209): Illuminate\\Foundation\\Http\\Middleware\\ConvertEmptyStringsToNull->handle(Object(Illuminate\\Http\\Request), Object(Closure))
#40 /Users/ahmedmosaad/Herd/myclass2026-main/vendor/laravel/framework/src/Illuminate/Foundation/Http/Middleware/TransformsRequest.php(21): Illuminate\\Pipeline\\Pipeline->{closure:{closure:Illuminate\\Pipeline\\Pipeline::carry():184}:185}(Object(Illuminate\\Http\\Request))
#41 /Users/ahmedmosaad/Herd/myclass2026-main/vendor/laravel/framework/src/Illuminate/Foundation/Http/Middleware/TrimStrings.php(51): Illuminate\\Foundation\\Http\\Middleware\\TransformsRequest->handle(Object(Illuminate\\Http\\Request), Object(Closure))
#42 /Users/ahmedmosaad/Herd/myclass2026-main/vendor/laravel/framework/src/Illuminate/Pipeline/Pipeline.php(209): Illuminate\\Foundation\\Http\\Middleware\\TrimStrings->handle(Object(Illuminate\\Http\\Request), Object(Closure))
#43 /Users/ahmedmosaad/Herd/myclass2026-main/vendor/laravel/framework/src/Illuminate/Http/Middleware/ValidatePostSize.php(27): Illuminate\\Pipeline\\Pipeline->{closure:{closure:Illuminate\\Pipeline\\Pipeline::carry():184}:185}(Object(Illuminate\\Http\\Request))
#44 /Users/ahmedmosaad/Herd/myclass2026-main/vendor/laravel/framework/src/Illuminate/Pipeline/Pipeline.php(209): Illuminate\\Http\\Middleware\\ValidatePostSize->handle(Object(Illuminate\\Http\\Request), Object(Closure))
#45 /Users/ahmedmosaad/Herd/myclass2026-main/vendor/laravel/framework/src/Illuminate/Foundation/Http/Middleware/PreventRequestsDuringMaintenance.php(110): Illuminate\\Pipeline\\Pipeline->{closure:{closure:Illuminate\\Pipeline\\Pipeline::carry():184}:185}(Object(Illuminate\\Http\\Request))
#46 /Users/ahmedmosaad/Herd/myclass2026-main/vendor/laravel/framework/src/Illuminate/Pipeline/Pipeline.php(209): Illuminate\\Foundation\\Http\\Middleware\\PreventRequestsDuringMaintenance->handle(Object(Illuminate\\Http\\Request), Object(Closure))
#47 /Users/ahmedmosaad/Herd/myclass2026-main/vendor/laravel/framework/src/Illuminate/Http/Middleware/HandleCors.php(49): Illuminate\\Pipeline\\Pipeline->{closure:{closure:Illuminate\\Pipeline\\Pipeline::carry():184}:185}(Object(Illuminate\\Http\\Request))
#48 /Users/ahmedmosaad/Herd/myclass2026-main/vendor/laravel/framework/src/Illuminate/Pipeline/Pipeline.php(209): Illuminate\\Http\\Middleware\\HandleCors->handle(Object(Illuminate\\Http\\Request), Object(Closure))
#49 /Users/ahmedmosaad/Herd/myclass2026-main/vendor/laravel/framework/src/Illuminate/Http/Middleware/TrustProxies.php(58): Illuminate\\Pipeline\\Pipeline->{closure:{closure:Illuminate\\Pipeline\\Pipeline::carry():184}:185}(Object(Illuminate\\Http\\Request))
#50 /Users/ahmedmosaad/Herd/myclass2026-main/vendor/laravel/framework/src/Illuminate/Pipeline/Pipeline.php(209): Illuminate\\Http\\Middleware\\TrustProxies->handle(Object(Illuminate\\Http\\Request), Object(Closure))
#51 /Users/ahmedmosaad/Herd/myclass2026-main/vendor/laravel/framework/src/Illuminate/Foundation/Http/Middleware/InvokeDeferredCallbacks.php(22): Illuminate\\Pipeline\\Pipeline->{closure:{closure:Illuminate\\Pipeline\\Pipeline::carry():184}:185}(Object(Illuminate\\Http\\Request))
#52 /Users/ahmedmosaad/Herd/myclass2026-main/vendor/laravel/framework/src/Illuminate/Pipeline/Pipeline.php(209): Illuminate\\Foundation\\Http\\Middleware\\InvokeDeferredCallbacks->handle(Object(Illuminate\\Http\\Request), Object(Closure))
#53 /Users/ahmedmosaad/Herd/myclass2026-main/vendor/laravel/framework/src/Illuminate/Http/Middleware/ValidatePathEncoding.php(26): Illuminate\\Pipeline\\Pipeline->{closure:{closure:Illuminate\\Pipeline\\Pipeline::carry():184}:185}(Object(Illuminate\\Http\\Request))
#54 /Users/ahmedmosaad/Herd/myclass2026-main/vendor/laravel/framework/src/Illuminate/Pipeline/Pipeline.php(209): Illuminate\\Http\\Middleware\\ValidatePathEncoding->handle(Object(Illuminate\\Http\\Request), Object(Closure))
#55 /Users/ahmedmosaad/Herd/myclass2026-main/vendor/laravel/framework/src/Illuminate/Pipeline/Pipeline.php(127): Illuminate\\Pipeline\\Pipeline->{closure:{closure:Illuminate\\Pipeline\\Pipeline::carry():184}:185}(Object(Illuminate\\Http\\Request))
#56 /Users/ahmedmosaad/Herd/myclass2026-main/vendor/laravel/framework/src/Illuminate/Foundation/Http/Kernel.php(176): Illuminate\\Pipeline\\Pipeline->then(Object(Closure))
#57 /Users/ahmedmosaad/Herd/myclass2026-main/vendor/laravel/framework/src/Illuminate/Foundation/Http/Kernel.php(145): Illuminate\\Foundation\\Http\\Kernel->sendRequestThroughRouter(Object(Illuminate\\Http\\Request))
#58 /Users/ahmedmosaad/Herd/myclass2026-main/vendor/laravel/framework/src/Illuminate/Foundation/Application.php(1220): Illuminate\\Foundation\\Http\\Kernel->handle(Object(Illuminate\\Http\\Request))
#59 /Users/ahmedmosaad/Herd/myclass2026-main/public/index.php(20): Illuminate\\Foundation\\Application->handleRequest(Object(Illuminate\\Http\\Request))
#60 /Users/ahmedmosaad/Herd/myclass2026-main/vendor/laravel/framework/src/Illuminate/Foundation/resources/server.php(23): require_once('/Users/ahmedmos...')
#61 {main}
"} 
[2026-02-07 11:48:17] local.ERROR: include(assets/images/icon-copy.svg): Failed to open stream: No such file or directory {"userId":810,"exception":"[object] (ErrorException(code: 0): include(assets/images/icon-copy.svg): Failed to open stream: No such file or directory at /Users/ahmedmosaad/Herd/myclass2026-main/vendor/symfony/error-handler/ErrorRenderer/HtmlErrorRenderer.php:341)
[stacktrace]
#0 /Users/ahmedmosaad/Herd/myclass2026-main/vendor/laravel/framework/src/Illuminate/Foundation/Bootstrap/HandleExceptions.php(256): Illuminate\\Foundation\\Bootstrap\\HandleExceptions->handleError(2, 'include(assets/...', '/Users/ahmedmos...', 341)
#1 /Users/ahmedmosaad/Herd/myclass2026-main/vendor/symfony/error-handler/ErrorRenderer/HtmlErrorRenderer.php(341): Illuminate\\Foundation\\Bootstrap\\HandleExceptions->{closure:Illuminate\\Foundation\\Bootstrap\\HandleExceptions::forwardsTo():255}(2, 'include(assets/...', '/Users/ahmedmos...', 341)
#2 /Users/ahmedmosaad/Herd/myclass2026-main/vendor/symfony/error-handler/ErrorRenderer/HtmlErrorRenderer.php(341): include('/Users/ahmedmos...')
#3 /Users/ahmedmosaad/Herd/myclass2026-main/vendor/symfony/error-handler/Resources/views/trace.html.php(29): Symfony\\Component\\ErrorHandler\\ErrorRenderer\\HtmlErrorRenderer->include('assets/images/i...')
#4 /Users/ahmedmosaad/Herd/myclass2026-main/vendor/symfony/error-handler/ErrorRenderer/HtmlErrorRenderer.php(341): include('/Users/ahmedmos...')
#5 /Users/ahmedmosaad/Herd/myclass2026-main/vendor/symfony/error-handler/Resources/views/traces.html.php(48): Symfony\\Component\\ErrorHandler\\ErrorRenderer\\HtmlErrorRenderer->include('views/trace.htm...', Array)
#6 /Users/ahmedmosaad/Herd/myclass2026-main/vendor/symfony/error-handler/ErrorRenderer/HtmlErrorRenderer.php(341): include('/Users/ahmedmos...')
#7 /Users/ahmedmosaad/Herd/myclass2026-main/vendor/symfony/error-handler/Resources/views/exception.html.php(54): Symfony\\Component\\ErrorHandler\\ErrorRenderer\\HtmlErrorRenderer->include('views/traces.ht...', Array)
#8 /Users/ahmedmosaad/Herd/myclass2026-main/vendor/symfony/error-handler/ErrorRenderer/HtmlErrorRenderer.php(341): include('/Users/ahmedmos...')
#9 /Users/ahmedmosaad/Herd/myclass2026-main/vendor/symfony/error-handler/Resources/views/exception_full.html.php(35): Symfony\\Component\\ErrorHandler\\ErrorRenderer\\HtmlErrorRenderer->include('views/exception...', Array)
#10 /Users/ahmedmosaad/Herd/myclass2026-main/vendor/symfony/error-handler/ErrorRenderer/HtmlErrorRenderer.php(341): include('/Users/ahmedmos...')
#11 /Users/ahmedmosaad/Herd/myclass2026-main/vendor/symfony/error-handler/ErrorRenderer/HtmlErrorRenderer.php(140): Symfony\\Component\\ErrorHandler\\ErrorRenderer\\HtmlErrorRenderer->include('views/exception...', Array)
#12 /Users/ahmedmosaad/Herd/myclass2026-main/vendor/symfony/error-handler/ErrorRenderer/HtmlErrorRenderer.php(72): Symfony\\Component\\ErrorHandler\\ErrorRenderer\\HtmlErrorRenderer->renderException(Object(Symfony\\Component\\ErrorHandler\\Exception\\FlattenException))
#13 /Users/ahmedmosaad/Herd/myclass2026-main/vendor/laravel/framework/src/Illuminate/Foundation/Exceptions/Handler.php(879): Symfony\\Component\\ErrorHandler\\ErrorRenderer\\HtmlErrorRenderer->render(Object(Symfony\\Component\\ErrorHandler\\Exception\\FlattenException))
#14 /Users/ahmedmosaad/Herd/myclass2026-main/vendor/laravel/framework/src/Illuminate/Foundation/Exceptions/Handler.php(853): Illuminate\\Foundation\\Exceptions\\Handler->renderExceptionWithSymfony(Object(ErrorException), true)
#15 /Users/ahmedmosaad/Herd/myclass2026-main/vendor/laravel/framework/src/Illuminate/Foundation/Exceptions/Handler.php(828): Illuminate\\Foundation\\Exceptions\\Handler->renderExceptionContent(Object(ErrorException))
#16 /Users/ahmedmosaad/Herd/myclass2026-main/vendor/laravel/framework/src/Illuminate/Foundation/Exceptions/Handler.php(807): Illuminate\\Foundation\\Exceptions\\Handler->convertExceptionToResponse(Object(ErrorException))
#17 /Users/ahmedmosaad/Herd/myclass2026-main/vendor/laravel/framework/src/Illuminate/Foundation/Exceptions/Handler.php(706): Illuminate\\Foundation\\Exceptions\\Handler->prepareResponse(Object(Illuminate\\Http\\Request), Object(ErrorException))
#18 /Users/ahmedmosaad/Herd/myclass2026-main/vendor/laravel/framework/src/Illuminate/Foundation/Exceptions/Handler.php(594): Illuminate\\Foundation\\Exceptions\\Handler->renderExceptionResponse(Object(Illuminate\\Http\\Request), Object(ErrorException))
#19 /Users/ahmedmosaad/Herd/myclass2026-main/vendor/laravel/framework/src/Illuminate/Routing/Pipeline.php(51): Illuminate\\Foundation\\Exceptions\\Handler->render(Object(Illuminate\\Http\\Request), Object(ErrorException))
#20 /Users/ahmedmosaad/Herd/myclass2026-main/vendor/laravel/framework/src/Illuminate/Pipeline/Pipeline.php(214): Illuminate\\Routing\\Pipeline->handleException(Object(Illuminate\\Http\\Request), Object(ErrorException))
#21 /Users/ahmedmosaad/Herd/myclass2026-main/vendor/laravel/framework/src/Illuminate/Session/Middleware/StartSession.php(121): Illuminate\\Pipeline\\Pipeline->{closure:{closure:Illuminate\\Pipeline\\Pipeline::carry():184}:185}(Object(Illuminate\\Http\\Request))
#22 /Users/ahmedmosaad/Herd/myclass2026-main/vendor/laravel/framework/src/Illuminate/Session/Middleware/StartSession.php(64): Illuminate\\Session\\Middleware\\StartSession->handleStatefulRequest(Object(Illuminate\\Http\\Request), Object(Illuminate\\Session\\Store), Object(Closure))
#23 /Users/ahmedmosaad/Herd/myclass2026-main/vendor/laravel/framework/src/Illuminate/Pipeline/Pipeline.php(209): Illuminate\\Session\\Middleware\\StartSession->handle(Object(Illuminate\\Http\\Request), Object(Closure))
#24 /Users/ahmedmosaad/Herd/myclass2026-main/vendor/laravel/framework/src/Illuminate/Cookie/Middleware/AddQueuedCookiesToResponse.php(37): Illuminate\\Pipeline\\Pipeline->{closure:{closure:Illuminate\\Pipeline\\Pipeline::carry():184}:185}(Object(Illuminate\\Http\\Request))
#25 /Users/ahmedmosaad/Herd/myclass2026-main/vendor/laravel/framework/src/Illuminate/Pipeline/Pipeline.php(209): Illuminate\\Cookie\\Middleware\\AddQueuedCookiesToResponse->handle(Object(Illuminate\\Http\\Request), Object(Closure))
#26 /Users/ahmedmosaad/Herd/myclass2026-main/vendor/laravel/framework/src/Illuminate/Cookie/Middleware/EncryptCookies.php(75): Illuminate\\Pipeline\\Pipeline->{closure:{closure:Illuminate\\Pipeline\\Pipeline::carry():184}:185}(Object(Illuminate\\Http\\Request))
#27 /Users/ahmedmosaad/Herd/myclass2026-main/vendor/laravel/framework/src/Illuminate/Pipeline/Pipeline.php(209): Illuminate\\Cookie\\Middleware\\EncryptCookies->handle(Object(Illuminate\\Http\\Request), Object(Closure))
#28 /Users/ahmedmosaad/Herd/myclass2026-main/vendor/laravel/framework/src/Illuminate/Pipeline/Pipeline.php(127): Illuminate\\Pipeline\\Pipeline->{closure:{closure:Illuminate\\Pipeline\\Pipeline::carry():184}:185}(Object(Illuminate\\Http\\Request))
#29 /Users/ahmedmosaad/Herd/myclass2026-main/vendor/laravel/framework/src/Illuminate/Routing/Router.php(807): Illuminate\\Pipeline\\Pipeline->then(Object(Closure))
#30 /Users/ahmedmosaad/Herd/myclass2026-main/vendor/laravel/framework/src/Illuminate/Routing/Router.php(786): Illuminate\\Routing\\Router->runRouteWithinStack(Object(Illuminate\\Routing\\Route), Object(Illuminate\\Http\\Request))
#31 /Users/ahmedmosaad/Herd/myclass2026-main/vendor/laravel/framework/src/Illuminate/Routing/Router.php(750): Illuminate\\Routing\\Router->runRoute(Object(Illuminate\\Http\\Request), Object(Illuminate\\Routing\\Route))
#32 /Users/ahmedmosaad/Herd/myclass2026-main/vendor/laravel/framework/src/Illuminate/Routing/Router.php(739): Illuminate\\Routing\\Router->dispatchToRoute(Object(Illuminate\\Http\\Request))
#33 /Users/ahmedmosaad/Herd/myclass2026-main/vendor/laravel/framework/src/Illuminate/Foundation/Http/Kernel.php(201): Illuminate\\Routing\\Router->dispatch(Object(Illuminate\\Http\\Request))
#34 /Users/ahmedmosaad/Herd/myclass2026-main/vendor/laravel/framework/src/Illuminate/Pipeline/Pipeline.php(170): Illuminate\\Foundation\\Http\\Kernel->{closure:Illuminate\\Foundation\\Http\\Kernel::dispatchToRouter():198}(Object(Illuminate\\Http\\Request))
#35 /Users/ahmedmosaad/Herd/myclass2026-main/vendor/laravel/framework/src/Illuminate/Foundation/Http/Middleware/TransformsRequest.php(21): Illuminate\\Pipeline\\Pipeline->{closure:Illuminate\\Pipeline\\Pipeline::prepareDestination():168}(Object(Illuminate\\Http\\Request))
#36 /Users/ahmedmosaad/Herd/myclass2026-main/vendor/laravel/framework/src/Illuminate/Foundation/Http/Middleware/ConvertEmptyStringsToNull.php(31): Illuminate\\Foundation\\Http\\Middleware\\TransformsRequest->handle(Object(Illuminate\\Http\\Request), Object(Closure))
#37 /Users/ahmedmosaad/Herd/myclass2026-main/vendor/laravel/framework/src/Illuminate/Pipeline/Pipeline.php(209): Illuminate\\Foundation\\Http\\Middleware\\ConvertEmptyStringsToNull->handle(Object(Illuminate\\Http\\Request), Object(Closure))
#38 /Users/ahmedmosaad/Herd/myclass2026-main/vendor/laravel/framework/src/Illuminate/Foundation/Http/Middleware/TransformsRequest.php(21): Illuminate\\Pipeline\\Pipeline->{closure:{closure:Illuminate\\Pipeline\\Pipeline::carry():184}:185}(Object(Illuminate\\Http\\Request))
#39 /Users/ahmedmosaad/Herd/myclass2026-main/vendor/laravel/framework/src/Illuminate/Foundation/Http/Middleware/TrimStrings.php(51): Illuminate\\Foundation\\Http\\Middleware\\TransformsRequest->handle(Object(Illuminate\\Http\\Request), Object(Closure))
#40 /Users/ahmedmosaad/Herd/myclass2026-main/vendor/laravel/framework/src/Illuminate/Pipeline/Pipeline.php(209): Illuminate\\Foundation\\Http\\Middleware\\TrimStrings->handle(Object(Illuminate\\Http\\Request), Object(Closure))
#41 /Users/ahmedmosaad/Herd/myclass2026-main/vendor/laravel/framework/src/Illuminate/Http/Middleware/ValidatePostSize.php(27): Illuminate\\Pipeline\\Pipeline->{closure:{closure:Illuminate\\Pipeline\\Pipeline::carry():184}:185}(Object(Illuminate\\Http\\Request))
#42 /Users/ahmedmosaad/Herd/myclass2026-main/vendor/laravel/framework/src/Illuminate/Pipeline/Pipeline.php(209): Illuminate\\Http\\Middleware\\ValidatePostSize->handle(Object(Illuminate\\Http\\Request), Object(Closure))
#43 /Users/ahmedmosaad/Herd/myclass2026-main/vendor/laravel/framework/src/Illuminate/Foundation/Http/Middleware/PreventRequestsDuringMaintenance.php(110): Illuminate\\Pipeline\\Pipeline->{closure:{closure:Illuminate\\Pipeline\\Pipeline::carry():184}:185}(Object(Illuminate\\Http\\Request))
#44 /Users/ahmedmosaad/Herd/myclass2026-main/vendor/laravel/framework/src/Illuminate/Pipeline/Pipeline.php(209): Illuminate\\Foundation\\Http\\Middleware\\PreventRequestsDuringMaintenance->handle(Object(Illuminate\\Http\\Request), Object(Closure))
#45 /Users/ahmedmosaad/Herd/myclass2026-main/vendor/laravel/framework/src/Illuminate/Http/Middleware/HandleCors.php(49): Illuminate\\Pipeline\\Pipeline->{closure:{closure:Illuminate\\Pipeline\\Pipeline::carry():184}:185}(Object(Illuminate\\Http\\Request))
#46 /Users/ahmedmosaad/Herd/myclass2026-main/vendor/laravel/framework/src/Illuminate/Pipeline/Pipeline.php(209): Illuminate\\Http\\Middleware\\HandleCors->handle(Object(Illuminate\\Http\\Request), Object(Closure))
#47 /Users/ahmedmosaad/Herd/myclass2026-main/vendor/laravel/framework/src/Illuminate/Http/Middleware/TrustProxies.php(58): Illuminate\\Pipeline\\Pipeline->{closure:{closure:Illuminate\\Pipeline\\Pipeline::carry():184}:185}(Object(Illuminate\\Http\\Request))
#48 /Users/ahmedmosaad/Herd/myclass2026-main/vendor/laravel/framework/src/Illuminate/Pipeline/Pipeline.php(209): Illuminate\\Http\\Middleware\\TrustProxies->handle(Object(Illuminate\\Http\\Request), Object(Closure))
#49 /Users/ahmedmosaad/Herd/myclass2026-main/vendor/laravel/framework/src/Illuminate/Foundation/Http/Middleware/InvokeDeferredCallbacks.php(22): Illuminate\\Pipeline\\Pipeline->{closure:{closure:Illuminate\\Pipeline\\Pipeline::carry():184}:185}(Object(Illuminate\\Http\\Request))
#50 /Users/ahmedmosaad/Herd/myclass2026-main/vendor/laravel/framework/src/Illuminate/Pipeline/Pipeline.php(209): Illuminate\\Foundation\\Http\\Middleware\\InvokeDeferredCallbacks->handle(Object(Illuminate\\Http\\Request), Object(Closure))
#51 /Users/ahmedmosaad/Herd/myclass2026-main/vendor/laravel/framework/src/Illuminate/Http/Middleware/ValidatePathEncoding.php(26): Illuminate\\Pipeline\\Pipeline->{closure:{closure:Illuminate\\Pipeline\\Pipeline::carry():184}:185}(Object(Illuminate\\Http\\Request))
#52 /Users/ahmedmosaad/Herd/myclass2026-main/vendor/laravel/framework/src/Illuminate/Pipeline/Pipeline.php(209): Illuminate\\Http\\Middleware\\ValidatePathEncoding->handle(Object(Illuminate\\Http\\Request), Object(Closure))
#53 /Users/ahmedmosaad/Herd/myclass2026-main/vendor/laravel/framework/src/Illuminate/Pipeline/Pipeline.php(127): Illuminate\\Pipeline\\Pipeline->{closure:{closure:Illuminate\\Pipeline\\Pipeline::carry():184}:185}(Object(Illuminate\\Http\\Request))
#54 /Users/ahmedmosaad/Herd/myclass2026-main/vendor/laravel/framework/src/Illuminate/Foundation/Http/Kernel.php(176): Illuminate\\Pipeline\\Pipeline->then(Object(Closure))
#55 /Users/ahmedmosaad/Herd/myclass2026-main/vendor/laravel/framework/src/Illuminate/Foundation/Http/Kernel.php(145): Illuminate\\Foundation\\Http\\Kernel->sendRequestThroughRouter(Object(Illuminate\\Http\\Request))
#56 /Users/ahmedmosaad/Herd/myclass2026-main/vendor/laravel/framework/src/Illuminate/Foundation/Application.php(1220): Illuminate\\Foundation\\Http\\Kernel->handle(Object(Illuminate\\Http\\Request))
#57 /Users/ahmedmosaad/Herd/myclass2026-main/public/index.php(20): Illuminate\\Foundation\\Application->handleRequest(Object(Illuminate\\Http\\Request))
#58 /Users/ahmedmosaad/Herd/myclass2026-main/vendor/laravel/framework/src/Illuminate/Foundation/resources/server.php(23): require_once('/Users/ahmedmos...')
#59 {main}
"} 
[2026-02-07 11:48:17] local.ERROR: include(assets/images/icon-copy.svg): Failed to open stream: No such file or directory {"userId":810,"exception":"[object] (ErrorException(code: 0): include(assets/images/icon-copy.svg): Failed to open stream: No such file or directory at /Users/ahmedmosaad/Herd/myclass2026-main/vendor/symfony/error-handler/ErrorRenderer/HtmlErrorRenderer.php:341)
[stacktrace]
#0 /Users/ahmedmosaad/Herd/myclass2026-main/vendor/laravel/framework/src/Illuminate/Foundation/Bootstrap/HandleExceptions.php(256): Illuminate\\Foundation\\Bootstrap\\HandleExceptions->handleError(2, 'include(assets/...', '/Users/ahmedmos...', 341)
#1 /Users/ahmedmosaad/Herd/myclass2026-main/vendor/symfony/error-handler/ErrorRenderer/HtmlErrorRenderer.php(341): Illuminate\\Foundation\\Bootstrap\\HandleExceptions->{closure:Illuminate\\Foundation\\Bootstrap\\HandleExceptions::forwardsTo():255}(2, 'include(assets/...', '/Users/ahmedmos...', 341)
#2 /Users/ahmedmosaad/Herd/myclass2026-main/vendor/symfony/error-handler/ErrorRenderer/HtmlErrorRenderer.php(341): include('/Users/ahmedmos...')
#3 /Users/ahmedmosaad/Herd/myclass2026-main/vendor/symfony/error-handler/Resources/views/trace.html.php(29): Symfony\\Component\\ErrorHandler\\ErrorRenderer\\HtmlErrorRenderer->include('assets/images/i...')
#4 /Users/ahmedmosaad/Herd/myclass2026-main/vendor/symfony/error-handler/ErrorRenderer/HtmlErrorRenderer.php(341): include('/Users/ahmedmos...')
#5 /Users/ahmedmosaad/Herd/myclass2026-main/vendor/symfony/error-handler/Resources/views/traces.html.php(48): Symfony\\Component\\ErrorHandler\\ErrorRenderer\\HtmlErrorRenderer->include('views/trace.htm...', Array)
#6 /Users/ahmedmosaad/Herd/myclass2026-main/vendor/symfony/error-handler/ErrorRenderer/HtmlErrorRenderer.php(341): include('/Users/ahmedmos...')
#7 /Users/ahmedmosaad/Herd/myclass2026-main/vendor/symfony/error-handler/Resources/views/exception.html.php(54): Symfony\\Component\\ErrorHandler\\ErrorRenderer\\HtmlErrorRenderer->include('views/traces.ht...', Array)
#8 /Users/ahmedmosaad/Herd/myclass2026-main/vendor/symfony/error-handler/ErrorRenderer/HtmlErrorRenderer.php(341): include('/Users/ahmedmos...')
#9 /Users/ahmedmosaad/Herd/myclass2026-main/vendor/symfony/error-handler/Resources/views/exception_full.html.php(35): Symfony\\Component\\ErrorHandler\\ErrorRenderer\\HtmlErrorRenderer->include('views/exception...', Array)
#10 /Users/ahmedmosaad/Herd/myclass2026-main/vendor/symfony/error-handler/ErrorRenderer/HtmlErrorRenderer.php(341): include('/Users/ahmedmos...')
#11 /Users/ahmedmosaad/Herd/myclass2026-main/vendor/symfony/error-handler/ErrorRenderer/HtmlErrorRenderer.php(140): Symfony\\Component\\ErrorHandler\\ErrorRenderer\\HtmlErrorRenderer->include('views/exception...', Array)
#12 /Users/ahmedmosaad/Herd/myclass2026-main/vendor/symfony/error-handler/ErrorRenderer/HtmlErrorRenderer.php(72): Symfony\\Component\\ErrorHandler\\ErrorRenderer\\HtmlErrorRenderer->renderException(Object(Symfony\\Component\\ErrorHandler\\Exception\\FlattenException))
#13 /Users/ahmedmosaad/Herd/myclass2026-main/vendor/laravel/framework/src/Illuminate/Foundation/Exceptions/Handler.php(879): Symfony\\Component\\ErrorHandler\\ErrorRenderer\\HtmlErrorRenderer->render(Object(Symfony\\Component\\ErrorHandler\\Exception\\FlattenException))
#14 /Users/ahmedmosaad/Herd/myclass2026-main/vendor/laravel/framework/src/Illuminate/Foundation/Exceptions/Handler.php(853): Illuminate\\Foundation\\Exceptions\\Handler->renderExceptionWithSymfony(Object(ErrorException), true)
#15 /Users/ahmedmosaad/Herd/myclass2026-main/vendor/laravel/framework/src/Illuminate/Foundation/Exceptions/Handler.php(828): Illuminate\\Foundation\\Exceptions\\Handler->renderExceptionContent(Object(ErrorException))
#16 /Users/ahmedmosaad/Herd/myclass2026-main/vendor/laravel/framework/src/Illuminate/Foundation/Exceptions/Handler.php(807): Illuminate\\Foundation\\Exceptions\\Handler->convertExceptionToResponse(Object(ErrorException))
#17 /Users/ahmedmosaad/Herd/myclass2026-main/vendor/laravel/framework/src/Illuminate/Foundation/Exceptions/Handler.php(706): Illuminate\\Foundation\\Exceptions\\Handler->prepareResponse(Object(Illuminate\\Http\\Request), Object(ErrorException))
#18 /Users/ahmedmosaad/Herd/myclass2026-main/vendor/laravel/framework/src/Illuminate/Foundation/Exceptions/Handler.php(594): Illuminate\\Foundation\\Exceptions\\Handler->renderExceptionResponse(Object(Illuminate\\Http\\Request), Object(ErrorException))
#19 /Users/ahmedmosaad/Herd/myclass2026-main/vendor/laravel/framework/src/Illuminate/Routing/Pipeline.php(51): Illuminate\\Foundation\\Exceptions\\Handler->render(Object(Illuminate\\Http\\Request), Object(ErrorException))
#20 /Users/ahmedmosaad/Herd/myclass2026-main/vendor/laravel/framework/src/Illuminate/Pipeline/Pipeline.php(214): Illuminate\\Routing\\Pipeline->handleException(Object(Illuminate\\Http\\Request), Object(ErrorException))
#21 /Users/ahmedmosaad/Herd/myclass2026-main/vendor/laravel/framework/src/Illuminate/Cookie/Middleware/AddQueuedCookiesToResponse.php(37): Illuminate\\Pipeline\\Pipeline->{closure:{closure:Illuminate\\Pipeline\\Pipeline::carry():184}:185}(Object(Illuminate\\Http\\Request))
#22 /Users/ahmedmosaad/Herd/myclass2026-main/vendor/laravel/framework/src/Illuminate/Pipeline/Pipeline.php(209): Illuminate\\Cookie\\Middleware\\AddQueuedCookiesToResponse->handle(Object(Illuminate\\Http\\Request), Object(Closure))
#23 /Users/ahmedmosaad/Herd/myclass2026-main/vendor/laravel/framework/src/Illuminate/Cookie/Middleware/EncryptCookies.php(75): Illuminate\\Pipeline\\Pipeline->{closure:{closure:Illuminate\\Pipeline\\Pipeline::carry():184}:185}(Object(Illuminate\\Http\\Request))
#24 /Users/ahmedmosaad/Herd/myclass2026-main/vendor/laravel/framework/src/Illuminate/Pipeline/Pipeline.php(209): Illuminate\\Cookie\\Middleware\\EncryptCookies->handle(Object(Illuminate\\Http\\Request), Object(Closure))
#25 /Users/ahmedmosaad/Herd/myclass2026-main/vendor/laravel/framework/src/Illuminate/Pipeline/Pipeline.php(127): Illuminate\\Pipeline\\Pipeline->{closure:{closure:Illuminate\\Pipeline\\Pipeline::carry():184}:185}(Object(Illuminate\\Http\\Request))
#26 /Users/ahmedmosaad/Herd/myclass2026-main/vendor/laravel/framework/src/Illuminate/Routing/Router.php(807): Illuminate\\Pipeline\\Pipeline->then(Object(Closure))
#27 /Users/ahmedmosaad/Herd/myclass2026-main/vendor/laravel/framework/src/Illuminate/Routing/Router.php(786): Illuminate\\Routing\\Router->runRouteWithinStack(Object(Illuminate\\Routing\\Route), Object(Illuminate\\Http\\Request))
#28 /Users/ahmedmosaad/Herd/myclass2026-main/vendor/laravel/framework/src/Illuminate/Routing/Router.php(750): Illuminate\\Routing\\Router->runRoute(Object(Illuminate\\Http\\Request), Object(Illuminate\\Routing\\Route))
#29 /Users/ahmedmosaad/Herd/myclass2026-main/vendor/laravel/framework/src/Illuminate/Routing/Router.php(739): Illuminate\\Routing\\Router->dispatchToRoute(Object(Illuminate\\Http\\Request))
#30 /Users/ahmedmosaad/Herd/myclass2026-main/vendor/laravel/framework/src/Illuminate/Foundation/Http/Kernel.php(201): Illuminate\\Routing\\Router->dispatch(Object(Illuminate\\Http\\Request))
#31 /Users/ahmedmosaad/Herd/myclass2026-main/vendor/laravel/framework/src/Illuminate/Pipeline/Pipeline.php(170): Illuminate\\Foundation\\Http\\Kernel->{closure:Illuminate\\Foundation\\Http\\Kernel::dispatchToRouter():198}(Object(Illuminate\\Http\\Request))
#32 /Users/ahmedmosaad/Herd/myclass2026-main/vendor/laravel/framework/src/Illuminate/Foundation/Http/Middleware/TransformsRequest.php(21): Illuminate\\Pipeline\\Pipeline->{closure:Illuminate\\Pipeline\\Pipeline::prepareDestination():168}(Object(Illuminate\\Http\\Request))
#33 /Users/ahmedmosaad/Herd/myclass2026-main/vendor/laravel/framework/src/Illuminate/Foundation/Http/Middleware/ConvertEmptyStringsToNull.php(31): Illuminate\\Foundation\\Http\\Middleware\\TransformsRequest->handle(Object(Illuminate\\Http\\Request), Object(Closure))
#34 /Users/ahmedmosaad/Herd/myclass2026-main/vendor/laravel/framework/src/Illuminate/Pipeline/Pipeline.php(209): Illuminate\\Foundation\\Http\\Middleware\\ConvertEmptyStringsToNull->handle(Object(Illuminate\\Http\\Request), Object(Closure))
#35 /Users/ahmedmosaad/Herd/myclass2026-main/vendor/laravel/framework/src/Illuminate/Foundation/Http/Middleware/TransformsRequest.php(21): Illuminate\\Pipeline\\Pipeline->{closure:{closure:Illuminate\\Pipeline\\Pipeline::carry():184}:185}(Object(Illuminate\\Http\\Request))
#36 /Users/ahmedmosaad/Herd/myclass2026-main/vendor/laravel/framework/src/Illuminate/Foundation/Http/Middleware/TrimStrings.php(51): Illuminate\\Foundation\\Http\\Middleware\\TransformsRequest->handle(Object(Illuminate\\Http\\Request), Object(Closure))
#37 /Users/ahmedmosaad/Herd/myclass2026-main/vendor/laravel/framework/src/Illuminate/Pipeline/Pipeline.php(209): Illuminate\\Foundation\\Http\\Middleware\\TrimStrings->handle(Object(Illuminate\\Http\\Request), Object(Closure))
#38 /Users/ahmedmosaad/Herd/myclass2026-main/vendor/laravel/framework/src/Illuminate/Http/Middleware/ValidatePostSize.php(27): Illuminate\\Pipeline\\Pipeline->{closure:{closure:Illuminate\\Pipeline\\Pipeline::carry():184}:185}(Object(Illuminate\\Http\\Request))
#39 /Users/ahmedmosaad/Herd/myclass2026-main/vendor/laravel/framework/src/Illuminate/Pipeline/Pipeline.php(209): Illuminate\\Http\\Middleware\\ValidatePostSize->handle(Object(Illuminate\\Http\\Request), Object(Closure))
#40 /Users/ahmedmosaad/Herd/myclass2026-main/vendor/laravel/framework/src/Illuminate/Foundation/Http/Middleware/PreventRequestsDuringMaintenance.php(110): Illuminate\\Pipeline\\Pipeline->{closure:{closure:Illuminate\\Pipeline\\Pipeline::carry():184}:185}(Object(Illuminate\\Http\\Request))
#41 /Users/ahmedmosaad/Herd/myclass2026-main/vendor/laravel/framework/src/Illuminate/Pipeline/Pipeline.php(209): Illuminate\\Foundation\\Http\\Middleware\\PreventRequestsDuringMaintenance->handle(Object(Illuminate\\Http\\Request), Object(Closure))
#42 /Users/ahmedmosaad/Herd/myclass2026-main/vendor/laravel/framework/src/Illuminate/Http/Middleware/HandleCors.php(49): Illuminate\\Pipeline\\Pipeline->{closure:{closure:Illuminate\\Pipeline\\Pipeline::carry():184}:185}(Object(Illuminate\\Http\\Request))
#43 /Users/ahmedmosaad/Herd/myclass2026-main/vendor/laravel/framework/src/Illuminate/Pipeline/Pipeline.php(209): Illuminate\\Http\\Middleware\\HandleCors->handle(Object(Illuminate\\Http\\Request), Object(Closure))
#44 /Users/ahmedmosaad/Herd/myclass2026-main/vendor/laravel/framework/src/Illuminate/Http/Middleware/TrustProxies.php(58): Illuminate\\Pipeline\\Pipeline->{closure:{closure:Illuminate\\Pipeline\\Pipeline::carry():184}:185}(Object(Illuminate\\Http\\Request))
#45 /Users/ahmedmosaad/Herd/myclass2026-main/vendor/laravel/framework/src/Illuminate/Pipeline/Pipeline.php(209): Illuminate\\Http\\Middleware\\TrustProxies->handle(Object(Illuminate\\Http\\Request), Object(Closure))
#46 /Users/ahmedmosaad/Herd/myclass2026-main/vendor/laravel/framework/src/Illuminate/Foundation/Http/Middleware/InvokeDeferredCallbacks.php(22): Illuminate\\Pipeline\\Pipeline->{closure:{closure:Illuminate\\Pipeline\\Pipeline::carry():184}:185}(Object(Illuminate\\Http\\Request))
#47 /Users/ahmedmosaad/Herd/myclass2026-main/vendor/laravel/framework/src/Illuminate/Pipeline/Pipeline.php(209): Illuminate\\Foundation\\Http\\Middleware\\InvokeDeferredCallbacks->handle(Object(Illuminate\\Http\\Request), Object(Closure))
#48 /Users/ahmedmosaad/Herd/myclass2026-main/vendor/laravel/framework/src/Illuminate/Http/Middleware/ValidatePathEncoding.php(26): Illuminate\\Pipeline\\Pipeline->{closure:{closure:Illuminate\\Pipeline\\Pipeline::carry():184}:185}(Object(Illuminate\\Http\\Request))
#49 /Users/ahmedmosaad/Herd/myclass2026-main/vendor/laravel/framework/src/Illuminate/Pipeline/Pipeline.php(209): Illuminate\\Http\\Middleware\\ValidatePathEncoding->handle(Object(Illuminate\\Http\\Request), Object(Closure))
#50 /Users/ahmedmosaad/Herd/myclass2026-main/vendor/laravel/framework/src/Illuminate/Pipeline/Pipeline.php(127): Illuminate\\Pipeline\\Pipeline->{closure:{closure:Illuminate\\Pipeline\\Pipeline::carry():184}:185}(Object(Illuminate\\Http\\Request))
#51 /Users/ahmedmosaad/Herd/myclass2026-main/vendor/laravel/framework/src/Illuminate/Foundation/Http/Kernel.php(176): Illuminate\\Pipeline\\Pipeline->then(Object(Closure))
#52 /Users/ahmedmosaad/Herd/myclass2026-main/vendor/laravel/framework/src/Illuminate/Foundation/Http/Kernel.php(145): Illuminate\\Foundation\\Http\\Kernel->sendRequestThroughRouter(Object(Illuminate\\Http\\Request))
#53 /Users/ahmedmosaad/Herd/myclass2026-main/vendor/laravel/framework/src/Illuminate/Foundation/Application.php(1220): Illuminate\\Foundation\\Http\\Kernel->handle(Object(Illuminate\\Http\\Request))
#54 /Users/ahmedmosaad/Herd/myclass2026-main/public/index.php(20): Illuminate\\Foundation\\Application->handleRequest(Object(Illuminate\\Http\\Request))
#55 /Users/ahmedmosaad/Herd/myclass2026-main/vendor/laravel/framework/src/Illuminate/Foundation/resources/server.php(23): require_once('/Users/ahmedmos...')
#56 {main}
"} 
[2026-02-07 11:48:17] local.ERROR: include(assets/images/icon-copy.svg): Failed to open stream: No such file or directory {"userId":810,"exception":"[object] (ErrorException(code: 0): include(assets/images/icon-copy.svg): Failed to open stream: No such file or directory at /Users/ahmedmosaad/Herd/myclass2026-main/vendor/symfony/error-handler/ErrorRenderer/HtmlErrorRenderer.php:341)
[stacktrace]
#0 /Users/ahmedmosaad/Herd/myclass2026-main/vendor/laravel/framework/src/Illuminate/Foundation/Bootstrap/HandleExceptions.php(256): Illuminate\\Foundation\\Bootstrap\\HandleExceptions->handleError(2, 'include(assets/...', '/Users/ahmedmos...', 341)
#1 /Users/ahmedmosaad/Herd/myclass2026-main/vendor/symfony/error-handler/ErrorRenderer/HtmlErrorRenderer.php(341): Illuminate\\Foundation\\Bootstrap\\HandleExceptions->{closure:Illuminate\\Foundation\\Bootstrap\\HandleExceptions::forwardsTo():255}(2, 'include(assets/...', '/Users/ahmedmos...', 341)
#2 /Users/ahmedmosaad/Herd/myclass2026-main/vendor/symfony/error-handler/ErrorRenderer/HtmlErrorRenderer.php(341): include('/Users/ahmedmos...')
#3 /Users/ahmedmosaad/Herd/myclass2026-main/vendor/symfony/error-handler/Resources/views/trace.html.php(29): Symfony\\Component\\ErrorHandler\\ErrorRenderer\\HtmlErrorRenderer->include('assets/images/i...')
#4 /Users/ahmedmosaad/Herd/myclass2026-main/vendor/symfony/error-handler/ErrorRenderer/HtmlErrorRenderer.php(341): include('/Users/ahmedmos...')
#5 /Users/ahmedmosaad/Herd/myclass2026-main/vendor/symfony/error-handler/Resources/views/traces.html.php(48): Symfony\\Component\\ErrorHandler\\ErrorRenderer\\HtmlErrorRenderer->include('views/trace.htm...', Array)
#6 /Users/ahmedmosaad/Herd/myclass2026-main/vendor/symfony/error-handler/ErrorRenderer/HtmlErrorRenderer.php(341): include('/Users/ahmedmos...')
#7 /Users/ahmedmosaad/Herd/myclass2026-main/vendor/symfony/error-handler/Resources/views/exception.html.php(54): Symfony\\Component\\ErrorHandler\\ErrorRenderer\\HtmlErrorRenderer->include('views/traces.ht...', Array)
#8 /Users/ahmedmosaad/Herd/myclass2026-main/vendor/symfony/error-handler/ErrorRenderer/HtmlErrorRenderer.php(341): include('/Users/ahmedmos...')
#9 /Users/ahmedmosaad/Herd/myclass2026-main/vendor/symfony/error-handler/Resources/views/exception_full.html.php(35): Symfony\\Component\\ErrorHandler\\ErrorRenderer\\HtmlErrorRenderer->include('views/exception...', Array)
#10 /Users/ahmedmosaad/Herd/myclass2026-main/vendor/symfony/error-handler/ErrorRenderer/HtmlErrorRenderer.php(341): include('/Users/ahmedmos...')
#11 /Users/ahmedmosaad/Herd/myclass2026-main/vendor/symfony/error-handler/ErrorRenderer/HtmlErrorRenderer.php(140): Symfony\\Component\\ErrorHandler\\ErrorRenderer\\HtmlErrorRenderer->include('views/exception...', Array)
#12 /Users/ahmedmosaad/Herd/myclass2026-main/vendor/symfony/error-handler/ErrorRenderer/HtmlErrorRenderer.php(72): Symfony\\Component\\ErrorHandler\\ErrorRenderer\\HtmlErrorRenderer->renderException(Object(Symfony\\Component\\ErrorHandler\\Exception\\FlattenException))
#13 /Users/ahmedmosaad/Herd/myclass2026-main/vendor/laravel/framework/src/Illuminate/Foundation/Exceptions/Handler.php(879): Symfony\\Component\\ErrorHandler\\ErrorRenderer\\HtmlErrorRenderer->render(Object(Symfony\\Component\\ErrorHandler\\Exception\\FlattenException))
#14 /Users/ahmedmosaad/Herd/myclass2026-main/vendor/laravel/framework/src/Illuminate/Foundation/Exceptions/Handler.php(853): Illuminate\\Foundation\\Exceptions\\Handler->renderExceptionWithSymfony(Object(ErrorException), true)
#15 /Users/ahmedmosaad/Herd/myclass2026-main/vendor/laravel/framework/src/Illuminate/Foundation/Exceptions/Handler.php(828): Illuminate\\Foundation\\Exceptions\\Handler->renderExceptionContent(Object(ErrorException))
#16 /Users/ahmedmosaad/Herd/myclass2026-main/vendor/laravel/framework/src/Illuminate/Foundation/Exceptions/Handler.php(807): Illuminate\\Foundation\\Exceptions\\Handler->convertExceptionToResponse(Object(ErrorException))
#17 /Users/ahmedmosaad/Herd/myclass2026-main/vendor/laravel/framework/src/Illuminate/Foundation/Exceptions/Handler.php(706): Illuminate\\Foundation\\Exceptions\\Handler->prepareResponse(Object(Illuminate\\Http\\Request), Object(ErrorException))
#18 /Users/ahmedmosaad/Herd/myclass2026-main/vendor/laravel/framework/src/Illuminate/Foundation/Exceptions/Handler.php(594): Illuminate\\Foundation\\Exceptions\\Handler->renderExceptionResponse(Object(Illuminate\\Http\\Request), Object(ErrorException))
#19 /Users/ahmedmosaad/Herd/myclass2026-main/vendor/laravel/framework/src/Illuminate/Routing/Pipeline.php(51): Illuminate\\Foundation\\Exceptions\\Handler->render(Object(Illuminate\\Http\\Request), Object(ErrorException))
#20 /Users/ahmedmosaad/Herd/myclass2026-main/vendor/laravel/framework/src/Illuminate/Pipeline/Pipeline.php(214): Illuminate\\Routing\\Pipeline->handleException(Object(Illuminate\\Http\\Request), Object(ErrorException))
#21 /Users/ahmedmosaad/Herd/myclass2026-main/vendor/laravel/framework/src/Illuminate/Cookie/Middleware/EncryptCookies.php(75): Illuminate\\Pipeline\\Pipeline->{closure:{closure:Illuminate\\Pipeline\\Pipeline::carry():184}:185}(Object(Illuminate\\Http\\Request))
#22 /Users/ahmedmosaad/Herd/myclass2026-main/vendor/laravel/framework/src/Illuminate/Pipeline/Pipeline.php(209): Illuminate\\Cookie\\Middleware\\EncryptCookies->handle(Object(Illuminate\\Http\\Request), Object(Closure))
#23 /Users/ahmedmosaad/Herd/myclass2026-main/vendor/laravel/framework/src/Illuminate/Pipeline/Pipeline.php(127): Illuminate\\Pipeline\\Pipeline->{closure:{closure:Illuminate\\Pipeline\\Pipeline::carry():184}:185}(Object(Illuminate\\Http\\Request))
#24 /Users/ahmedmosaad/Herd/myclass2026-main/vendor/laravel/framework/src/Illuminate/Routing/Router.php(807): Illuminate\\Pipeline\\Pipeline->then(Object(Closure))
#25 /Users/ahmedmosaad/Herd/myclass2026-main/vendor/laravel/framework/src/Illuminate/Routing/Router.php(786): Illuminate\\Routing\\Router->runRouteWithinStack(Object(Illuminate\\Routing\\Route), Object(Illuminate\\Http\\Request))
#26 /Users/ahmedmosaad/Herd/myclass2026-main/vendor/laravel/framework/src/Illuminate/Routing/Router.php(750): Illuminate\\Routing\\Router->runRoute(Object(Illuminate\\Http\\Request), Object(Illuminate\\Routing\\Route))
#27 /Users/ahmedmosaad/Herd/myclass2026-main/vendor/laravel/framework/src/Illuminate/Routing/Router.php(739): Illuminate\\Routing\\Router->dispatchToRoute(Object(Illuminate\\Http\\Request))
#28 /Users/ahmedmosaad/Herd/myclass2026-main/vendor/laravel/framework/src/Illuminate/Foundation/Http/Kernel.php(201): Illuminate\\Routing\\Router->dispatch(Object(Illuminate\\Http\\Request))
#29 /Users/ahmedmosaad/Herd/myclass2026-main/vendor/laravel/framework/src/Illuminate/Pipeline/Pipeline.php(170): Illuminate\\Foundation\\Http\\Kernel->{closure:Illuminate\\Foundation\\Http\\Kernel::dispatchToRouter():198}(Object(Illuminate\\Http\\Request))
#30 /Users/ahmedmosaad/Herd/myclass2026-main/vendor/laravel/framework/src/Illuminate/Foundation/Http/Middleware/TransformsRequest.php(21): Illuminate\\Pipeline\\Pipeline->{closure:Illuminate\\Pipeline\\Pipeline::prepareDestination():168}(Object(Illuminate\\Http\\Request))
#31 /Users/ahmedmosaad/Herd/myclass2026-main/vendor/laravel/framework/src/Illuminate/Foundation/Http/Middleware/ConvertEmptyStringsToNull.php(31): Illuminate\\Foundation\\Http\\Middleware\\TransformsRequest->handle(Object(Illuminate\\Http\\Request), Object(Closure))
#32 /Users/ahmedmosaad/Herd/myclass2026-main/vendor/laravel/framework/src/Illuminate/Pipeline/Pipeline.php(209): Illuminate\\Foundation\\Http\\Middleware\\ConvertEmptyStringsToNull->handle(Object(Illuminate\\Http\\Request), Object(Closure))
#33 /Users/ahmedmosaad/Herd/myclass2026-main/vendor/laravel/framework/src/Illuminate/Foundation/Http/Middleware/TransformsRequest.php(21): Illuminate\\Pipeline\\Pipeline->{closure:{closure:Illuminate\\Pipeline\\Pipeline::carry():184}:185}(Object(Illuminate\\Http\\Request))
#34 /Users/ahmedmosaad/Herd/myclass2026-main/vendor/laravel/framework/src/Illuminate/Foundation/Http/Middleware/TrimStrings.php(51): Illuminate\\Foundation\\Http\\Middleware\\TransformsRequest->handle(Object(Illuminate\\Http\\Request), Object(Closure))
#35 /Users/ahmedmosaad/Herd/myclass2026-main/vendor/laravel/framework/src/Illuminate/Pipeline/Pipeline.php(209): Illuminate\\Foundation\\Http\\Middleware\\TrimStrings->handle(Object(Illuminate\\Http\\Request), Object(Closure))
#36 /Users/ahmedmosaad/Herd/myclass2026-main/vendor/laravel/framework/src/Illuminate/Http/Middleware/ValidatePostSize.php(27): Illuminate\\Pipeline\\Pipeline->{closure:{closure:Illuminate\\Pipeline\\Pipeline::carry():184}:185}(Object(Illuminate\\Http\\Request))
#37 /Users/ahmedmosaad/Herd/myclass2026-main/vendor/laravel/framework/src/Illuminate/Pipeline/Pipeline.php(209): Illuminate\\Http\\Middleware\\ValidatePostSize->handle(Object(Illuminate\\Http\\Request), Object(Closure))
#38 /Users/ahmedmosaad/Herd/myclass2026-main/vendor/laravel/framework/src/Illuminate/Foundation/Http/Middleware/PreventRequestsDuringMaintenance.php(110): Illuminate\\Pipeline\\Pipeline->{closure:{closure:Illuminate\\Pipeline\\Pipeline::carry():184}:185}(Object(Illuminate\\Http\\Request))
#39 /Users/ahmedmosaad/Herd/myclass2026-main/vendor/laravel/framework/src/Illuminate/Pipeline/Pipeline.php(209): Illuminate\\Foundation\\Http\\Middleware\\PreventRequestsDuringMaintenance->handle(Object(Illuminate\\Http\\Request), Object(Closure))
#40 /Users/ahmedmosaad/Herd/myclass2026-main/vendor/laravel/framework/src/Illuminate/Http/Middleware/HandleCors.php(49): Illuminate\\Pipeline\\Pipeline->{closure:{closure:Illuminate\\Pipeline\\Pipeline::carry():184}:185}(Object(Illuminate\\Http\\Request))
#41 /Users/ahmedmosaad/Herd/myclass2026-main/vendor/laravel/framework/src/Illuminate/Pipeline/Pipeline.php(209): Illuminate\\Http\\Middleware\\HandleCors->handle(Object(Illuminate\\Http\\Request), Object(Closure))
#42 /Users/ahmedmosaad/Herd/myclass2026-main/vendor/laravel/framework/src/Illuminate/Http/Middleware/TrustProxies.php(58): Illuminate\\Pipeline\\Pipeline->{closure:{closure:Illuminate\\Pipeline\\Pipeline::carry():184}:185}(Object(Illuminate\\Http\\Request))
#43 /Users/ahmedmosaad/Herd/myclass2026-main/vendor/laravel/framework/src/Illuminate/Pipeline/Pipeline.php(209): Illuminate\\Http\\Middleware\\TrustProxies->handle(Object(Illuminate\\Http\\Request), Object(Closure))
#44 /Users/ahmedmosaad/Herd/myclass2026-main/vendor/laravel/framework/src/Illuminate/Foundation/Http/Middleware/InvokeDeferredCallbacks.php(22): Illuminate\\Pipeline\\Pipeline->{closure:{closure:Illuminate\\Pipeline\\Pipeline::carry():184}:185}(Object(Illuminate\\Http\\Request))
#45 /Users/ahmedmosaad/Herd/myclass2026-main/vendor/laravel/framework/src/Illuminate/Pipeline/Pipeline.php(209): Illuminate\\Foundation\\Http\\Middleware\\InvokeDeferredCallbacks->handle(Object(Illuminate\\Http\\Request), Object(Closure))
#46 /Users/ahmedmosaad/Herd/myclass2026-main/vendor/laravel/framework/src/Illuminate/Http/Middleware/ValidatePathEncoding.php(26): Illuminate\\Pipeline\\Pipeline->{closure:{closure:Illuminate\\Pipeline\\Pipeline::carry():184}:185}(Object(Illuminate\\Http\\Request))
#47 /Users/ahmedmosaad/Herd/myclass2026-main/vendor/laravel/framework/src/Illuminate/Pipeline/Pipeline.php(209): Illuminate\\Http\\Middleware\\ValidatePathEncoding->handle(Object(Illuminate\\Http\\Request), Object(Closure))
#48 /Users/ahmedmosaad/Herd/myclass2026-main/vendor/laravel/framework/src/Illuminate/Pipeline/Pipeline.php(127): Illuminate\\Pipeline\\Pipeline->{closure:{closure:Illuminate\\Pipeline\\Pipeline::carry():184}:185}(Object(Illuminate\\Http\\Request))
#49 /Users/ahmedmosaad/Herd/myclass2026-main/vendor/laravel/framework/src/Illuminate/Foundation/Http/Kernel.php(176): Illuminate\\Pipeline\\Pipeline->then(Object(Closure))
#50 /Users/ahmedmosaad/Herd/myclass2026-main/vendor/laravel/framework/src/Illuminate/Foundation/Http/Kernel.php(145): Illuminate\\Foundation\\Http\\Kernel->sendRequestThroughRouter(Object(Illuminate\\Http\\Request))
#51 /Users/ahmedmosaad/Herd/myclass2026-main/vendor/laravel/framework/src/Illuminate/Foundation/Application.php(1220): Illuminate\\Foundation\\Http\\Kernel->handle(Object(Illuminate\\Http\\Request))
#52 /Users/ahmedmosaad/Herd/myclass2026-main/public/index.php(20): Illuminate\\Foundation\\Application->handleRequest(Object(Illuminate\\Http\\Request))
#53 /Users/ahmedmosaad/Herd/myclass2026-main/vendor/laravel/framework/src/Illuminate/Foundation/resources/server.php(23): require_once('/Users/ahmedmos...')
#54 {main}
"} 
[2026-02-07 11:48:17] local.ERROR: include(assets/images/icon-copy.svg): Failed to open stream: No such file or directory {"userId":810,"exception":"[object] (ErrorException(code: 0): include(assets/images/icon-copy.svg): Failed to open stream: No such file or directory at /Users/ahmedmosaad/Herd/myclass2026-main/vendor/symfony/error-handler/ErrorRenderer/HtmlErrorRenderer.php:341)
[stacktrace]
#0 /Users/ahmedmosaad/Herd/myclass2026-main/vendor/laravel/framework/src/Illuminate/Foundation/Bootstrap/HandleExceptions.php(256): Illuminate\\Foundation\\Bootstrap\\HandleExceptions->handleError(2, 'include(assets/...', '/Users/ahmedmos...', 341)
#1 /Users/ahmedmosaad/Herd/myclass2026-main/vendor/symfony/error-handler/ErrorRenderer/HtmlErrorRenderer.php(341): Illuminate\\Foundation\\Bootstrap\\HandleExceptions->{closure:Illuminate\\Foundation\\Bootstrap\\HandleExceptions::forwardsTo():255}(2, 'include(assets/...', '/Users/ahmedmos...', 341)
#2 /Users/ahmedmosaad/Herd/myclass2026-main/vendor/symfony/error-handler/ErrorRenderer/HtmlErrorRenderer.php(341): include('/Users/ahmedmos...')
#3 /Users/ahmedmosaad/Herd/myclass2026-main/vendor/symfony/error-handler/Resources/views/trace.html.php(29): Symfony\\Component\\ErrorHandler\\ErrorRenderer\\HtmlErrorRenderer->include('assets/images/i...')
#4 /Users/ahmedmosaad/Herd/myclass2026-main/vendor/symfony/error-handler/ErrorRenderer/HtmlErrorRenderer.php(341): include('/Users/ahmedmos...')
#5 /Users/ahmedmosaad/Herd/myclass2026-main/vendor/symfony/error-handler/Resources/views/traces.html.php(48): Symfony\\Component\\ErrorHandler\\ErrorRenderer\\HtmlErrorRenderer->include('views/trace.htm...', Array)
#6 /Users/ahmedmosaad/Herd/myclass2026-main/vendor/symfony/error-handler/ErrorRenderer/HtmlErrorRenderer.php(341): include('/Users/ahmedmos...')
#7 /Users/ahmedmosaad/Herd/myclass2026-main/vendor/symfony/error-handler/Resources/views/exception.html.php(54): Symfony\\Component\\ErrorHandler\\ErrorRenderer\\HtmlErrorRenderer->include('views/traces.ht...', Array)
#8 /Users/ahmedmosaad/Herd/myclass2026-main/vendor/symfony/error-handler/ErrorRenderer/HtmlErrorRenderer.php(341): include('/Users/ahmedmos...')
#9 /Users/ahmedmosaad/Herd/myclass2026-main/vendor/symfony/error-handler/Resources/views/exception_full.html.php(35): Symfony\\Component\\ErrorHandler\\ErrorRenderer\\HtmlErrorRenderer->include('views/exception...', Array)
#10 /Users/ahmedmosaad/Herd/myclass2026-main/vendor/symfony/error-handler/ErrorRenderer/HtmlErrorRenderer.php(341): include('/Users/ahmedmos...')
#11 /Users/ahmedmosaad/Herd/myclass2026-main/vendor/symfony/error-handler/ErrorRenderer/HtmlErrorRenderer.php(140): Symfony\\Component\\ErrorHandler\\ErrorRenderer\\HtmlErrorRenderer->include('views/exception...', Array)
#12 /Users/ahmedmosaad/Herd/myclass2026-main/vendor/symfony/error-handler/ErrorRenderer/HtmlErrorRenderer.php(72): Symfony\\Component\\ErrorHandler\\ErrorRenderer\\HtmlErrorRenderer->renderException(Object(Symfony\\Component\\ErrorHandler\\Exception\\FlattenException))
#13 /Users/ahmedmosaad/Herd/myclass2026-main/vendor/laravel/framework/src/Illuminate/Foundation/Exceptions/Handler.php(879): Symfony\\Component\\ErrorHandler\\ErrorRenderer\\HtmlErrorRenderer->render(Object(Symfony\\Component\\ErrorHandler\\Exception\\FlattenException))
#14 /Users/ahmedmosaad/Herd/myclass2026-main/vendor/laravel/framework/src/Illuminate/Foundation/Exceptions/Handler.php(853): Illuminate\\Foundation\\Exceptions\\Handler->renderExceptionWithSymfony(Object(ErrorException), true)
#15 /Users/ahmedmosaad/Herd/myclass2026-main/vendor/laravel/framework/src/Illuminate/Foundation/Exceptions/Handler.php(828): Illuminate\\Foundation\\Exceptions\\Handler->renderExceptionContent(Object(ErrorException))
#16 /Users/ahmedmosaad/Herd/myclass2026-main/vendor/laravel/framework/src/Illuminate/Foundation/Exceptions/Handler.php(807): Illuminate\\Foundation\\Exceptions\\Handler->convertExceptionToResponse(Object(ErrorException))
#17 /Users/ahmedmosaad/Herd/myclass2026-main/vendor/laravel/framework/src/Illuminate/Foundation/Exceptions/Handler.php(706): Illuminate\\Foundation\\Exceptions\\Handler->prepareResponse(Object(Illuminate\\Http\\Request), Object(ErrorException))
#18 /Users/ahmedmosaad/Herd/myclass2026-main/vendor/laravel/framework/src/Illuminate/Foundation/Exceptions/Handler.php(594): Illuminate\\Foundation\\Exceptions\\Handler->renderExceptionResponse(Object(Illuminate\\Http\\Request), Object(ErrorException))
#19 /Users/ahmedmosaad/Herd/myclass2026-main/vendor/laravel/framework/src/Illuminate/Routing/Pipeline.php(51): Illuminate\\Foundation\\Exceptions\\Handler->render(Object(Illuminate\\Http\\Request), Object(ErrorException))
#20 /Users/ahmedmosaad/Herd/myclass2026-main/vendor/laravel/framework/src/Illuminate/Pipeline/Pipeline.php(214): Illuminate\\Routing\\Pipeline->handleException(Object(Illuminate\\Http\\Request), Object(ErrorException))
#21 /Users/ahmedmosaad/Herd/myclass2026-main/vendor/laravel/framework/src/Illuminate/Pipeline/Pipeline.php(127): Illuminate\\Pipeline\\Pipeline->{closure:{closure:Illuminate\\Pipeline\\Pipeline::carry():184}:185}(Object(Illuminate\\Http\\Request))
#22 /Users/ahmedmosaad/Herd/myclass2026-main/vendor/laravel/framework/src/Illuminate/Routing/Router.php(807): Illuminate\\Pipeline\\Pipeline->then(Object(Closure))
#23 /Users/ahmedmosaad/Herd/myclass2026-main/vendor/laravel/framework/src/Illuminate/Routing/Router.php(786): Illuminate\\Routing\\Router->runRouteWithinStack(Object(Illuminate\\Routing\\Route), Object(Illuminate\\Http\\Request))
#24 /Users/ahmedmosaad/Herd/myclass2026-main/vendor/laravel/framework/src/Illuminate/Routing/Router.php(750): Illuminate\\Routing\\Router->runRoute(Object(Illuminate\\Http\\Request), Object(Illuminate\\Routing\\Route))
#25 /Users/ahmedmosaad/Herd/myclass2026-main/vendor/laravel/framework/src/Illuminate/Routing/Router.php(739): Illuminate\\Routing\\Router->dispatchToRoute(Object(Illuminate\\Http\\Request))
#26 /Users/ahmedmosaad/Herd/myclass2026-main/vendor/laravel/framework/src/Illuminate/Foundation/Http/Kernel.php(201): Illuminate\\Routing\\Router->dispatch(Object(Illuminate\\Http\\Request))
#27 /Users/ahmedmosaad/Herd/myclass2026-main/vendor/laravel/framework/src/Illuminate/Pipeline/Pipeline.php(170): Illuminate\\Foundation\\Http\\Kernel->{closure:Illuminate\\Foundation\\Http\\Kernel::dispatchToRouter():198}(Object(Illuminate\\Http\\Request))
#28 /Users/ahmedmosaad/Herd/myclass2026-main/vendor/laravel/framework/src/Illuminate/Foundation/Http/Middleware/TransformsRequest.php(21): Illuminate\\Pipeline\\Pipeline->{closure:Illuminate\\Pipeline\\Pipeline::prepareDestination():168}(Object(Illuminate\\Http\\Request))
#29 /Users/ahmedmosaad/Herd/myclass2026-main/vendor/laravel/framework/src/Illuminate/Foundation/Http/Middleware/ConvertEmptyStringsToNull.php(31): Illuminate\\Foundation\\Http\\Middleware\\TransformsRequest->handle(Object(Illuminate\\Http\\Request), Object(Closure))
#30 /Users/ahmedmosaad/Herd/myclass2026-main/vendor/laravel/framework/src/Illuminate/Pipeline/Pipeline.php(209): Illuminate\\Foundation\\Http\\Middleware\\ConvertEmptyStringsToNull->handle(Object(Illuminate\\Http\\Request), Object(Closure))
#31 /Users/ahmedmosaad/Herd/myclass2026-main/vendor/laravel/framework/src/Illuminate/Foundation/Http/Middleware/TransformsRequest.php(21): Illuminate\\Pipeline\\Pipeline->{closure:{closure:Illuminate\\Pipeline\\Pipeline::carry():184}:185}(Object(Illuminate\\Http\\Request))
#32 /Users/ahmedmosaad/Herd/myclass2026-main/vendor/laravel/framework/src/Illuminate/Foundation/Http/Middleware/TrimStrings.php(51): Illuminate\\Foundation\\Http\\Middleware\\TransformsRequest->handle(Object(Illuminate\\Http\\Request), Object(Closure))
#33 /Users/ahmedmosaad/Herd/myclass2026-main/vendor/laravel/framework/src/Illuminate/Pipeline/Pipeline.php(209): Illuminate\\Foundation\\Http\\Middleware\\TrimStrings->handle(Object(Illuminate\\Http\\Request), Object(Closure))
#34 /Users/ahmedmosaad/Herd/myclass2026-main/vendor/laravel/framework/src/Illuminate/Http/Middleware/ValidatePostSize.php(27): Illuminate\\Pipeline\\Pipeline->{closure:{closure:Illuminate\\Pipeline\\Pipeline::carry():184}:185}(Object(Illuminate\\Http\\Request))
#35 /Users/ahmedmosaad/Herd/myclass2026-main/vendor/laravel/framework/src/Illuminate/Pipeline/Pipeline.php(209): Illuminate\\Http\\Middleware\\ValidatePostSize->handle(Object(Illuminate\\Http\\Request), Object(Closure))
#36 /Users/ahmedmosaad/Herd/myclass2026-main/vendor/laravel/framework/src/Illuminate/Foundation/Http/Middleware/PreventRequestsDuringMaintenance.php(110): Illuminate\\Pipeline\\Pipeline->{closure:{closure:Illuminate\\Pipeline\\Pipeline::carry():184}:185}(Object(Illuminate\\Http\\Request))
#37 /Users/ahmedmosaad/Herd/myclass2026-main/vendor/laravel/framework/src/Illuminate/Pipeline/Pipeline.php(209): Illuminate\\Foundation\\Http\\Middleware\\PreventRequestsDuringMaintenance->handle(Object(Illuminate\\Http\\Request), Object(Closure))
#38 /Users/ahmedmosaad/Herd/myclass2026-main/vendor/laravel/framework/src/Illuminate/Http/Middleware/HandleCors.php(49): Illuminate\\Pipeline\\Pipeline->{closure:{closure:Illuminate\\Pipeline\\Pipeline::carry():184}:185}(Object(Illuminate\\Http\\Request))
#39 /Users/ahmedmosaad/Herd/myclass2026-main/vendor/laravel/framework/src/Illuminate/Pipeline/Pipeline.php(209): Illuminate\\Http\\Middleware\\HandleCors->handle(Object(Illuminate\\Http\\Request), Object(Closure))
#40 /Users/ahmedmosaad/Herd/myclass2026-main/vendor/laravel/framework/src/Illuminate/Http/Middleware/TrustProxies.php(58): Illuminate\\Pipeline\\Pipeline->{closure:{closure:Illuminate\\Pipeline\\Pipeline::carry():184}:185}(Object(Illuminate\\Http\\Request))
#41 /Users/ahmedmosaad/Herd/myclass2026-main/vendor/laravel/framework/src/Illuminate/Pipeline/Pipeline.php(209): Illuminate\\Http\\Middleware\\TrustProxies->handle(Object(Illuminate\\Http\\Request), Object(Closure))
#42 /Users/ahmedmosaad/Herd/myclass2026-main/vendor/laravel/framework/src/Illuminate/Foundation/Http/Middleware/InvokeDeferredCallbacks.php(22): Illuminate\\Pipeline\\Pipeline->{closure:{closure:Illuminate\\Pipeline\\Pipeline::carry():184}:185}(Object(Illuminate\\Http\\Request))
#43 /Users/ahmedmosaad/Herd/myclass2026-main/vendor/laravel/framework/src/Illuminate/Pipeline/Pipeline.php(209): Illuminate\\Foundation\\Http\\Middleware\\InvokeDeferredCallbacks->handle(Object(Illuminate\\Http\\Request), Object(Closure))
#44 /Users/ahmedmosaad/Herd/myclass2026-main/vendor/laravel/framework/src/Illuminate/Http/Middleware/ValidatePathEncoding.php(26): Illuminate\\Pipeline\\Pipeline->{closure:{closure:Illuminate\\Pipeline\\Pipeline::carry():184}:185}(Object(Illuminate\\Http\\Request))
#45 /Users/ahmedmosaad/Herd/myclass2026-main/vendor/laravel/framework/src/Illuminate/Pipeline/Pipeline.php(209): Illuminate\\Http\\Middleware\\ValidatePathEncoding->handle(Object(Illuminate\\Http\\Request), Object(Closure))
#46 /Users/ahmedmosaad/Herd/myclass2026-main/vendor/laravel/framework/src/Illuminate/Pipeline/Pipeline.php(127): Illuminate\\Pipeline\\Pipeline->{closure:{closure:Illuminate\\Pipeline\\Pipeline::carry():184}:185}(Object(Illuminate\\Http\\Request))
#47 /Users/ahmedmosaad/Herd/myclass2026-main/vendor/laravel/framework/src/Illuminate/Foundation/Http/Kernel.php(176): Illuminate\\Pipeline\\Pipeline->then(Object(Closure))
#48 /Users/ahmedmosaad/Herd/myclass2026-main/vendor/laravel/framework/src/Illuminate/Foundation/Http/Kernel.php(145): Illuminate\\Foundation\\Http\\Kernel->sendRequestThroughRouter(Object(Illuminate\\Http\\Request))
#49 /Users/ahmedmosaad/Herd/myclass2026-main/vendor/laravel/framework/src/Illuminate/Foundation/Application.php(1220): Illuminate\\Foundation\\Http\\Kernel->handle(Object(Illuminate\\Http\\Request))
#50 /Users/ahmedmosaad/Herd/myclass2026-main/public/index.php(20): Illuminate\\Foundation\\Application->handleRequest(Object(Illuminate\\Http\\Request))
#51 /Users/ahmedmosaad/Herd/myclass2026-main/vendor/laravel/framework/src/Illuminate/Foundation/resources/server.php(23): require_once('/Users/ahmedmos...')
#52 {main}
"} 
[2026-02-07 11:48:17] local.ERROR: include(assets/images/icon-copy.svg): Failed to open stream: No such file or directory {"userId":810,"exception":"[object] (ErrorException(code: 0): include(assets/images/icon-copy.svg): Failed to open stream: No such file or directory at /Users/ahmedmosaad/Herd/myclass2026-main/vendor/symfony/error-handler/ErrorRenderer/HtmlErrorRenderer.php:341)
[stacktrace]
#0 /Users/ahmedmosaad/Herd/myclass2026-main/vendor/laravel/framework/src/Illuminate/Foundation/Bootstrap/HandleExceptions.php(256): Illuminate\\Foundation\\Bootstrap\\HandleExceptions->handleError(2, 'include(assets/...', '/Users/ahmedmos...', 341)
#1 /Users/ahmedmosaad/Herd/myclass2026-main/vendor/symfony/error-handler/ErrorRenderer/HtmlErrorRenderer.php(341): Illuminate\\Foundation\\Bootstrap\\HandleExceptions->{closure:Illuminate\\Foundation\\Bootstrap\\HandleExceptions::forwardsTo():255}(2, 'include(assets/...', '/Users/ahmedmos...', 341)
#2 /Users/ahmedmosaad/Herd/myclass2026-main/vendor/symfony/error-handler/ErrorRenderer/HtmlErrorRenderer.php(341): include('/Users/ahmedmos...')
#3 /Users/ahmedmosaad/Herd/myclass2026-main/vendor/symfony/error-handler/Resources/views/trace.html.php(29): Symfony\\Component\\ErrorHandler\\ErrorRenderer\\HtmlErrorRenderer->include('assets/images/i...')
#4 /Users/ahmedmosaad/Herd/myclass2026-main/vendor/symfony/error-handler/ErrorRenderer/HtmlErrorRenderer.php(341): include('/Users/ahmedmos...')
#5 /Users/ahmedmosaad/Herd/myclass2026-main/vendor/symfony/error-handler/Resources/views/traces.html.php(48): Symfony\\Component\\ErrorHandler\\ErrorRenderer\\HtmlErrorRenderer->include('views/trace.htm...', Array)
#6 /Users/ahmedmosaad/Herd/myclass2026-main/vendor/symfony/error-handler/ErrorRenderer/HtmlErrorRenderer.php(341): include('/Users/ahmedmos...')
#7 /Users/ahmedmosaad/Herd/myclass2026-main/vendor/symfony/error-handler/Resources/views/exception.html.php(54): Symfony\\Component\\ErrorHandler\\ErrorRenderer\\HtmlErrorRenderer->include('views/traces.ht...', Array)
#8 /Users/ahmedmosaad/Herd/myclass2026-main/vendor/symfony/error-handler/ErrorRenderer/HtmlErrorRenderer.php(341): include('/Users/ahmedmos...')
#9 /Users/ahmedmosaad/Herd/myclass2026-main/vendor/symfony/error-handler/Resources/views/exception_full.html.php(35): Symfony\\Component\\ErrorHandler\\ErrorRenderer\\HtmlErrorRenderer->include('views/exception...', Array)
#10 /Users/ahmedmosaad/Herd/myclass2026-main/vendor/symfony/error-handler/ErrorRenderer/HtmlErrorRenderer.php(341): include('/Users/ahmedmos...')
#11 /Users/ahmedmosaad/Herd/myclass2026-main/vendor/symfony/error-handler/ErrorRenderer/HtmlErrorRenderer.php(140): Symfony\\Component\\ErrorHandler\\ErrorRenderer\\HtmlErrorRenderer->include('views/exception...', Array)
#12 /Users/ahmedmosaad/Herd/myclass2026-main/vendor/symfony/error-handler/ErrorRenderer/HtmlErrorRenderer.php(72): Symfony\\Component\\ErrorHandler\\ErrorRenderer\\HtmlErrorRenderer->renderException(Object(Symfony\\Component\\ErrorHandler\\Exception\\FlattenException))
#13 /Users/ahmedmosaad/Herd/myclass2026-main/vendor/laravel/framework/src/Illuminate/Foundation/Exceptions/Handler.php(879): Symfony\\Component\\ErrorHandler\\ErrorRenderer\\HtmlErrorRenderer->render(Object(Symfony\\Component\\ErrorHandler\\Exception\\FlattenException))
#14 /Users/ahmedmosaad/Herd/myclass2026-main/vendor/laravel/framework/src/Illuminate/Foundation/Exceptions/Handler.php(853): Illuminate\\Foundation\\Exceptions\\Handler->renderExceptionWithSymfony(Object(ErrorException), true)
#15 /Users/ahmedmosaad/Herd/myclass2026-main/vendor/laravel/framework/src/Illuminate/Foundation/Exceptions/Handler.php(828): Illuminate\\Foundation\\Exceptions\\Handler->renderExceptionContent(Object(ErrorException))
#16 /Users/ahmedmosaad/Herd/myclass2026-main/vendor/laravel/framework/src/Illuminate/Foundation/Exceptions/Handler.php(807): Illuminate\\Foundation\\Exceptions\\Handler->convertExceptionToResponse(Object(ErrorException))
#17 /Users/ahmedmosaad/Herd/myclass2026-main/vendor/laravel/framework/src/Illuminate/Foundation/Exceptions/Handler.php(706): Illuminate\\Foundation\\Exceptions\\Handler->prepareResponse(Object(Illuminate\\Http\\Request), Object(ErrorException))
#18 /Users/ahmedmosaad/Herd/myclass2026-main/vendor/laravel/framework/src/Illuminate/Foundation/Exceptions/Handler.php(594): Illuminate\\Foundation\\Exceptions\\Handler->renderExceptionResponse(Object(Illuminate\\Http\\Request), Object(ErrorException))
#19 /Users/ahmedmosaad/Herd/myclass2026-main/vendor/laravel/framework/src/Illuminate/Routing/Pipeline.php(51): Illuminate\\Foundation\\Exceptions\\Handler->render(Object(Illuminate\\Http\\Request), Object(ErrorException))
#20 /Users/ahmedmosaad/Herd/myclass2026-main/vendor/laravel/framework/src/Illuminate/Pipeline/Pipeline.php(172): Illuminate\\Routing\\Pipeline->handleException(Object(Illuminate\\Http\\Request), Object(ErrorException))
#21 /Users/ahmedmosaad/Herd/myclass2026-main/vendor/laravel/framework/src/Illuminate/Foundation/Http/Middleware/TransformsRequest.php(21): Illuminate\\Pipeline\\Pipeline->{closure:Illuminate\\Pipeline\\Pipeline::prepareDestination():168}(Object(Illuminate\\Http\\Request))
#22 /Users/ahmedmosaad/Herd/myclass2026-main/vendor/laravel/framework/src/Illuminate/Foundation/Http/Middleware/ConvertEmptyStringsToNull.php(31): Illuminate\\Foundation\\Http\\Middleware\\TransformsRequest->handle(Object(Illuminate\\Http\\Request), Object(Closure))
#23 /Users/ahmedmosaad/Herd/myclass2026-main/vendor/laravel/framework/src/Illuminate/Pipeline/Pipeline.php(209): Illuminate\\Foundation\\Http\\Middleware\\ConvertEmptyStringsToNull->handle(Object(Illuminate\\Http\\Request), Object(Closure))
#24 /Users/ahmedmosaad/Herd/myclass2026-main/vendor/laravel/framework/src/Illuminate/Foundation/Http/Middleware/TransformsRequest.php(21): Illuminate\\Pipeline\\Pipeline->{closure:{closure:Illuminate\\Pipeline\\Pipeline::carry():184}:185}(Object(Illuminate\\Http\\Request))
#25 /Users/ahmedmosaad/Herd/myclass2026-main/vendor/laravel/framework/src/Illuminate/Foundation/Http/Middleware/TrimStrings.php(51): Illuminate\\Foundation\\Http\\Middleware\\TransformsRequest->handle(Object(Illuminate\\Http\\Request), Object(Closure))
#26 /Users/ahmedmosaad/Herd/myclass2026-main/vendor/laravel/framework/src/Illuminate/Pipeline/Pipeline.php(209): Illuminate\\Foundation\\Http\\Middleware\\TrimStrings->handle(Object(Illuminate\\Http\\Request), Object(Closure))
#27 /Users/ahmedmosaad/Herd/myclass2026-main/vendor/laravel/framework/src/Illuminate/Http/Middleware/ValidatePostSize.php(27): Illuminate\\Pipeline\\Pipeline->{closure:{closure:Illuminate\\Pipeline\\Pipeline::carry():184}:185}(Object(Illuminate\\Http\\Request))
#28 /Users/ahmedmosaad/Herd/myclass2026-main/vendor/laravel/framework/src/Illuminate/Pipeline/Pipeline.php(209): Illuminate\\Http\\Middleware\\ValidatePostSize->handle(Object(Illuminate\\Http\\Request), Object(Closure))
#29 /Users/ahmedmosaad/Herd/myclass2026-main/vendor/laravel/framework/src/Illuminate/Foundation/Http/Middleware/PreventRequestsDuringMaintenance.php(110): Illuminate\\Pipeline\\Pipeline->{closure:{closure:Illuminate\\Pipeline\\Pipeline::carry():184}:185}(Object(Illuminate\\Http\\Request))
#30 /Users/ahmedmosaad/Herd/myclass2026-main/vendor/laravel/framework/src/Illuminate/Pipeline/Pipeline.php(209): Illuminate\\Foundation\\Http\\Middleware\\PreventRequestsDuringMaintenance->handle(Object(Illuminate\\Http\\Request), Object(Closure))
#31 /Users/ahmedmosaad/Herd/myclass2026-main/vendor/laravel/framework/src/Illuminate/Http/Middleware/HandleCors.php(49): Illuminate\\Pipeline\\Pipeline->{closure:{closure:Illuminate\\Pipeline\\Pipeline::carry():184}:185}(Object(Illuminate\\Http\\Request))
#32 /Users/ahmedmosaad/Herd/myclass2026-main/vendor/laravel/framework/src/Illuminate/Pipeline/Pipeline.php(209): Illuminate\\Http\\Middleware\\HandleCors->handle(Object(Illuminate\\Http\\Request), Object(Closure))
#33 /Users/ahmedmosaad/Herd/myclass2026-main/vendor/laravel/framework/src/Illuminate/Http/Middleware/TrustProxies.php(58): Illuminate\\Pipeline\\Pipeline->{closure:{closure:Illuminate\\Pipeline\\Pipeline::carry():184}:185}(Object(Illuminate\\Http\\Request))
#34 /Users/ahmedmosaad/Herd/myclass2026-main/vendor/laravel/framework/src/Illuminate/Pipeline/Pipeline.php(209): Illuminate\\Http\\Middleware\\TrustProxies->handle(Object(Illuminate\\Http\\Request), Object(Closure))
#35 /Users/ahmedmosaad/Herd/myclass2026-main/vendor/laravel/framework/src/Illuminate/Foundation/Http/Middleware/InvokeDeferredCallbacks.php(22): Illuminate\\Pipeline\\Pipeline->{closure:{closure:Illuminate\\Pipeline\\Pipeline::carry():184}:185}(Object(Illuminate\\Http\\Request))
#36 /Users/ahmedmosaad/Herd/myclass2026-main/vendor/laravel/framework/src/Illuminate/Pipeline/Pipeline.php(209): Illuminate\\Foundation\\Http\\Middleware\\InvokeDeferredCallbacks->handle(Object(Illuminate\\Http\\Request), Object(Closure))
#37 /Users/ahmedmosaad/Herd/myclass2026-main/vendor/laravel/framework/src/Illuminate/Http/Middleware/ValidatePathEncoding.php(26): Illuminate\\Pipeline\\Pipeline->{closure:{closure:Illuminate\\Pipeline\\Pipeline::carry():184}:185}(Object(Illuminate\\Http\\Request))
#38 /Users/ahmedmosaad/Herd/myclass2026-main/vendor/laravel/framework/src/Illuminate/Pipeline/Pipeline.php(209): Illuminate\\Http\\Middleware\\ValidatePathEncoding->handle(Object(Illuminate\\Http\\Request), Object(Closure))
#39 /Users/ahmedmosaad/Herd/myclass2026-main/vendor/laravel/framework/src/Illuminate/Pipeline/Pipeline.php(127): Illuminate\\Pipeline\\Pipeline->{closure:{closure:Illuminate\\Pipeline\\Pipeline::carry():184}:185}(Object(Illuminate\\Http\\Request))
#40 /Users/ahmedmosaad/Herd/myclass2026-main/vendor/laravel/framework/src/Illuminate/Foundation/Http/Kernel.php(176): Illuminate\\Pipeline\\Pipeline->then(Object(Closure))
#41 /Users/ahmedmosaad/Herd/myclass2026-main/vendor/laravel/framework/src/Illuminate/Foundation/Http/Kernel.php(145): Illuminate\\Foundation\\Http\\Kernel->sendRequestThroughRouter(Object(Illuminate\\Http\\Request))
#42 /Users/ahmedmosaad/Herd/myclass2026-main/vendor/laravel/framework/src/Illuminate/Foundation/Application.php(1220): Illuminate\\Foundation\\Http\\Kernel->handle(Object(Illuminate\\Http\\Request))
#43 /Users/ahmedmosaad/Herd/myclass2026-main/public/index.php(20): Illuminate\\Foundation\\Application->handleRequest(Object(Illuminate\\Http\\Request))
#44 /Users/ahmedmosaad/Herd/myclass2026-main/vendor/laravel/framework/src/Illuminate/Foundation/resources/server.php(23): require_once('/Users/ahmedmos...')
#45 {main}
"} 
[2026-02-07 11:48:17] local.ERROR: include(assets/images/icon-copy.svg): Failed to open stream: No such file or directory {"userId":810,"exception":"[object] (ErrorException(code: 0): include(assets/images/icon-copy.svg): Failed to open stream: No such file or directory at /Users/ahmedmosaad/Herd/myclass2026-main/vendor/symfony/error-handler/ErrorRenderer/HtmlErrorRenderer.php:341)
[stacktrace]
#0 /Users/ahmedmosaad/Herd/myclass2026-main/vendor/laravel/framework/src/Illuminate/Foundation/Bootstrap/HandleExceptions.php(256): Illuminate\\Foundation\\Bootstrap\\HandleExceptions->handleError(2, 'include(assets/...', '/Users/ahmedmos...', 341)
#1 /Users/ahmedmosaad/Herd/myclass2026-main/vendor/symfony/error-handler/ErrorRenderer/HtmlErrorRenderer.php(341): Illuminate\\Foundation\\Bootstrap\\HandleExceptions->{closure:Illuminate\\Foundation\\Bootstrap\\HandleExceptions::forwardsTo():255}(2, 'include(assets/...', '/Users/ahmedmos...', 341)
#2 /Users/ahmedmosaad/Herd/myclass2026-main/vendor/symfony/error-handler/ErrorRenderer/HtmlErrorRenderer.php(341): include('/Users/ahmedmos...')
#3 /Users/ahmedmosaad/Herd/myclass2026-main/vendor/symfony/error-handler/Resources/views/trace.html.php(29): Symfony\\Component\\ErrorHandler\\ErrorRenderer\\HtmlErrorRenderer->include('assets/images/i...')
#4 /Users/ahmedmosaad/Herd/myclass2026-main/vendor/symfony/error-handler/ErrorRenderer/HtmlErrorRenderer.php(341): include('/Users/ahmedmos...')
#5 /Users/ahmedmosaad/Herd/myclass2026-main/vendor/symfony/error-handler/Resources/views/traces.html.php(48): Symfony\\Component\\ErrorHandler\\ErrorRenderer\\HtmlErrorRenderer->include('views/trace.htm...', Array)
#6 /Users/ahmedmosaad/Herd/myclass2026-main/vendor/symfony/error-handler/ErrorRenderer/HtmlErrorRenderer.php(341): include('/Users/ahmedmos...')
#7 /Users/ahmedmosaad/Herd/myclass2026-main/vendor/symfony/error-handler/Resources/views/exception.html.php(54): Symfony\\Component\\ErrorHandler\\ErrorRenderer\\HtmlErrorRenderer->include('views/traces.ht...', Array)
#8 /Users/ahmedmosaad/Herd/myclass2026-main/vendor/symfony/error-handler/ErrorRenderer/HtmlErrorRenderer.php(341): include('/Users/ahmedmos...')
#9 /Users/ahmedmosaad/Herd/myclass2026-main/vendor/symfony/error-handler/Resources/views/exception_full.html.php(35): Symfony\\Component\\ErrorHandler\\ErrorRenderer\\HtmlErrorRenderer->include('views/exception...', Array)
#10 /Users/ahmedmosaad/Herd/myclass2026-main/vendor/symfony/error-handler/ErrorRenderer/HtmlErrorRenderer.php(341): include('/Users/ahmedmos...')
#11 /Users/ahmedmosaad/Herd/myclass2026-main/vendor/symfony/error-handler/ErrorRenderer/HtmlErrorRenderer.php(140): Symfony\\Component\\ErrorHandler\\ErrorRenderer\\HtmlErrorRenderer->include('views/exception...', Array)
#12 /Users/ahmedmosaad/Herd/myclass2026-main/vendor/symfony/error-handler/ErrorRenderer/HtmlErrorRenderer.php(72): Symfony\\Component\\ErrorHandler\\ErrorRenderer\\HtmlErrorRenderer->renderException(Object(Symfony\\Component\\ErrorHandler\\Exception\\FlattenException))
#13 /Users/ahmedmosaad/Herd/myclass2026-main/vendor/laravel/framework/src/Illuminate/Foundation/Exceptions/Handler.php(879): Symfony\\Component\\ErrorHandler\\ErrorRenderer\\HtmlErrorRenderer->render(Object(Symfony\\Component\\ErrorHandler\\Exception\\FlattenException))
#14 /Users/ahmedmosaad/Herd/myclass2026-main/vendor/laravel/framework/src/Illuminate/Foundation/Exceptions/Handler.php(853): Illuminate\\Foundation\\Exceptions\\Handler->renderExceptionWithSymfony(Object(ErrorException), true)
#15 /Users/ahmedmosaad/Herd/myclass2026-main/vendor/laravel/framework/src/Illuminate/Foundation/Exceptions/Handler.php(828): Illuminate\\Foundation\\Exceptions\\Handler->renderExceptionContent(Object(ErrorException))
#16 /Users/ahmedmosaad/Herd/myclass2026-main/vendor/laravel/framework/src/Illuminate/Foundation/Exceptions/Handler.php(807): Illuminate\\Foundation\\Exceptions\\Handler->convertExceptionToResponse(Object(ErrorException))
#17 /Users/ahmedmosaad/Herd/myclass2026-main/vendor/laravel/framework/src/Illuminate/Foundation/Exceptions/Handler.php(706): Illuminate\\Foundation\\Exceptions\\Handler->prepareResponse(Object(Illuminate\\Http\\Request), Object(ErrorException))
#18 /Users/ahmedmosaad/Herd/myclass2026-main/vendor/laravel/framework/src/Illuminate/Foundation/Exceptions/Handler.php(594): Illuminate\\Foundation\\Exceptions\\Handler->renderExceptionResponse(Object(Illuminate\\Http\\Request), Object(ErrorException))
#19 /Users/ahmedmosaad/Herd/myclass2026-main/vendor/laravel/framework/src/Illuminate/Routing/Pipeline.php(51): Illuminate\\Foundation\\Exceptions\\Handler->render(Object(Illuminate\\Http\\Request), Object(ErrorException))
#20 /Users/ahmedmosaad/Herd/myclass2026-main/vendor/laravel/framework/src/Illuminate/Pipeline/Pipeline.php(214): Illuminate\\Routing\\Pipeline->handleException(Object(Illuminate\\Http\\Request), Object(ErrorException))
#21 /Users/ahmedmosaad/Herd/myclass2026-main/vendor/laravel/framework/src/Illuminate/Foundation/Http/Middleware/TransformsRequest.php(21): Illuminate\\Pipeline\\Pipeline->{closure:{closure:Illuminate\\Pipeline\\Pipeline::carry():184}:185}(Object(Illuminate\\Http\\Request))
#22 /Users/ahmedmosaad/Herd/myclass2026-main/vendor/laravel/framework/src/Illuminate/Foundation/Http/Middleware/TrimStrings.php(51): Illuminate\\Foundation\\Http\\Middleware\\TransformsRequest->handle(Object(Illuminate\\Http\\Request), Object(Closure))
#23 /Users/ahmedmosaad/Herd/myclass2026-main/vendor/laravel/framework/src/Illuminate/Pipeline/Pipeline.php(209): Illuminate\\Foundation\\Http\\Middleware\\TrimStrings->handle(Object(Illuminate\\Http\\Request), Object(Closure))
#24 /Users/ahmedmosaad/Herd/myclass2026-main/vendor/laravel/framework/src/Illuminate/Http/Middleware/ValidatePostSize.php(27): Illuminate\\Pipeline\\Pipeline->{closure:{closure:Illuminate\\Pipeline\\Pipeline::carry():184}:185}(Object(Illuminate\\Http\\Request))
#25 /Users/ahmedmosaad/Herd/myclass2026-main/vendor/laravel/framework/src/Illuminate/Pipeline/Pipeline.php(209): Illuminate\\Http\\Middleware\\ValidatePostSize->handle(Object(Illuminate\\Http\\Request), Object(Closure))
#26 /Users/ahmedmosaad/Herd/myclass2026-main/vendor/laravel/framework/src/Illuminate/Foundation/Http/Middleware/PreventRequestsDuringMaintenance.php(110): Illuminate\\Pipeline\\Pipeline->{closure:{closure:Illuminate\\Pipeline\\Pipeline::carry():184}:185}(Object(Illuminate\\Http\\Request))
#27 /Users/ahmedmosaad/Herd/myclass2026-main/vendor/laravel/framework/src/Illuminate/Pipeline/Pipeline.php(209): Illuminate\\Foundation\\Http\\Middleware\\PreventRequestsDuringMaintenance->handle(Object(Illuminate\\Http\\Request), Object(Closure))
#28 /Users/ahmedmosaad/Herd/myclass2026-main/vendor/laravel/framework/src/Illuminate/Http/Middleware/HandleCors.php(49): Illuminate\\Pipeline\\Pipeline->{closure:{closure:Illuminate\\Pipeline\\Pipeline::carry():184}:185}(Object(Illuminate\\Http\\Request))
#29 /Users/ahmedmosaad/Herd/myclass2026-main/vendor/laravel/framework/src/Illuminate/Pipeline/Pipeline.php(209): Illuminate\\Http\\Middleware\\HandleCors->handle(Object(Illuminate\\Http\\Request), Object(Closure))
#30 /Users/ahmedmosaad/Herd/myclass2026-main/vendor/laravel/framework/src/Illuminate/Http/Middleware/TrustProxies.php(58): Illuminate\\Pipeline\\Pipeline->{closure:{closure:Illuminate\\Pipeline\\Pipeline::carry():184}:185}(Object(Illuminate\\Http\\Request))
#31 /Users/ahmedmosaad/Herd/myclass2026-main/vendor/laravel/framework/src/Illuminate/Pipeline/Pipeline.php(209): Illuminate\\Http\\Middleware\\TrustProxies->handle(Object(Illuminate\\Http\\Request), Object(Closure))
#32 /Users/ahmedmosaad/Herd/myclass2026-main/vendor/laravel/framework/src/Illuminate/Foundation/Http/Middleware/InvokeDeferredCallbacks.php(22): Illuminate\\Pipeline\\Pipeline->{closure:{closure:Illuminate\\Pipeline\\Pipeline::carry():184}:185}(Object(Illuminate\\Http\\Request))
#33 /Users/ahmedmosaad/Herd/myclass2026-main/vendor/laravel/framework/src/Illuminate/Pipeline/Pipeline.php(209): Illuminate\\Foundation\\Http\\Middleware\\InvokeDeferredCallbacks->handle(Object(Illuminate\\Http\\Request), Object(Closure))
#34 /Users/ahmedmosaad/Herd/myclass2026-main/vendor/laravel/framework/src/Illuminate/Http/Middleware/ValidatePathEncoding.php(26): Illuminate\\Pipeline\\Pipeline->{closure:{closure:Illuminate\\Pipeline\\Pipeline::carry():184}:185}(Object(Illuminate\\Http\\Request))
#35 /Users/ahmedmosaad/Herd/myclass2026-main/vendor/laravel/framework/src/Illuminate/Pipeline/Pipeline.php(209): Illuminate\\Http\\Middleware\\ValidatePathEncoding->handle(Object(Illuminate\\Http\\Request), Object(Closure))
#36 /Users/ahmedmosaad/Herd/myclass2026-main/vendor/laravel/framework/src/Illuminate/Pipeline/Pipeline.php(127): Illuminate\\Pipeline\\Pipeline->{closure:{closure:Illuminate\\Pipeline\\Pipeline::carry():184}:185}(Object(Illuminate\\Http\\Request))
#37 /Users/ahmedmosaad/Herd/myclass2026-main/vendor/laravel/framework/src/Illuminate/Foundation/Http/Kernel.php(176): Illuminate\\Pipeline\\Pipeline->then(Object(Closure))
#38 /Users/ahmedmosaad/Herd/myclass2026-main/vendor/laravel/framework/src/Illuminate/Foundation/Http/Kernel.php(145): Illuminate\\Foundation\\Http\\Kernel->sendRequestThroughRouter(Object(Illuminate\\Http\\Request))
#39 /Users/ahmedmosaad/Herd/myclass2026-main/vendor/laravel/framework/src/Illuminate/Foundation/Application.php(1220): Illuminate\\Foundation\\Http\\Kernel->handle(Object(Illuminate\\Http\\Request))
#40 /Users/ahmedmosaad/Herd/myclass2026-main/public/index.php(20): Illuminate\\Foundation\\Application->handleRequest(Object(Illuminate\\Http\\Request))
#41 /Users/ahmedmosaad/Herd/myclass2026-main/vendor/laravel/framework/src/Illuminate/Foundation/resources/server.php(23): require_once('/Users/ahmedmos...')
#42 {main}
"} 
[2026-02-07 11:48:17] local.ERROR: include(assets/images/icon-copy.svg): Failed to open stream: No such file or directory {"userId":810,"exception":"[object] (ErrorException(code: 0): include(assets/images/icon-copy.svg): Failed to open stream: No such file or directory at /Users/ahmedmosaad/Herd/myclass2026-main/vendor/symfony/error-handler/ErrorRenderer/HtmlErrorRenderer.php:341)
[stacktrace]
#0 /Users/ahmedmosaad/Herd/myclass2026-main/vendor/laravel/framework/src/Illuminate/Foundation/Bootstrap/HandleExceptions.php(256): Illuminate\\Foundation\\Bootstrap\\HandleExceptions->handleError(2, 'include(assets/...', '/Users/ahmedmos...', 341)
#1 /Users/ahmedmosaad/Herd/myclass2026-main/vendor/symfony/error-handler/ErrorRenderer/HtmlErrorRenderer.php(341): Illuminate\\Foundation\\Bootstrap\\HandleExceptions->{closure:Illuminate\\Foundation\\Bootstrap\\HandleExceptions::forwardsTo():255}(2, 'include(assets/...', '/Users/ahmedmos...', 341)
#2 /Users/ahmedmosaad/Herd/myclass2026-main/vendor/symfony/error-handler/ErrorRenderer/HtmlErrorRenderer.php(341): include('/Users/ahmedmos...')
#3 /Users/ahmedmosaad/Herd/myclass2026-main/vendor/symfony/error-handler/Resources/views/trace.html.php(29): Symfony\\Component\\ErrorHandler\\ErrorRenderer\\HtmlErrorRenderer->include('assets/images/i...')
#4 /Users/ahmedmosaad/Herd/myclass2026-main/vendor/symfony/error-handler/ErrorRenderer/HtmlErrorRenderer.php(341): include('/Users/ahmedmos...')
#5 /Users/ahmedmosaad/Herd/myclass2026-main/vendor/symfony/error-handler/Resources/views/traces.html.php(48): Symfony\\Component\\ErrorHandler\\ErrorRenderer\\HtmlErrorRenderer->include('views/trace.htm...', Array)
#6 /Users/ahmedmosaad/Herd/myclass2026-main/vendor/symfony/error-handler/ErrorRenderer/HtmlErrorRenderer.php(341): include('/Users/ahmedmos...')
#7 /Users/ahmedmosaad/Herd/myclass2026-main/vendor/symfony/error-handler/Resources/views/exception.html.php(54): Symfony\\Component\\ErrorHandler\\ErrorRenderer\\HtmlErrorRenderer->include('views/traces.ht...', Array)
#8 /Users/ahmedmosaad/Herd/myclass2026-main/vendor/symfony/error-handler/ErrorRenderer/HtmlErrorRenderer.php(341): include('/Users/ahmedmos...')
#9 /Users/ahmedmosaad/Herd/myclass2026-main/vendor/symfony/error-handler/Resources/views/exception_full.html.php(35): Symfony\\Component\\ErrorHandler\\ErrorRenderer\\HtmlErrorRenderer->include('views/exception...', Array)
#10 /Users/ahmedmosaad/Herd/myclass2026-main/vendor/symfony/error-handler/ErrorRenderer/HtmlErrorRenderer.php(341): include('/Users/ahmedmos...')
#11 /Users/ahmedmosaad/Herd/myclass2026-main/vendor/symfony/error-handler/ErrorRenderer/HtmlErrorRenderer.php(140): Symfony\\Component\\ErrorHandler\\ErrorRenderer\\HtmlErrorRenderer->include('views/exception...', Array)
#12 /Users/ahmedmosaad/Herd/myclass2026-main/vendor/symfony/error-handler/ErrorRenderer/HtmlErrorRenderer.php(72): Symfony\\Component\\ErrorHandler\\ErrorRenderer\\HtmlErrorRenderer->renderException(Object(Symfony\\Component\\ErrorHandler\\Exception\\FlattenException))
#13 /Users/ahmedmosaad/Herd/myclass2026-main/vendor/laravel/framework/src/Illuminate/Foundation/Exceptions/Handler.php(879): Symfony\\Component\\ErrorHandler\\ErrorRenderer\\HtmlErrorRenderer->render(Object(Symfony\\Component\\ErrorHandler\\Exception\\FlattenException))
#14 /Users/ahmedmosaad/Herd/myclass2026-main/vendor/laravel/framework/src/Illuminate/Foundation/Exceptions/Handler.php(853): Illuminate\\Foundation\\Exceptions\\Handler->renderExceptionWithSymfony(Object(ErrorException), true)
#15 /Users/ahmedmosaad/Herd/myclass2026-main/vendor/laravel/framework/src/Illuminate/Foundation/Exceptions/Handler.php(828): Illuminate\\Foundation\\Exceptions\\Handler->renderExceptionContent(Object(ErrorException))
#16 /Users/ahmedmosaad/Herd/myclass2026-main/vendor/laravel/framework/src/Illuminate/Foundation/Exceptions/Handler.php(807): Illuminate\\Foundation\\Exceptions\\Handler->convertExceptionToResponse(Object(ErrorException))
#17 /Users/ahmedmosaad/Herd/myclass2026-main/vendor/laravel/framework/src/Illuminate/Foundation/Exceptions/Handler.php(706): Illuminate\\Foundation\\Exceptions\\Handler->prepareResponse(Object(Illuminate\\Http\\Request), Object(ErrorException))
#18 /Users/ahmedmosaad/Herd/myclass2026-main/vendor/laravel/framework/src/Illuminate/Foundation/Exceptions/Handler.php(594): Illuminate\\Foundation\\Exceptions\\Handler->renderExceptionResponse(Object(Illuminate\\Http\\Request), Object(ErrorException))
#19 /Users/ahmedmosaad/Herd/myclass2026-main/vendor/laravel/framework/src/Illuminate/Routing/Pipeline.php(51): Illuminate\\Foundation\\Exceptions\\Handler->render(Object(Illuminate\\Http\\Request), Object(ErrorException))
#20 /Users/ahmedmosaad/Herd/myclass2026-main/vendor/laravel/framework/src/Illuminate/Pipeline/Pipeline.php(214): Illuminate\\Routing\\Pipeline->handleException(Object(Illuminate\\Http\\Request), Object(ErrorException))
#21 /Users/ahmedmosaad/Herd/myclass2026-main/vendor/laravel/framework/src/Illuminate/Http/Middleware/ValidatePostSize.php(27): Illuminate\\Pipeline\\Pipeline->{closure:{closure:Illuminate\\Pipeline\\Pipeline::carry():184}:185}(Object(Illuminate\\Http\\Request))
#22 /Users/ahmedmosaad/Herd/myclass2026-main/vendor/laravel/framework/src/Illuminate/Pipeline/Pipeline.php(209): Illuminate\\Http\\Middleware\\ValidatePostSize->handle(Object(Illuminate\\Http\\Request), Object(Closure))
#23 /Users/ahmedmosaad/Herd/myclass2026-main/vendor/laravel/framework/src/Illuminate/Foundation/Http/Middleware/PreventRequestsDuringMaintenance.php(110): Illuminate\\Pipeline\\Pipeline->{closure:{closure:Illuminate\\Pipeline\\Pipeline::carry():184}:185}(Object(Illuminate\\Http\\Request))
#24 /Users/ahmedmosaad/Herd/myclass2026-main/vendor/laravel/framework/src/Illuminate/Pipeline/Pipeline.php(209): Illuminate\\Foundation\\Http\\Middleware\\PreventRequestsDuringMaintenance->handle(Object(Illuminate\\Http\\Request), Object(Closure))
#25 /Users/ahmedmosaad/Herd/myclass2026-main/vendor/laravel/framework/src/Illuminate/Http/Middleware/HandleCors.php(49): Illuminate\\Pipeline\\Pipeline->{closure:{closure:Illuminate\\Pipeline\\Pipeline::carry():184}:185}(Object(Illuminate\\Http\\Request))
#26 /Users/ahmedmosaad/Herd/myclass2026-main/vendor/laravel/framework/src/Illuminate/Pipeline/Pipeline.php(209): Illuminate\\Http\\Middleware\\HandleCors->handle(Object(Illuminate\\Http\\Request), Object(Closure))
#27 /Users/ahmedmosaad/Herd/myclass2026-main/vendor/laravel/framework/src/Illuminate/Http/Middleware/TrustProxies.php(58): Illuminate\\Pipeline\\Pipeline->{closure:{closure:Illuminate\\Pipeline\\Pipeline::carry():184}:185}(Object(Illuminate\\Http\\Request))
#28 /Users/ahmedmosaad/Herd/myclass2026-main/vendor/laravel/framework/src/Illuminate/Pipeline/Pipeline.php(209): Illuminate\\Http\\Middleware\\TrustProxies->handle(Object(Illuminate\\Http\\Request), Object(Closure))
#29 /Users/ahmedmosaad/Herd/myclass2026-main/vendor/laravel/framework/src/Illuminate/Foundation/Http/Middleware/InvokeDeferredCallbacks.php(22): Illuminate\\Pipeline\\Pipeline->{closure:{closure:Illuminate\\Pipeline\\Pipeline::carry():184}:185}(Object(Illuminate\\Http\\Request))
#30 /Users/ahmedmosaad/Herd/myclass2026-main/vendor/laravel/framework/src/Illuminate/Pipeline/Pipeline.php(209): Illuminate\\Foundation\\Http\\Middleware\\InvokeDeferredCallbacks->handle(Object(Illuminate\\Http\\Request), Object(Closure))
#31 /Users/ahmedmosaad/Herd/myclass2026-main/vendor/laravel/framework/src/Illuminate/Http/Middleware/ValidatePathEncoding.php(26): Illuminate\\Pipeline\\Pipeline->{closure:{closure:Illuminate\\Pipeline\\Pipeline::carry():184}:185}(Object(Illuminate\\Http\\Request))
#32 /Users/ahmedmosaad/Herd/myclass2026-main/vendor/laravel/framework/src/Illuminate/Pipeline/Pipeline.php(209): Illuminate\\Http\\Middleware\\ValidatePathEncoding->handle(Object(Illuminate\\Http\\Request), Object(Closure))
#33 /Users/ahmedmosaad/Herd/myclass2026-main/vendor/laravel/framework/src/Illuminate/Pipeline/Pipeline.php(127): Illuminate\\Pipeline\\Pipeline->{closure:{closure:Illuminate\\Pipeline\\Pipeline::carry():184}:185}(Object(Illuminate\\Http\\Request))
#34 /Users/ahmedmosaad/Herd/myclass2026-main/vendor/laravel/framework/src/Illuminate/Foundation/Http/Kernel.php(176): Illuminate\\Pipeline\\Pipeline->then(Object(Closure))
#35 /Users/ahmedmosaad/Herd/myclass2026-main/vendor/laravel/framework/src/Illuminate/Foundation/Http/Kernel.php(145): Illuminate\\Foundation\\Http\\Kernel->sendRequestThroughRouter(Object(Illuminate\\Http\\Request))
#36 /Users/ahmedmosaad/Herd/myclass2026-main/vendor/laravel/framework/src/Illuminate/Foundation/Application.php(1220): Illuminate\\Foundation\\Http\\Kernel->handle(Object(Illuminate\\Http\\Request))
#37 /Users/ahmedmosaad/Herd/myclass2026-main/public/index.php(20): Illuminate\\Foundation\\Application->handleRequest(Object(Illuminate\\Http\\Request))
#38 /Users/ahmedmosaad/Herd/myclass2026-main/vendor/laravel/framework/src/Illuminate/Foundation/resources/server.php(23): require_once('/Users/ahmedmos...')
#39 {main}
"} 
[2026-02-07 11:48:17] local.ERROR: include(assets/images/icon-copy.svg): Failed to open stream: No such file or directory {"userId":810,"exception":"[object] (ErrorException(code: 0): include(assets/images/icon-copy.svg): Failed to open stream: No such file or directory at /Users/ahmedmosaad/Herd/myclass2026-main/vendor/symfony/error-handler/ErrorRenderer/HtmlErrorRenderer.php:341)
[stacktrace]
#0 /Users/ahmedmosaad/Herd/myclass2026-main/vendor/laravel/framework/src/Illuminate/Foundation/Bootstrap/HandleExceptions.php(256): Illuminate\\Foundation\\Bootstrap\\HandleExceptions->handleError(2, 'include(assets/...', '/Users/ahmedmos...', 341)
#1 /Users/ahmedmosaad/Herd/myclass2026-main/vendor/symfony/error-handler/ErrorRenderer/HtmlErrorRenderer.php(341): Illuminate\\Foundation\\Bootstrap\\HandleExceptions->{closure:Illuminate\\Foundation\\Bootstrap\\HandleExceptions::forwardsTo():255}(2, 'include(assets/...', '/Users/ahmedmos...', 341)
#2 /Users/ahmedmosaad/Herd/myclass2026-main/vendor/symfony/error-handler/ErrorRenderer/HtmlErrorRenderer.php(341): include('/Users/ahmedmos...')
#3 /Users/ahmedmosaad/Herd/myclass2026-main/vendor/symfony/error-handler/Resources/views/trace.html.php(29): Symfony\\Component\\ErrorHandler\\ErrorRenderer\\HtmlErrorRenderer->include('assets/images/i...')
#4 /Users/ahmedmosaad/Herd/myclass2026-main/vendor/symfony/error-handler/ErrorRenderer/HtmlErrorRenderer.php(341): include('/Users/ahmedmos...')
#5 /Users/ahmedmosaad/Herd/myclass2026-main/vendor/symfony/error-handler/Resources/views/traces.html.php(48): Symfony\\Component\\ErrorHandler\\ErrorRenderer\\HtmlErrorRenderer->include('views/trace.htm...', Array)
#6 /Users/ahmedmosaad/Herd/myclass2026-main/vendor/symfony/error-handler/ErrorRenderer/HtmlErrorRenderer.php(341): include('/Users/ahmedmos...')
#7 /Users/ahmedmosaad/Herd/myclass2026-main/vendor/symfony/error-handler/Resources/views/exception.html.php(54): Symfony\\Component\\ErrorHandler\\ErrorRenderer\\HtmlErrorRenderer->include('views/traces.ht...', Array)
#8 /Users/ahmedmosaad/Herd/myclass2026-main/vendor/symfony/error-handler/ErrorRenderer/HtmlErrorRenderer.php(341): include('/Users/ahmedmos...')
#9 /Users/ahmedmosaad/Herd/myclass2026-main/vendor/symfony/error-handler/Resources/views/exception_full.html.php(35): Symfony\\Component\\ErrorHandler\\ErrorRenderer\\HtmlErrorRenderer->include('views/exception...', Array)
#10 /Users/ahmedmosaad/Herd/myclass2026-main/vendor/symfony/error-handler/ErrorRenderer/HtmlErrorRenderer.php(341): include('/Users/ahmedmos...')
#11 /Users/ahmedmosaad/Herd/myclass2026-main/vendor/symfony/error-handler/ErrorRenderer/HtmlErrorRenderer.php(140): Symfony\\Component\\ErrorHandler\\ErrorRenderer\\HtmlErrorRenderer->include('views/exception...', Array)
#12 /Users/ahmedmosaad/Herd/myclass2026-main/vendor/symfony/error-handler/ErrorRenderer/HtmlErrorRenderer.php(72): Symfony\\Component\\ErrorHandler\\ErrorRenderer\\HtmlErrorRenderer->renderException(Object(Symfony\\Component\\ErrorHandler\\Exception\\FlattenException))
#13 /Users/ahmedmosaad/Herd/myclass2026-main/vendor/laravel/framework/src/Illuminate/Foundation/Exceptions/Handler.php(879): Symfony\\Component\\ErrorHandler\\ErrorRenderer\\HtmlErrorRenderer->render(Object(Symfony\\Component\\ErrorHandler\\Exception\\FlattenException))
#14 /Users/ahmedmosaad/Herd/myclass2026-main/vendor/laravel/framework/src/Illuminate/Foundation/Exceptions/Handler.php(853): Illuminate\\Foundation\\Exceptions\\Handler->renderExceptionWithSymfony(Object(ErrorException), true)
#15 /Users/ahmedmosaad/Herd/myclass2026-main/vendor/laravel/framework/src/Illuminate/Foundation/Exceptions/Handler.php(828): Illuminate\\Foundation\\Exceptions\\Handler->renderExceptionContent(Object(ErrorException))
#16 /Users/ahmedmosaad/Herd/myclass2026-main/vendor/laravel/framework/src/Illuminate/Foundation/Exceptions/Handler.php(807): Illuminate\\Foundation\\Exceptions\\Handler->convertExceptionToResponse(Object(ErrorException))
#17 /Users/ahmedmosaad/Herd/myclass2026-main/vendor/laravel/framework/src/Illuminate/Foundation/Exceptions/Handler.php(706): Illuminate\\Foundation\\Exceptions\\Handler->prepareResponse(Object(Illuminate\\Http\\Request), Object(ErrorException))
#18 /Users/ahmedmosaad/Herd/myclass2026-main/vendor/laravel/framework/src/Illuminate/Foundation/Exceptions/Handler.php(594): Illuminate\\Foundation\\Exceptions\\Handler->renderExceptionResponse(Object(Illuminate\\Http\\Request), Object(ErrorException))
#19 /Users/ahmedmosaad/Herd/myclass2026-main/vendor/laravel/framework/src/Illuminate/Routing/Pipeline.php(51): Illuminate\\Foundation\\Exceptions\\Handler->render(Object(Illuminate\\Http\\Request), Object(ErrorException))
#20 /Users/ahmedmosaad/Herd/myclass2026-main/vendor/laravel/framework/src/Illuminate/Pipeline/Pipeline.php(214): Illuminate\\Routing\\Pipeline->handleException(Object(Illuminate\\Http\\Request), Object(ErrorException))
#21 /Users/ahmedmosaad/Herd/myclass2026-main/vendor/laravel/framework/src/Illuminate/Foundation/Http/Middleware/PreventRequestsDuringMaintenance.php(110): Illuminate\\Pipeline\\Pipeline->{closure:{closure:Illuminate\\Pipeline\\Pipeline::carry():184}:185}(Object(Illuminate\\Http\\Request))
#22 /Users/ahmedmosaad/Herd/myclass2026-main/vendor/laravel/framework/src/Illuminate/Pipeline/Pipeline.php(209): Illuminate\\Foundation\\Http\\Middleware\\PreventRequestsDuringMaintenance->handle(Object(Illuminate\\Http\\Request), Object(Closure))
#23 /Users/ahmedmosaad/Herd/myclass2026-main/vendor/laravel/framework/src/Illuminate/Http/Middleware/HandleCors.php(49): Illuminate\\Pipeline\\Pipeline->{closure:{closure:Illuminate\\Pipeline\\Pipeline::carry():184}:185}(Object(Illuminate\\Http\\Request))
#24 /Users/ahmedmosaad/Herd/myclass2026-main/vendor/laravel/framework/src/Illuminate/Pipeline/Pipeline.php(209): Illuminate\\Http\\Middleware\\HandleCors->handle(Object(Illuminate\\Http\\Request), Object(Closure))
#25 /Users/ahmedmosaad/Herd/myclass2026-main/vendor/laravel/framework/src/Illuminate/Http/Middleware/TrustProxies.php(58): Illuminate\\Pipeline\\Pipeline->{closure:{closure:Illuminate\\Pipeline\\Pipeline::carry():184}:185}(Object(Illuminate\\Http\\Request))
#26 /Users/ahmedmosaad/Herd/myclass2026-main/vendor/laravel/framework/src/Illuminate/Pipeline/Pipeline.php(209): Illuminate\\Http\\Middleware\\TrustProxies->handle(Object(Illuminate\\Http\\Request), Object(Closure))
#27 /Users/ahmedmosaad/Herd/myclass2026-main/vendor/laravel/framework/src/Illuminate/Foundation/Http/Middleware/InvokeDeferredCallbacks.php(22): Illuminate\\Pipeline\\Pipeline->{closure:{closure:Illuminate\\Pipeline\\Pipeline::carry():184}:185}(Object(Illuminate\\Http\\Request))
#28 /Users/ahmedmosaad/Herd/myclass2026-main/vendor/laravel/framework/src/Illuminate/Pipeline/Pipeline.php(209): Illuminate\\Foundation\\Http\\Middleware\\InvokeDeferredCallbacks->handle(Object(Illuminate\\Http\\Request), Object(Closure))
#29 /Users/ahmedmosaad/Herd/myclass2026-main/vendor/laravel/framework/src/Illuminate/Http/Middleware/ValidatePathEncoding.php(26): Illuminate\\Pipeline\\Pipeline->{closure:{closure:Illuminate\\Pipeline\\Pipeline::carry():184}:185}(Object(Illuminate\\Http\\Request))
#30 /Users/ahmedmosaad/Herd/myclass2026-main/vendor/laravel/framework/src/Illuminate/Pipeline/Pipeline.php(209): Illuminate\\Http\\Middleware\\ValidatePathEncoding->handle(Object(Illuminate\\Http\\Request), Object(Closure))
#31 /Users/ahmedmosaad/Herd/myclass2026-main/vendor/laravel/framework/src/Illuminate/Pipeline/Pipeline.php(127): Illuminate\\Pipeline\\Pipeline->{closure:{closure:Illuminate\\Pipeline\\Pipeline::carry():184}:185}(Object(Illuminate\\Http\\Request))
#32 /Users/ahmedmosaad/Herd/myclass2026-main/vendor/laravel/framework/src/Illuminate/Foundation/Http/Kernel.php(176): Illuminate\\Pipeline\\Pipeline->then(Object(Closure))
#33 /Users/ahmedmosaad/Herd/myclass2026-main/vendor/laravel/framework/src/Illuminate/Foundation/Http/Kernel.php(145): Illuminate\\Foundation\\Http\\Kernel->sendRequestThroughRouter(Object(Illuminate\\Http\\Request))
#34 /Users/ahmedmosaad/Herd/myclass2026-main/vendor/laravel/framework/src/Illuminate/Foundation/Application.php(1220): Illuminate\\Foundation\\Http\\Kernel->handle(Object(Illuminate\\Http\\Request))
#35 /Users/ahmedmosaad/Herd/myclass2026-main/public/index.php(20): Illuminate\\Foundation\\Application->handleRequest(Object(Illuminate\\Http\\Request))
#36 /Users/ahmedmosaad/Herd/myclass2026-main/vendor/laravel/framework/src/Illuminate/Foundation/resources/server.php(23): require_once('/Users/ahmedmos...')
#37 {main}
"} 
[2026-02-07 11:48:17] local.ERROR: include(assets/images/icon-copy.svg): Failed to open stream: No such file or directory {"userId":810,"exception":"[object] (ErrorException(code: 0): include(assets/images/icon-copy.svg): Failed to open stream: No such file or directory at /Users/ahmedmosaad/Herd/myclass2026-main/vendor/symfony/error-handler/ErrorRenderer/HtmlErrorRenderer.php:341)
[stacktrace]
#0 /Users/ahmedmosaad/Herd/myclass2026-main/vendor/laravel/framework/src/Illuminate/Foundation/Bootstrap/HandleExceptions.php(256): Illuminate\\Foundation\\Bootstrap\\HandleExceptions->handleError(2, 'include(assets/...', '/Users/ahmedmos...', 341)
#1 /Users/ahmedmosaad/Herd/myclass2026-main/vendor/symfony/error-handler/ErrorRenderer/HtmlErrorRenderer.php(341): Illuminate\\Foundation\\Bootstrap\\HandleExceptions->{closure:Illuminate\\Foundation\\Bootstrap\\HandleExceptions::forwardsTo():255}(2, 'include(assets/...', '/Users/ahmedmos...', 341)
#2 /Users/ahmedmosaad/Herd/myclass2026-main/vendor/symfony/error-handler/ErrorRenderer/HtmlErrorRenderer.php(341): include('/Users/ahmedmos...')
#3 /Users/ahmedmosaad/Herd/myclass2026-main/vendor/symfony/error-handler/Resources/views/trace.html.php(29): Symfony\\Component\\ErrorHandler\\ErrorRenderer\\HtmlErrorRenderer->include('assets/images/i...')
#4 /Users/ahmedmosaad/Herd/myclass2026-main/vendor/symfony/error-handler/ErrorRenderer/HtmlErrorRenderer.php(341): include('/Users/ahmedmos...')
#5 /Users/ahmedmosaad/Herd/myclass2026-main/vendor/symfony/error-handler/Resources/views/traces.html.php(48): Symfony\\Component\\ErrorHandler\\ErrorRenderer\\HtmlErrorRenderer->include('views/trace.htm...', Array)
#6 /Users/ahmedmosaad/Herd/myclass2026-main/vendor/symfony/error-handler/ErrorRenderer/HtmlErrorRenderer.php(341): include('/Users/ahmedmos...')
#7 /Users/ahmedmosaad/Herd/myclass2026-main/vendor/symfony/error-handler/Resources/views/exception.html.php(54): Symfony\\Component\\ErrorHandler\\ErrorRenderer\\HtmlErrorRenderer->include('views/traces.ht...', Array)
#8 /Users/ahmedmosaad/Herd/myclass2026-main/vendor/symfony/error-handler/ErrorRenderer/HtmlErrorRenderer.php(341): include('/Users/ahmedmos...')
#9 /Users/ahmedmosaad/Herd/myclass2026-main/vendor/symfony/error-handler/Resources/views/exception_full.html.php(35): Symfony\\Component\\ErrorHandler\\ErrorRenderer\\HtmlErrorRenderer->include('views/exception...', Array)
#10 /Users/ahmedmosaad/Herd/myclass2026-main/vendor/symfony/error-handler/ErrorRenderer/HtmlErrorRenderer.php(341): include('/Users/ahmedmos...')
#11 /Users/ahmedmosaad/Herd/myclass2026-main/vendor/symfony/error-handler/ErrorRenderer/HtmlErrorRenderer.php(140): Symfony\\Component\\ErrorHandler\\ErrorRenderer\\HtmlErrorRenderer->include('views/exception...', Array)
#12 /Users/ahmedmosaad/Herd/myclass2026-main/vendor/symfony/error-handler/ErrorRenderer/HtmlErrorRenderer.php(72): Symfony\\Component\\ErrorHandler\\ErrorRenderer\\HtmlErrorRenderer->renderException(Object(Symfony\\Component\\ErrorHandler\\Exception\\FlattenException))
#13 /Users/ahmedmosaad/Herd/myclass2026-main/vendor/laravel/framework/src/Illuminate/Foundation/Exceptions/Handler.php(879): Symfony\\Component\\ErrorHandler\\ErrorRenderer\\HtmlErrorRenderer->render(Object(Symfony\\Component\\ErrorHandler\\Exception\\FlattenException))
#14 /Users/ahmedmosaad/Herd/myclass2026-main/vendor/laravel/framework/src/Illuminate/Foundation/Exceptions/Handler.php(853): Illuminate\\Foundation\\Exceptions\\Handler->renderExceptionWithSymfony(Object(ErrorException), true)
#15 /Users/ahmedmosaad/Herd/myclass2026-main/vendor/laravel/framework/src/Illuminate/Foundation/Exceptions/Handler.php(828): Illuminate\\Foundation\\Exceptions\\Handler->renderExceptionContent(Object(ErrorException))
#16 /Users/ahmedmosaad/Herd/myclass2026-main/vendor/laravel/framework/src/Illuminate/Foundation/Exceptions/Handler.php(807): Illuminate\\Foundation\\Exceptions\\Handler->convertExceptionToResponse(Object(ErrorException))
#17 /Users/ahmedmosaad/Herd/myclass2026-main/vendor/laravel/framework/src/Illuminate/Foundation/Exceptions/Handler.php(706): Illuminate\\Foundation\\Exceptions\\Handler->prepareResponse(Object(Illuminate\\Http\\Request), Object(ErrorException))
#18 /Users/ahmedmosaad/Herd/myclass2026-main/vendor/laravel/framework/src/Illuminate/Foundation/Exceptions/Handler.php(594): Illuminate\\Foundation\\Exceptions\\Handler->renderExceptionResponse(Object(Illuminate\\Http\\Request), Object(ErrorException))
#19 /Users/ahmedmosaad/Herd/myclass2026-main/vendor/laravel/framework/src/Illuminate/Routing/Pipeline.php(51): Illuminate\\Foundation\\Exceptions\\Handler->render(Object(Illuminate\\Http\\Request), Object(ErrorException))
#20 /Users/ahmedmosaad/Herd/myclass2026-main/vendor/laravel/framework/src/Illuminate/Pipeline/Pipeline.php(214): Illuminate\\Routing\\Pipeline->handleException(Object(Illuminate\\Http\\Request), Object(ErrorException))
#21 /Users/ahmedmosaad/Herd/myclass2026-main/vendor/laravel/framework/src/Illuminate/Http/Middleware/HandleCors.php(49): Illuminate\\Pipeline\\Pipeline->{closure:{closure:Illuminate\\Pipeline\\Pipeline::carry():184}:185}(Object(Illuminate\\Http\\Request))
#22 /Users/ahmedmosaad/Herd/myclass2026-main/vendor/laravel/framework/src/Illuminate/Pipeline/Pipeline.php(209): Illuminate\\Http\\Middleware\\HandleCors->handle(Object(Illuminate\\Http\\Request), Object(Closure))
#23 /Users/ahmedmosaad/Herd/myclass2026-main/vendor/laravel/framework/src/Illuminate/Http/Middleware/TrustProxies.php(58): Illuminate\\Pipeline\\Pipeline->{closure:{closure:Illuminate\\Pipeline\\Pipeline::carry():184}:185}(Object(Illuminate\\Http\\Request))
#24 /Users/ahmedmosaad/Herd/myclass2026-main/vendor/laravel/framework/src/Illuminate/Pipeline/Pipeline.php(209): Illuminate\\Http\\Middleware\\TrustProxies->handle(Object(Illuminate\\Http\\Request), Object(Closure))
#25 /Users/ahmedmosaad/Herd/myclass2026-main/vendor/laravel/framework/src/Illuminate/Foundation/Http/Middleware/InvokeDeferredCallbacks.php(22): Illuminate\\Pipeline\\Pipeline->{closure:{closure:Illuminate\\Pipeline\\Pipeline::carry():184}:185}(Object(Illuminate\\Http\\Request))
#26 /Users/ahmedmosaad/Herd/myclass2026-main/vendor/laravel/framework/src/Illuminate/Pipeline/Pipeline.php(209): Illuminate\\Foundation\\Http\\Middleware\\InvokeDeferredCallbacks->handle(Object(Illuminate\\Http\\Request), Object(Closure))
#27 /Users/ahmedmosaad/Herd/myclass2026-main/vendor/laravel/framework/src/Illuminate/Http/Middleware/ValidatePathEncoding.php(26): Illuminate\\Pipeline\\Pipeline->{closure:{closure:Illuminate\\Pipeline\\Pipeline::carry():184}:185}(Object(Illuminate\\Http\\Request))
#28 /Users/ahmedmosaad/Herd/myclass2026-main/vendor/laravel/framework/src/Illuminate/Pipeline/Pipeline.php(209): Illuminate\\Http\\Middleware\\ValidatePathEncoding->handle(Object(Illuminate\\Http\\Request), Object(Closure))
#29 /Users/ahmedmosaad/Herd/myclass2026-main/vendor/laravel/framework/src/Illuminate/Pipeline/Pipeline.php(127): Illuminate\\Pipeline\\Pipeline->{closure:{closure:Illuminate\\Pipeline\\Pipeline::carry():184}:185}(Object(Illuminate\\Http\\Request))
#30 /Users/ahmedmosaad/Herd/myclass2026-main/vendor/laravel/framework/src/Illuminate/Foundation/Http/Kernel.php(176): Illuminate\\Pipeline\\Pipeline->then(Object(Closure))
#31 /Users/ahmedmosaad/Herd/myclass2026-main/vendor/laravel/framework/src/Illuminate/Foundation/Http/Kernel.php(145): Illuminate\\Foundation\\Http\\Kernel->sendRequestThroughRouter(Object(Illuminate\\Http\\Request))
#32 /Users/ahmedmosaad/Herd/myclass2026-main/vendor/laravel/framework/src/Illuminate/Foundation/Application.php(1220): Illuminate\\Foundation\\Http\\Kernel->handle(Object(Illuminate\\Http\\Request))
#33 /Users/ahmedmosaad/Herd/myclass2026-main/public/index.php(20): Illuminate\\Foundation\\Application->handleRequest(Object(Illuminate\\Http\\Request))
#34 /Users/ahmedmosaad/Herd/myclass2026-main/vendor/laravel/framework/src/Illuminate/Foundation/resources/server.php(23): require_once('/Users/ahmedmos...')
#35 {main}
"} 
[2026-02-07 11:48:17] local.ERROR: include(assets/images/icon-copy.svg): Failed to open stream: No such file or directory {"userId":810,"exception":"[object] (ErrorException(code: 0): include(assets/images/icon-copy.svg): Failed to open stream: No such file or directory at /Users/ahmedmosaad/Herd/myclass2026-main/vendor/symfony/error-handler/ErrorRenderer/HtmlErrorRenderer.php:341)
[stacktrace]
#0 /Users/ahmedmosaad/Herd/myclass2026-main/vendor/laravel/framework/src/Illuminate/Foundation/Bootstrap/HandleExceptions.php(256): Illuminate\\Foundation\\Bootstrap\\HandleExceptions->handleError(2, 'include(assets/...', '/Users/ahmedmos...', 341)
#1 /Users/ahmedmosaad/Herd/myclass2026-main/vendor/symfony/error-handler/ErrorRenderer/HtmlErrorRenderer.php(341): Illuminate\\Foundation\\Bootstrap\\HandleExceptions->{closure:Illuminate\\Foundation\\Bootstrap\\HandleExceptions::forwardsTo():255}(2, 'include(assets/...', '/Users/ahmedmos...', 341)
#2 /Users/ahmedmosaad/Herd/myclass2026-main/vendor/symfony/error-handler/ErrorRenderer/HtmlErrorRenderer.php(341): include('/Users/ahmedmos...')
#3 /Users/ahmedmosaad/Herd/myclass2026-main/vendor/symfony/error-handler/Resources/views/trace.html.php(29): Symfony\\Component\\ErrorHandler\\ErrorRenderer\\HtmlErrorRenderer->include('assets/images/i...')
#4 /Users/ahmedmosaad/Herd/myclass2026-main/vendor/symfony/error-handler/ErrorRenderer/HtmlErrorRenderer.php(341): include('/Users/ahmedmos...')
#5 /Users/ahmedmosaad/Herd/myclass2026-main/vendor/symfony/error-handler/Resources/views/traces.html.php(48): Symfony\\Component\\ErrorHandler\\ErrorRenderer\\HtmlErrorRenderer->include('views/trace.htm...', Array)
#6 /Users/ahmedmosaad/Herd/myclass2026-main/vendor/symfony/error-handler/ErrorRenderer/HtmlErrorRenderer.php(341): include('/Users/ahmedmos...')
#7 /Users/ahmedmosaad/Herd/myclass2026-main/vendor/symfony/error-handler/Resources/views/exception.html.php(54): Symfony\\Component\\ErrorHandler\\ErrorRenderer\\HtmlErrorRenderer->include('views/traces.ht...', Array)
#8 /Users/ahmedmosaad/Herd/myclass2026-main/vendor/symfony/error-handler/ErrorRenderer/HtmlErrorRenderer.php(341): include('/Users/ahmedmos...')
#9 /Users/ahmedmosaad/Herd/myclass2026-main/vendor/symfony/error-handler/Resources/views/exception_full.html.php(35): Symfony\\Component\\ErrorHandler\\ErrorRenderer\\HtmlErrorRenderer->include('views/exception...', Array)
#10 /Users/ahmedmosaad/Herd/myclass2026-main/vendor/symfony/error-handler/ErrorRenderer/HtmlErrorRenderer.php(341): include('/Users/ahmedmos...')
#11 /Users/ahmedmosaad/Herd/myclass2026-main/vendor/symfony/error-handler/ErrorRenderer/HtmlErrorRenderer.php(140): Symfony\\Component\\ErrorHandler\\ErrorRenderer\\HtmlErrorRenderer->include('views/exception...', Array)
#12 /Users/ahmedmosaad/Herd/myclass2026-main/vendor/symfony/error-handler/ErrorRenderer/HtmlErrorRenderer.php(72): Symfony\\Component\\ErrorHandler\\ErrorRenderer\\HtmlErrorRenderer->renderException(Object(Symfony\\Component\\ErrorHandler\\Exception\\FlattenException))
#13 /Users/ahmedmosaad/Herd/myclass2026-main/vendor/laravel/framework/src/Illuminate/Foundation/Exceptions/Handler.php(879): Symfony\\Component\\ErrorHandler\\ErrorRenderer\\HtmlErrorRenderer->render(Object(Symfony\\Component\\ErrorHandler\\Exception\\FlattenException))
#14 /Users/ahmedmosaad/Herd/myclass2026-main/vendor/laravel/framework/src/Illuminate/Foundation/Exceptions/Handler.php(853): Illuminate\\Foundation\\Exceptions\\Handler->renderExceptionWithSymfony(Object(ErrorException), true)
#15 /Users/ahmedmosaad/Herd/myclass2026-main/vendor/laravel/framework/src/Illuminate/Foundation/Exceptions/Handler.php(828): Illuminate\\Foundation\\Exceptions\\Handler->renderExceptionContent(Object(ErrorException))
#16 /Users/ahmedmosaad/Herd/myclass2026-main/vendor/laravel/framework/src/Illuminate/Foundation/Exceptions/Handler.php(807): Illuminate\\Foundation\\Exceptions\\Handler->convertExceptionToResponse(Object(ErrorException))
#17 /Users/ahmedmosaad/Herd/myclass2026-main/vendor/laravel/framework/src/Illuminate/Foundation/Exceptions/Handler.php(706): Illuminate\\Foundation\\Exceptions\\Handler->prepareResponse(Object(Illuminate\\Http\\Request), Object(ErrorException))
#18 /Users/ahmedmosaad/Herd/myclass2026-main/vendor/laravel/framework/src/Illuminate/Foundation/Exceptions/Handler.php(594): Illuminate\\Foundation\\Exceptions\\Handler->renderExceptionResponse(Object(Illuminate\\Http\\Request), Object(ErrorException))
#19 /Users/ahmedmosaad/Herd/myclass2026-main/vendor/laravel/framework/src/Illuminate/Routing/Pipeline.php(51): Illuminate\\Foundation\\Exceptions\\Handler->render(Object(Illuminate\\Http\\Request), Object(ErrorException))
#20 /Users/ahmedmosaad/Herd/myclass2026-main/vendor/laravel/framework/src/Illuminate/Pipeline/Pipeline.php(214): Illuminate\\Routing\\Pipeline->handleException(Object(Illuminate\\Http\\Request), Object(ErrorException))
#21 /Users/ahmedmosaad/Herd/myclass2026-main/vendor/laravel/framework/src/Illuminate/Http/Middleware/TrustProxies.php(58): Illuminate\\Pipeline\\Pipeline->{closure:{closure:Illuminate\\Pipeline\\Pipeline::carry():184}:185}(Object(Illuminate\\Http\\Request))
#22 /Users/ahmedmosaad/Herd/myclass2026-main/vendor/laravel/framework/src/Illuminate/Pipeline/Pipeline.php(209): Illuminate\\Http\\Middleware\\TrustProxies->handle(Object(Illuminate\\Http\\Request), Object(Closure))
#23 /Users/ahmedmosaad/Herd/myclass2026-main/vendor/laravel/framework/src/Illuminate/Foundation/Http/Middleware/InvokeDeferredCallbacks.php(22): Illuminate\\Pipeline\\Pipeline->{closure:{closure:Illuminate\\Pipeline\\Pipeline::carry():184}:185}(Object(Illuminate\\Http\\Request))
#24 /Users/ahmedmosaad/Herd/myclass2026-main/vendor/laravel/framework/src/Illuminate/Pipeline/Pipeline.php(209): Illuminate\\Foundation\\Http\\Middleware\\InvokeDeferredCallbacks->handle(Object(Illuminate\\Http\\Request), Object(Closure))
#25 /Users/ahmedmosaad/Herd/myclass2026-main/vendor/laravel/framework/src/Illuminate/Http/Middleware/ValidatePathEncoding.php(26): Illuminate\\Pipeline\\Pipeline->{closure:{closure:Illuminate\\Pipeline\\Pipeline::carry():184}:185}(Object(Illuminate\\Http\\Request))
#26 /Users/ahmedmosaad/Herd/myclass2026-main/vendor/laravel/framework/src/Illuminate/Pipeline/Pipeline.php(209): Illuminate\\Http\\Middleware\\ValidatePathEncoding->handle(Object(Illuminate\\Http\\Request), Object(Closure))
#27 /Users/ahmedmosaad/Herd/myclass2026-main/vendor/laravel/framework/src/Illuminate/Pipeline/Pipeline.php(127): Illuminate\\Pipeline\\Pipeline->{closure:{closure:Illuminate\\Pipeline\\Pipeline::carry():184}:185}(Object(Illuminate\\Http\\Request))
#28 /Users/ahmedmosaad/Herd/myclass2026-main/vendor/laravel/framework/src/Illuminate/Foundation/Http/Kernel.php(176): Illuminate\\Pipeline\\Pipeline->then(Object(Closure))
#29 /Users/ahmedmosaad/Herd/myclass2026-main/vendor/laravel/framework/src/Illuminate/Foundation/Http/Kernel.php(145): Illuminate\\Foundation\\Http\\Kernel->sendRequestThroughRouter(Object(Illuminate\\Http\\Request))
#30 /Users/ahmedmosaad/Herd/myclass2026-main/vendor/laravel/framework/src/Illuminate/Foundation/Application.php(1220): Illuminate\\Foundation\\Http\\Kernel->handle(Object(Illuminate\\Http\\Request))
#31 /Users/ahmedmosaad/Herd/myclass2026-main/public/index.php(20): Illuminate\\Foundation\\Application->handleRequest(Object(Illuminate\\Http\\Request))
#32 /Users/ahmedmosaad/Herd/myclass2026-main/vendor/laravel/framework/src/Illuminate/Foundation/resources/server.php(23): require_once('/Users/ahmedmos...')
#33 {main}
"} 
[2026-02-07 11:48:17] local.ERROR: include(assets/images/icon-copy.svg): Failed to open stream: No such file or directory {"userId":810,"exception":"[object] (ErrorException(code: 0): include(assets/images/icon-copy.svg): Failed to open stream: No such file or directory at /Users/ahmedmosaad/Herd/myclass2026-main/vendor/symfony/error-handler/ErrorRenderer/HtmlErrorRenderer.php:341)
[stacktrace]
#0 /Users/ahmedmosaad/Herd/myclass2026-main/vendor/laravel/framework/src/Illuminate/Foundation/Bootstrap/HandleExceptions.php(256): Illuminate\\Foundation\\Bootstrap\\HandleExceptions->handleError(2, 'include(assets/...', '/Users/ahmedmos...', 341)
#1 /Users/ahmedmosaad/Herd/myclass2026-main/vendor/symfony/error-handler/ErrorRenderer/HtmlErrorRenderer.php(341): Illuminate\\Foundation\\Bootstrap\\HandleExceptions->{closure:Illuminate\\Foundation\\Bootstrap\\HandleExceptions::forwardsTo():255}(2, 'include(assets/...', '/Users/ahmedmos...', 341)
#2 /Users/ahmedmosaad/Herd/myclass2026-main/vendor/symfony/error-handler/ErrorRenderer/HtmlErrorRenderer.php(341): include('/Users/ahmedmos...')
#3 /Users/ahmedmosaad/Herd/myclass2026-main/vendor/symfony/error-handler/Resources/views/trace.html.php(29): Symfony\\Component\\ErrorHandler\\ErrorRenderer\\HtmlErrorRenderer->include('assets/images/i...')
#4 /Users/ahmedmosaad/Herd/myclass2026-main/vendor/symfony/error-handler/ErrorRenderer/HtmlErrorRenderer.php(341): include('/Users/ahmedmos...')
#5 /Users/ahmedmosaad/Herd/myclass2026-main/vendor/symfony/error-handler/Resources/views/traces.html.php(48): Symfony\\Component\\ErrorHandler\\ErrorRenderer\\HtmlErrorRenderer->include('views/trace.htm...', Array)
#6 /Users/ahmedmosaad/Herd/myclass2026-main/vendor/symfony/error-handler/ErrorRenderer/HtmlErrorRenderer.php(341): include('/Users/ahmedmos...')
#7 /Users/ahmedmosaad/Herd/myclass2026-main/vendor/symfony/error-handler/Resources/views/exception.html.php(54): Symfony\\Component\\ErrorHandler\\ErrorRenderer\\HtmlErrorRenderer->include('views/traces.ht...', Array)
#8 /Users/ahmedmosaad/Herd/myclass2026-main/vendor/symfony/error-handler/ErrorRenderer/HtmlErrorRenderer.php(341): include('/Users/ahmedmos...')
#9 /Users/ahmedmosaad/Herd/myclass2026-main/vendor/symfony/error-handler/Resources/views/exception_full.html.php(35): Symfony\\Component\\ErrorHandler\\ErrorRenderer\\HtmlErrorRenderer->include('views/exception...', Array)
#10 /Users/ahmedmosaad/Herd/myclass2026-main/vendor/symfony/error-handler/ErrorRenderer/HtmlErrorRenderer.php(341): include('/Users/ahmedmos...')
#11 /Users/ahmedmosaad/Herd/myclass2026-main/vendor/symfony/error-handler/ErrorRenderer/HtmlErrorRenderer.php(140): Symfony\\Component\\ErrorHandler\\ErrorRenderer\\HtmlErrorRenderer->include('views/exception...', Array)
#12 /Users/ahmedmosaad/Herd/myclass2026-main/vendor/symfony/error-handler/ErrorRenderer/HtmlErrorRenderer.php(72): Symfony\\Component\\ErrorHandler\\ErrorRenderer\\HtmlErrorRenderer->renderException(Object(Symfony\\Component\\ErrorHandler\\Exception\\FlattenException))
#13 /Users/ahmedmosaad/Herd/myclass2026-main/vendor/laravel/framework/src/Illuminate/Foundation/Exceptions/Handler.php(879): Symfony\\Component\\ErrorHandler\\ErrorRenderer\\HtmlErrorRenderer->render(Object(Symfony\\Component\\ErrorHandler\\Exception\\FlattenException))
#14 /Users/ahmedmosaad/Herd/myclass2026-main/vendor/laravel/framework/src/Illuminate/Foundation/Exceptions/Handler.php(853): Illuminate\\Foundation\\Exceptions\\Handler->renderExceptionWithSymfony(Object(ErrorException), true)
#15 /Users/ahmedmosaad/Herd/myclass2026-main/vendor/laravel/framework/src/Illuminate/Foundation/Exceptions/Handler.php(828): Illuminate\\Foundation\\Exceptions\\Handler->renderExceptionContent(Object(ErrorException))
#16 /Users/ahmedmosaad/Herd/myclass2026-main/vendor/laravel/framework/src/Illuminate/Foundation/Exceptions/Handler.php(807): Illuminate\\Foundation\\Exceptions\\Handler->convertExceptionToResponse(Object(ErrorException))
#17 /Users/ahmedmosaad/Herd/myclass2026-main/vendor/laravel/framework/src/Illuminate/Foundation/Exceptions/Handler.php(706): Illuminate\\Foundation\\Exceptions\\Handler->prepareResponse(Object(Illuminate\\Http\\Request), Object(ErrorException))
#18 /Users/ahmedmosaad/Herd/myclass2026-main/vendor/laravel/framework/src/Illuminate/Foundation/Exceptions/Handler.php(594): Illuminate\\Foundation\\Exceptions\\Handler->renderExceptionResponse(Object(Illuminate\\Http\\Request), Object(ErrorException))
#19 /Users/ahmedmosaad/Herd/myclass2026-main/vendor/laravel/framework/src/Illuminate/Routing/Pipeline.php(51): Illuminate\\Foundation\\Exceptions\\Handler->render(Object(Illuminate\\Http\\Request), Object(ErrorException))
#20 /Users/ahmedmosaad/Herd/myclass2026-main/vendor/laravel/framework/src/Illuminate/Pipeline/Pipeline.php(214): Illuminate\\Routing\\Pipeline->handleException(Object(Illuminate\\Http\\Request), Object(ErrorException))
#21 /Users/ahmedmosaad/Herd/myclass2026-main/vendor/laravel/framework/src/Illuminate/Foundation/Http/Middleware/InvokeDeferredCallbacks.php(22): Illuminate\\Pipeline\\Pipeline->{closure:{closure:Illuminate\\Pipeline\\Pipeline::carry():184}:185}(Object(Illuminate\\Http\\Request))
#22 /Users/ahmedmosaad/Herd/myclass2026-main/vendor/laravel/framework/src/Illuminate/Pipeline/Pipeline.php(209): Illuminate\\Foundation\\Http\\Middleware\\InvokeDeferredCallbacks->handle(Object(Illuminate\\Http\\Request), Object(Closure))
#23 /Users/ahmedmosaad/Herd/myclass2026-main/vendor/laravel/framework/src/Illuminate/Http/Middleware/ValidatePathEncoding.php(26): Illuminate\\Pipeline\\Pipeline->{closure:{closure:Illuminate\\Pipeline\\Pipeline::carry():184}:185}(Object(Illuminate\\Http\\Request))
#24 /Users/ahmedmosaad/Herd/myclass2026-main/vendor/laravel/framework/src/Illuminate/Pipeline/Pipeline.php(209): Illuminate\\Http\\Middleware\\ValidatePathEncoding->handle(Object(Illuminate\\Http\\Request), Object(Closure))
#25 /Users/ahmedmosaad/Herd/myclass2026-main/vendor/laravel/framework/src/Illuminate/Pipeline/Pipeline.php(127): Illuminate\\Pipeline\\Pipeline->{closure:{closure:Illuminate\\Pipeline\\Pipeline::carry():184}:185}(Object(Illuminate\\Http\\Request))
#26 /Users/ahmedmosaad/Herd/myclass2026-main/vendor/laravel/framework/src/Illuminate/Foundation/Http/Kernel.php(176): Illuminate\\Pipeline\\Pipeline->then(Object(Closure))
#27 /Users/ahmedmosaad/Herd/myclass2026-main/vendor/laravel/framework/src/Illuminate/Foundation/Http/Kernel.php(145): Illuminate\\Foundation\\Http\\Kernel->sendRequestThroughRouter(Object(Illuminate\\Http\\Request))
#28 /Users/ahmedmosaad/Herd/myclass2026-main/vendor/laravel/framework/src/Illuminate/Foundation/Application.php(1220): Illuminate\\Foundation\\Http\\Kernel->handle(Object(Illuminate\\Http\\Request))
#29 /Users/ahmedmosaad/Herd/myclass2026-main/public/index.php(20): Illuminate\\Foundation\\Application->handleRequest(Object(Illuminate\\Http\\Request))
#30 /Users/ahmedmosaad/Herd/myclass2026-main/vendor/laravel/framework/src/Illuminate/Foundation/resources/server.php(23): require_once('/Users/ahmedmos...')
#31 {main}
"} 
[2026-02-07 11:48:17] local.ERROR: include(assets/images/icon-copy.svg): Failed to open stream: No such file or directory {"userId":810,"exception":"[object] (ErrorException(code: 0): include(assets/images/icon-copy.svg): Failed to open stream: No such file or directory at /Users/ahmedmosaad/Herd/myclass2026-main/vendor/symfony/error-handler/ErrorRenderer/HtmlErrorRenderer.php:341)
[stacktrace]
#0 /Users/ahmedmosaad/Herd/myclass2026-main/vendor/laravel/framework/src/Illuminate/Foundation/Bootstrap/HandleExceptions.php(256): Illuminate\\Foundation\\Bootstrap\\HandleExceptions->handleError(2, 'include(assets/...', '/Users/ahmedmos...', 341)
#1 /Users/ahmedmosaad/Herd/myclass2026-main/vendor/symfony/error-handler/ErrorRenderer/HtmlErrorRenderer.php(341): Illuminate\\Foundation\\Bootstrap\\HandleExceptions->{closure:Illuminate\\Foundation\\Bootstrap\\HandleExceptions::forwardsTo():255}(2, 'include(assets/...', '/Users/ahmedmos...', 341)
#2 /Users/ahmedmosaad/Herd/myclass2026-main/vendor/symfony/error-handler/ErrorRenderer/HtmlErrorRenderer.php(341): include('/Users/ahmedmos...')
#3 /Users/ahmedmosaad/Herd/myclass2026-main/vendor/symfony/error-handler/Resources/views/trace.html.php(29): Symfony\\Component\\ErrorHandler\\ErrorRenderer\\HtmlErrorRenderer->include('assets/images/i...')
#4 /Users/ahmedmosaad/Herd/myclass2026-main/vendor/symfony/error-handler/ErrorRenderer/HtmlErrorRenderer.php(341): include('/Users/ahmedmos...')
#5 /Users/ahmedmosaad/Herd/myclass2026-main/vendor/symfony/error-handler/Resources/views/traces.html.php(48): Symfony\\Component\\ErrorHandler\\ErrorRenderer\\HtmlErrorRenderer->include('views/trace.htm...', Array)
#6 /Users/ahmedmosaad/Herd/myclass2026-main/vendor/symfony/error-handler/ErrorRenderer/HtmlErrorRenderer.php(341): include('/Users/ahmedmos...')
#7 /Users/ahmedmosaad/Herd/myclass2026-main/vendor/symfony/error-handler/Resources/views/exception.html.php(54): Symfony\\Component\\ErrorHandler\\ErrorRenderer\\HtmlErrorRenderer->include('views/traces.ht...', Array)
#8 /Users/ahmedmosaad/Herd/myclass2026-main/vendor/symfony/error-handler/ErrorRenderer/HtmlErrorRenderer.php(341): include('/Users/ahmedmos...')
#9 /Users/ahmedmosaad/Herd/myclass2026-main/vendor/symfony/error-handler/Resources/views/exception_full.html.php(35): Symfony\\Component\\ErrorHandler\\ErrorRenderer\\HtmlErrorRenderer->include('views/exception...', Array)
#10 /Users/ahmedmosaad/Herd/myclass2026-main/vendor/symfony/error-handler/ErrorRenderer/HtmlErrorRenderer.php(341): include('/Users/ahmedmos...')
#11 /Users/ahmedmosaad/Herd/myclass2026-main/vendor/symfony/error-handler/ErrorRenderer/HtmlErrorRenderer.php(140): Symfony\\Component\\ErrorHandler\\ErrorRenderer\\HtmlErrorRenderer->include('views/exception...', Array)
#12 /Users/ahmedmosaad/Herd/myclass2026-main/vendor/symfony/error-handler/ErrorRenderer/HtmlErrorRenderer.php(72): Symfony\\Component\\ErrorHandler\\ErrorRenderer\\HtmlErrorRenderer->renderException(Object(Symfony\\Component\\ErrorHandler\\Exception\\FlattenException))
#13 /Users/ahmedmosaad/Herd/myclass2026-main/vendor/laravel/framework/src/Illuminate/Foundation/Exceptions/Handler.php(879): Symfony\\Component\\ErrorHandler\\ErrorRenderer\\HtmlErrorRenderer->render(Object(Symfony\\Component\\ErrorHandler\\Exception\\FlattenException))
#14 /Users/ahmedmosaad/Herd/myclass2026-main/vendor/laravel/framework/src/Illuminate/Foundation/Exceptions/Handler.php(853): Illuminate\\Foundation\\Exceptions\\Handler->renderExceptionWithSymfony(Object(ErrorException), true)
#15 /Users/ahmedmosaad/Herd/myclass2026-main/vendor/laravel/framework/src/Illuminate/Foundation/Exceptions/Handler.php(828): Illuminate\\Foundation\\Exceptions\\Handler->renderExceptionContent(Object(ErrorException))
#16 /Users/ahmedmosaad/Herd/myclass2026-main/vendor/laravel/framework/src/Illuminate/Foundation/Exceptions/Handler.php(807): Illuminate\\Foundation\\Exceptions\\Handler->convertExceptionToResponse(Object(ErrorException))
#17 /Users/ahmedmosaad/Herd/myclass2026-main/vendor/laravel/framework/src/Illuminate/Foundation/Exceptions/Handler.php(706): Illuminate\\Foundation\\Exceptions\\Handler->prepareResponse(Object(Illuminate\\Http\\Request), Object(ErrorException))
#18 /Users/ahmedmosaad/Herd/myclass2026-main/vendor/laravel/framework/src/Illuminate/Foundation/Exceptions/Handler.php(594): Illuminate\\Foundation\\Exceptions\\Handler->renderExceptionResponse(Object(Illuminate\\Http\\Request), Object(ErrorException))
#19 /Users/ahmedmosaad/Herd/myclass2026-main/vendor/laravel/framework/src/Illuminate/Routing/Pipeline.php(51): Illuminate\\Foundation\\Exceptions\\Handler->render(Object(Illuminate\\Http\\Request), Object(ErrorException))
#20 /Users/ahmedmosaad/Herd/myclass2026-main/vendor/laravel/framework/src/Illuminate/Pipeline/Pipeline.php(214): Illuminate\\Routing\\Pipeline->handleException(Object(Illuminate\\Http\\Request), Object(ErrorException))
#21 /Users/ahmedmosaad/Herd/myclass2026-main/vendor/laravel/framework/src/Illuminate/Http/Middleware/ValidatePathEncoding.php(26): Illuminate\\Pipeline\\Pipeline->{closure:{closure:Illuminate\\Pipeline\\Pipeline::carry():184}:185}(Object(Illuminate\\Http\\Request))
#22 /Users/ahmedmosaad/Herd/myclass2026-main/vendor/laravel/framework/src/Illuminate/Pipeline/Pipeline.php(209): Illuminate\\Http\\Middleware\\ValidatePathEncoding->handle(Object(Illuminate\\Http\\Request), Object(Closure))
#23 /Users/ahmedmosaad/Herd/myclass2026-main/vendor/laravel/framework/src/Illuminate/Pipeline/Pipeline.php(127): Illuminate\\Pipeline\\Pipeline->{closure:{closure:Illuminate\\Pipeline\\Pipeline::carry():184}:185}(Object(Illuminate\\Http\\Request))
#24 /Users/ahmedmosaad/Herd/myclass2026-main/vendor/laravel/framework/src/Illuminate/Foundation/Http/Kernel.php(176): Illuminate\\Pipeline\\Pipeline->then(Object(Closure))
#25 /Users/ahmedmosaad/Herd/myclass2026-main/vendor/laravel/framework/src/Illuminate/Foundation/Http/Kernel.php(145): Illuminate\\Foundation\\Http\\Kernel->sendRequestThroughRouter(Object(Illuminate\\Http\\Request))
#26 /Users/ahmedmosaad/Herd/myclass2026-main/vendor/laravel/framework/src/Illuminate/Foundation/Application.php(1220): Illuminate\\Foundation\\Http\\Kernel->handle(Object(Illuminate\\Http\\Request))
#27 /Users/ahmedmosaad/Herd/myclass2026-main/public/index.php(20): Illuminate\\Foundation\\Application->handleRequest(Object(Illuminate\\Http\\Request))
#28 /Users/ahmedmosaad/Herd/myclass2026-main/vendor/laravel/framework/src/Illuminate/Foundation/resources/server.php(23): require_once('/Users/ahmedmos...')
#29 {main}
"} 
[2026-02-07 11:48:17] local.ERROR: include(assets/images/icon-copy.svg): Failed to open stream: No such file or directory {"userId":810,"exception":"[object] (ErrorException(code: 0): include(assets/images/icon-copy.svg): Failed to open stream: No such file or directory at /Users/ahmedmosaad/Herd/myclass2026-main/vendor/symfony/error-handler/ErrorRenderer/HtmlErrorRenderer.php:341)
[stacktrace]
#0 /Users/ahmedmosaad/Herd/myclass2026-main/vendor/laravel/framework/src/Illuminate/Foundation/Bootstrap/HandleExceptions.php(256): Illuminate\\Foundation\\Bootstrap\\HandleExceptions->handleError(2, 'include(assets/...', '/Users/ahmedmos...', 341)
#1 /Users/ahmedmosaad/Herd/myclass2026-main/vendor/symfony/error-handler/ErrorRenderer/HtmlErrorRenderer.php(341): Illuminate\\Foundation\\Bootstrap\\HandleExceptions->{closure:Illuminate\\Foundation\\Bootstrap\\HandleExceptions::forwardsTo():255}(2, 'include(assets/...', '/Users/ahmedmos...', 341)
#2 /Users/ahmedmosaad/Herd/myclass2026-main/vendor/symfony/error-handler/ErrorRenderer/HtmlErrorRenderer.php(341): include('/Users/ahmedmos...')
#3 /Users/ahmedmosaad/Herd/myclass2026-main/vendor/symfony/error-handler/Resources/views/trace.html.php(29): Symfony\\Component\\ErrorHandler\\ErrorRenderer\\HtmlErrorRenderer->include('assets/images/i...')
#4 /Users/ahmedmosaad/Herd/myclass2026-main/vendor/symfony/error-handler/ErrorRenderer/HtmlErrorRenderer.php(341): include('/Users/ahmedmos...')
#5 /Users/ahmedmosaad/Herd/myclass2026-main/vendor/symfony/error-handler/Resources/views/traces.html.php(48): Symfony\\Component\\ErrorHandler\\ErrorRenderer\\HtmlErrorRenderer->include('views/trace.htm...', Array)
#6 /Users/ahmedmosaad/Herd/myclass2026-main/vendor/symfony/error-handler/ErrorRenderer/HtmlErrorRenderer.php(341): include('/Users/ahmedmos...')
#7 /Users/ahmedmosaad/Herd/myclass2026-main/vendor/symfony/error-handler/Resources/views/exception.html.php(54): Symfony\\Component\\ErrorHandler\\ErrorRenderer\\HtmlErrorRenderer->include('views/traces.ht...', Array)
#8 /Users/ahmedmosaad/Herd/myclass2026-main/vendor/symfony/error-handler/ErrorRenderer/HtmlErrorRenderer.php(341): include('/Users/ahmedmos...')
#9 /Users/ahmedmosaad/Herd/myclass2026-main/vendor/symfony/error-handler/Resources/views/exception_full.html.php(35): Symfony\\Component\\ErrorHandler\\ErrorRenderer\\HtmlErrorRenderer->include('views/exception...', Array)
#10 /Users/ahmedmosaad/Herd/myclass2026-main/vendor/symfony/error-handler/ErrorRenderer/HtmlErrorRenderer.php(341): include('/Users/ahmedmos...')
#11 /Users/ahmedmosaad/Herd/myclass2026-main/vendor/symfony/error-handler/ErrorRenderer/HtmlErrorRenderer.php(140): Symfony\\Component\\ErrorHandler\\ErrorRenderer\\HtmlErrorRenderer->include('views/exception...', Array)
#12 /Users/ahmedmosaad/Herd/myclass2026-main/vendor/symfony/error-handler/ErrorRenderer/HtmlErrorRenderer.php(72): Symfony\\Component\\ErrorHandler\\ErrorRenderer\\HtmlErrorRenderer->renderException(Object(Symfony\\Component\\ErrorHandler\\Exception\\FlattenException))
#13 /Users/ahmedmosaad/Herd/myclass2026-main/vendor/laravel/framework/src/Illuminate/Foundation/Exceptions/Handler.php(879): Symfony\\Component\\ErrorHandler\\ErrorRenderer\\HtmlErrorRenderer->render(Object(Symfony\\Component\\ErrorHandler\\Exception\\FlattenException))
#14 /Users/ahmedmosaad/Herd/myclass2026-main/vendor/laravel/framework/src/Illuminate/Foundation/Exceptions/Handler.php(853): Illuminate\\Foundation\\Exceptions\\Handler->renderExceptionWithSymfony(Object(ErrorException), true)
#15 /Users/ahmedmosaad/Herd/myclass2026-main/vendor/laravel/framework/src/Illuminate/Foundation/Exceptions/Handler.php(828): Illuminate\\Foundation\\Exceptions\\Handler->renderExceptionContent(Object(ErrorException))
#16 /Users/ahmedmosaad/Herd/myclass2026-main/vendor/laravel/framework/src/Illuminate/Foundation/Exceptions/Handler.php(807): Illuminate\\Foundation\\Exceptions\\Handler->convertExceptionToResponse(Object(ErrorException))
#17 /Users/ahmedmosaad/Herd/myclass2026-main/vendor/laravel/framework/src/Illuminate/Foundation/Exceptions/Handler.php(706): Illuminate\\Foundation\\Exceptions\\Handler->prepareResponse(Object(Illuminate\\Http\\Request), Object(ErrorException))
#18 /Users/ahmedmosaad/Herd/myclass2026-main/vendor/laravel/framework/src/Illuminate/Foundation/Exceptions/Handler.php(594): Illuminate\\Foundation\\Exceptions\\Handler->renderExceptionResponse(Object(Illuminate\\Http\\Request), Object(ErrorException))
#19 /Users/ahmedmosaad/Herd/myclass2026-main/vendor/laravel/framework/src/Illuminate/Routing/Pipeline.php(51): Illuminate\\Foundation\\Exceptions\\Handler->render(Object(Illuminate\\Http\\Request), Object(ErrorException))
#20 /Users/ahmedmosaad/Herd/myclass2026-main/vendor/laravel/framework/src/Illuminate/Pipeline/Pipeline.php(214): Illuminate\\Routing\\Pipeline->handleException(Object(Illuminate\\Http\\Request), Object(ErrorException))
#21 /Users/ahmedmosaad/Herd/myclass2026-main/vendor/laravel/framework/src/Illuminate/Pipeline/Pipeline.php(127): Illuminate\\Pipeline\\Pipeline->{closure:{closure:Illuminate\\Pipeline\\Pipeline::carry():184}:185}(Object(Illuminate\\Http\\Request))
#22 /Users/ahmedmosaad/Herd/myclass2026-main/vendor/laravel/framework/src/Illuminate/Foundation/Http/Kernel.php(176): Illuminate\\Pipeline\\Pipeline->then(Object(Closure))
#23 /Users/ahmedmosaad/Herd/myclass2026-main/vendor/laravel/framework/src/Illuminate/Foundation/Http/Kernel.php(145): Illuminate\\Foundation\\Http\\Kernel->sendRequestThroughRouter(Object(Illuminate\\Http\\Request))
#24 /Users/ahmedmosaad/Herd/myclass2026-main/vendor/laravel/framework/src/Illuminate/Foundation/Application.php(1220): Illuminate\\Foundation\\Http\\Kernel->handle(Object(Illuminate\\Http\\Request))
#25 /Users/ahmedmosaad/Herd/myclass2026-main/public/index.php(20): Illuminate\\Foundation\\Application->handleRequest(Object(Illuminate\\Http\\Request))
#26 /Users/ahmedmosaad/Herd/myclass2026-main/vendor/laravel/framework/src/Illuminate/Foundation/resources/server.php(23): require_once('/Users/ahmedmos...')
#27 {main}
"} 
[2026-02-07 11:48:17] local.ERROR: include(assets/images/icon-copy.svg): Failed to open stream: No such file or directory {"userId":810,"exception":"[object] (ErrorException(code: 0): include(assets/images/icon-copy.svg): Failed to open stream: No such file or directory at /Users/ahmedmosaad/Herd/myclass2026-main/vendor/symfony/error-handler/ErrorRenderer/HtmlErrorRenderer.php:341)
[stacktrace]
#0 /Users/ahmedmosaad/Herd/myclass2026-main/vendor/laravel/framework/src/Illuminate/Foundation/Bootstrap/HandleExceptions.php(256): Illuminate\\Foundation\\Bootstrap\\HandleExceptions->handleError(2, 'include(assets/...', '/Users/ahmedmos...', 341)
#1 /Users/ahmedmosaad/Herd/myclass2026-main/vendor/symfony/error-handler/ErrorRenderer/HtmlErrorRenderer.php(341): Illuminate\\Foundation\\Bootstrap\\HandleExceptions->{closure:Illuminate\\Foundation\\Bootstrap\\HandleExceptions::forwardsTo():255}(2, 'include(assets/...', '/Users/ahmedmos...', 341)
#2 /Users/ahmedmosaad/Herd/myclass2026-main/vendor/symfony/error-handler/ErrorRenderer/HtmlErrorRenderer.php(341): include('/Users/ahmedmos...')
#3 /Users/ahmedmosaad/Herd/myclass2026-main/vendor/symfony/error-handler/Resources/views/trace.html.php(29): Symfony\\Component\\ErrorHandler\\ErrorRenderer\\HtmlErrorRenderer->include('assets/images/i...')
#4 /Users/ahmedmosaad/Herd/myclass2026-main/vendor/symfony/error-handler/ErrorRenderer/HtmlErrorRenderer.php(341): include('/Users/ahmedmos...')
#5 /Users/ahmedmosaad/Herd/myclass2026-main/vendor/symfony/error-handler/Resources/views/traces.html.php(48): Symfony\\Component\\ErrorHandler\\ErrorRenderer\\HtmlErrorRenderer->include('views/trace.htm...', Array)
#6 /Users/ahmedmosaad/Herd/myclass2026-main/vendor/symfony/error-handler/ErrorRenderer/HtmlErrorRenderer.php(341): include('/Users/ahmedmos...')
#7 /Users/ahmedmosaad/Herd/myclass2026-main/vendor/symfony/error-handler/Resources/views/exception.html.php(54): Symfony\\Component\\ErrorHandler\\ErrorRenderer\\HtmlErrorRenderer->include('views/traces.ht...', Array)
#8 /Users/ahmedmosaad/Herd/myclass2026-main/vendor/symfony/error-handler/ErrorRenderer/HtmlErrorRenderer.php(341): include('/Users/ahmedmos...')
#9 /Users/ahmedmosaad/Herd/myclass2026-main/vendor/symfony/error-handler/Resources/views/exception_full.html.php(35): Symfony\\Component\\ErrorHandler\\ErrorRenderer\\HtmlErrorRenderer->include('views/exception...', Array)
#10 /Users/ahmedmosaad/Herd/myclass2026-main/vendor/symfony/error-handler/ErrorRenderer/HtmlErrorRenderer.php(341): include('/Users/ahmedmos...')
#11 /Users/ahmedmosaad/Herd/myclass2026-main/vendor/symfony/error-handler/ErrorRenderer/HtmlErrorRenderer.php(140): Symfony\\Component\\ErrorHandler\\ErrorRenderer\\HtmlErrorRenderer->include('views/exception...', Array)
#12 /Users/ahmedmosaad/Herd/myclass2026-main/vendor/symfony/error-handler/ErrorRenderer/HtmlErrorRenderer.php(72): Symfony\\Component\\ErrorHandler\\ErrorRenderer\\HtmlErrorRenderer->renderException(Object(Symfony\\Component\\ErrorHandler\\Exception\\FlattenException))
#13 /Users/ahmedmosaad/Herd/myclass2026-main/vendor/laravel/framework/src/Illuminate/Foundation/Exceptions/Handler.php(879): Symfony\\Component\\ErrorHandler\\ErrorRenderer\\HtmlErrorRenderer->render(Object(Symfony\\Component\\ErrorHandler\\Exception\\FlattenException))
#14 /Users/ahmedmosaad/Herd/myclass2026-main/vendor/laravel/framework/src/Illuminate/Foundation/Exceptions/Handler.php(853): Illuminate\\Foundation\\Exceptions\\Handler->renderExceptionWithSymfony(Object(ErrorException), true)
#15 /Users/ahmedmosaad/Herd/myclass2026-main/vendor/laravel/framework/src/Illuminate/Foundation/Exceptions/Handler.php(828): Illuminate\\Foundation\\Exceptions\\Handler->renderExceptionContent(Object(ErrorException))
#16 /Users/ahmedmosaad/Herd/myclass2026-main/vendor/laravel/framework/src/Illuminate/Foundation/Exceptions/Handler.php(807): Illuminate\\Foundation\\Exceptions\\Handler->convertExceptionToResponse(Object(ErrorException))
#17 /Users/ahmedmosaad/Herd/myclass2026-main/vendor/laravel/framework/src/Illuminate/Foundation/Exceptions/Handler.php(706): Illuminate\\Foundation\\Exceptions\\Handler->prepareResponse(Object(Illuminate\\Http\\Request), Object(ErrorException))
#18 /Users/ahmedmosaad/Herd/myclass2026-main/vendor/laravel/framework/src/Illuminate/Foundation/Exceptions/Handler.php(594): Illuminate\\Foundation\\Exceptions\\Handler->renderExceptionResponse(Object(Illuminate\\Http\\Request), Object(ErrorException))
#19 /Users/ahmedmosaad/Herd/myclass2026-main/vendor/laravel/framework/src/Illuminate/Foundation/Http/Kernel.php(575): Illuminate\\Foundation\\Exceptions\\Handler->render(Object(Illuminate\\Http\\Request), Object(ErrorException))
#20 /Users/ahmedmosaad/Herd/myclass2026-main/vendor/laravel/framework/src/Illuminate/Foundation/Http/Kernel.php(149): Illuminate\\Foundation\\Http\\Kernel->renderException(Object(Illuminate\\Http\\Request), Object(ErrorException))
#21 /Users/ahmedmosaad/Herd/myclass2026-main/vendor/laravel/framework/src/Illuminate/Foundation/Application.php(1220): Illuminate\\Foundation\\Http\\Kernel->handle(Object(Illuminate\\Http\\Request))
#22 /Users/ahmedmosaad/Herd/myclass2026-main/public/index.php(20): Illuminate\\Foundation\\Application->handleRequest(Object(Illuminate\\Http\\Request))
#23 /Users/ahmedmosaad/Herd/myclass2026-main/vendor/laravel/framework/src/Illuminate/Foundation/resources/server.php(23): require_once('/Users/ahmedmos...')
#24 {main}
"} 
[2026-02-07 11:48:17] local.ERROR: Uncaught ErrorException: include(assets/images/icon-copy.svg): Failed to open stream: No such file or directory in /Users/ahmedmosaad/Herd/myclass2026-main/vendor/symfony/error-handler/ErrorRenderer/HtmlErrorRenderer.php:341
Stack trace:
#0 /Users/ahmedmosaad/Herd/myclass2026-main/vendor/laravel/framework/src/Illuminate/Foundation/Bootstrap/HandleExceptions.php(256): Illuminate\Foundation\Bootstrap\HandleExceptions->handleError(2, 'include(assets/...', '/Users/ahmedmos...', 341)
#1 /Users/ahmedmosaad/Herd/myclass2026-main/vendor/symfony/error-handler/ErrorRenderer/HtmlErrorRenderer.php(341): Illuminate\Foundation\Bootstrap\HandleExceptions->{closure:Illuminate\Foundation\Bootstrap\HandleExceptions::forwardsTo():255}(2, 'include(assets/...', '/Users/ahmedmos...', 341)
#2 /Users/ahmedmosaad/Herd/myclass2026-main/vendor/symfony/error-handler/ErrorRenderer/HtmlErrorRenderer.php(341): include('/Users/ahmedmos...')
#3 /Users/ahmedmosaad/Herd/myclass2026-main/vendor/symfony/error-handler/Resources/views/trace.html.php(29): Symfony\Component\ErrorHandler\ErrorRenderer\HtmlErrorRenderer->include('assets/images/i...')
#4 /Users/ahmedmosaad/Herd/myclass2026-main/vendor/symfony/error-handler/ErrorRenderer/HtmlErrorRenderer.php(341): include('/Users/ahmedmos...')
#5 /Users/ahmedmosaad/Herd/myclass2026-main/vendor/symfony/error-handler/Resources/views/traces.html.php(48): Symfony\Component\ErrorHandler\ErrorRenderer\HtmlErrorRenderer->include('views/trace.htm...', Array)
#6 /Users/ahmedmosaad/Herd/myclass2026-main/vendor/symfony/error-handler/ErrorRenderer/HtmlErrorRenderer.php(341): include('/Users/ahmedmos...')
#7 /Users/ahmedmosaad/Herd/myclass2026-main/vendor/symfony/error-handler/Resources/views/exception.html.php(54): Symfony\Component\ErrorHandler\ErrorRenderer\HtmlErrorRenderer->include('views/traces.ht...', Array)
#8 /Users/ahmedmosaad/Herd/myclass2026-main/vendor/symfony/error-handler/ErrorRenderer/HtmlErrorRenderer.php(341): include('/Users/ahmedmos...')
#9 /Users/ahmedmosaad/Herd/myclass2026-main/vendor/symfony/error-handler/Resources/views/exception_full.html.php(35): Symfony\Component\ErrorHandler\ErrorRenderer\HtmlErrorRenderer->include('views/exception...', Array)
#10 /Users/ahmedmosaad/Herd/myclass2026-main/vendor/symfony/error-handler/ErrorRenderer/HtmlErrorRenderer.php(341): include('/Users/ahmedmos...')
#11 /Users/ahmedmosaad/Herd/myclass2026-main/vendor/symfony/error-handler/ErrorRenderer/HtmlErrorRenderer.php(140): Symfony\Component\ErrorHandler\ErrorRenderer\HtmlErrorRenderer->include('views/exception...', Array)
#12 /Users/ahmedmosaad/Herd/myclass2026-main/vendor/symfony/error-handler/ErrorRenderer/HtmlErrorRenderer.php(72): Symfony\Component\ErrorHandler\ErrorRenderer\HtmlErrorRenderer->renderException(Object(Symfony\Component\ErrorHandler\Exception\FlattenException))
#13 /Users/ahmedmosaad/Herd/myclass2026-main/vendor/laravel/framework/src/Illuminate/Foundation/Exceptions/Handler.php(879): Symfony\Component\ErrorHandler\ErrorRenderer\HtmlErrorRenderer->render(Object(Symfony\Component\ErrorHandler\Exception\FlattenException))
#14 /Users/ahmedmosaad/Herd/myclass2026-main/vendor/laravel/framework/src/Illuminate/Foundation/Exceptions/Handler.php(853): Illuminate\Foundation\Exceptions\Handler->renderExceptionWithSymfony(Object(ErrorException), true)
#15 /Users/ahmedmosaad/Herd/myclass2026-main/vendor/laravel/framework/src/Illuminate/Foundation/Exceptions/Handler.php(828): Illuminate\Foundation\Exceptions\Handler->renderExceptionContent(Object(ErrorException))
#16 /Users/ahmedmosaad/Herd/myclass2026-main/vendor/laravel/framework/src/Illuminate/Foundation/Exceptions/Handler.php(807): Illuminate\Foundation\Exceptions\Handler->convertExceptionToResponse(Object(ErrorException))
#17 /Users/ahmedmosaad/Herd/myclass2026-main/vendor/laravel/framework/src/Illuminate/Foundation/Exceptions/Handler.php(706): Illuminate\Foundation\Exceptions\Handler->prepareResponse(Object(Illuminate\Http\Request), Object(ErrorException))
#18 /Users/ahmedmosaad/Herd/myclass2026-main/vendor/laravel/framework/src/Illuminate/Foundation/Exceptions/Handler.php(594): Illuminate\Foundation\Exceptions\Handler->renderExceptionResponse(Object(Illuminate\Http\Request), Object(ErrorException))
#19 /Users/ahmedmosaad/Herd/myclass2026-main/vendor/laravel/framework/src/Illuminate/Foundation/Bootstrap/HandleExceptions.php(219): Illuminate\Foundation\Exceptions\Handler->render(Object(Illuminate\Http\Request), Object(ErrorException))
#20 /Users/ahmedmosaad/Herd/myclass2026-main/vendor/laravel/framework/src/Illuminate/Foundation/Bootstrap/HandleExceptions.php(196): Illuminate\Foundation\Bootstrap\HandleExceptions->renderHttpResponse(Object(ErrorException))
#21 /Users/ahmedmosaad/Herd/myclass2026-main/vendor/laravel/framework/src/Illuminate/Foundation/Bootstrap/HandleExceptions.php(256): Illuminate\Foundation\Bootstrap\HandleExceptions->handleException(Object(ErrorException))
#22 [internal function]: Illuminate\Foundation\Bootstrap\HandleExceptions->{closure:Illuminate\Foundation\Bootstrap\HandleExceptions::forwardsTo():255}(Object(ErrorException))
#23 {main}
  thrown {"userId":810,"exception":"[object] (Symfony\\Component\\ErrorHandler\\Error\\FatalError(code: 0): Uncaught ErrorException: include(assets/images/icon-copy.svg): Failed to open stream: No such file or directory in /Users/ahmedmosaad/Herd/myclass2026-main/vendor/symfony/error-handler/ErrorRenderer/HtmlErrorRenderer.php:341
Stack trace:
#0 /Users/ahmedmosaad/Herd/myclass2026-main/vendor/laravel/framework/src/Illuminate/Foundation/Bootstrap/HandleExceptions.php(256): Illuminate\\Foundation\\Bootstrap\\HandleExceptions->handleError(2, 'include(assets/...', '/Users/ahmedmos...', 341)
#1 /Users/ahmedmosaad/Herd/myclass2026-main/vendor/symfony/error-handler/ErrorRenderer/HtmlErrorRenderer.php(341): Illuminate\\Foundation\\Bootstrap\\HandleExceptions->{closure:Illuminate\\Foundation\\Bootstrap\\HandleExceptions::forwardsTo():255}(2, 'include(assets/...', '/Users/ahmedmos...', 341)
#2 /Users/ahmedmosaad/Herd/myclass2026-main/vendor/symfony/error-handler/ErrorRenderer/HtmlErrorRenderer.php(341): include('/Users/ahmedmos...')
#3 /Users/ahmedmosaad/Herd/myclass2026-main/vendor/symfony/error-handler/Resources/views/trace.html.php(29): Symfony\\Component\\ErrorHandler\\ErrorRenderer\\HtmlErrorRenderer->include('assets/images/i...')
#4 /Users/ahmedmosaad/Herd/myclass2026-main/vendor/symfony/error-handler/ErrorRenderer/HtmlErrorRenderer.php(341): include('/Users/ahmedmos...')
#5 /Users/ahmedmosaad/Herd/myclass2026-main/vendor/symfony/error-handler/Resources/views/traces.html.php(48): Symfony\\Component\\ErrorHandler\\ErrorRenderer\\HtmlErrorRenderer->include('views/trace.htm...', Array)
#6 /Users/ahmedmosaad/Herd/myclass2026-main/vendor/symfony/error-handler/ErrorRenderer/HtmlErrorRenderer.php(341): include('/Users/ahmedmos...')
#7 /Users/ahmedmosaad/Herd/myclass2026-main/vendor/symfony/error-handler/Resources/views/exception.html.php(54): Symfony\\Component\\ErrorHandler\\ErrorRenderer\\HtmlErrorRenderer->include('views/traces.ht...', Array)
#8 /Users/ahmedmosaad/Herd/myclass2026-main/vendor/symfony/error-handler/ErrorRenderer/HtmlErrorRenderer.php(341): include('/Users/ahmedmos...')
#9 /Users/ahmedmosaad/Herd/myclass2026-main/vendor/symfony/error-handler/Resources/views/exception_full.html.php(35): Symfony\\Component\\ErrorHandler\\ErrorRenderer\\HtmlErrorRenderer->include('views/exception...', Array)
#10 /Users/ahmedmosaad/Herd/myclass2026-main/vendor/symfony/error-handler/ErrorRenderer/HtmlErrorRenderer.php(341): include('/Users/ahmedmos...')
#11 /Users/ahmedmosaad/Herd/myclass2026-main/vendor/symfony/error-handler/ErrorRenderer/HtmlErrorRenderer.php(140): Symfony\\Component\\ErrorHandler\\ErrorRenderer\\HtmlErrorRenderer->include('views/exception...', Array)
#12 /Users/ahmedmosaad/Herd/myclass2026-main/vendor/symfony/error-handler/ErrorRenderer/HtmlErrorRenderer.php(72): Symfony\\Component\\ErrorHandler\\ErrorRenderer\\HtmlErrorRenderer->renderException(Object(Symfony\\Component\\ErrorHandler\\Exception\\FlattenException))
#13 /Users/ahmedmosaad/Herd/myclass2026-main/vendor/laravel/framework/src/Illuminate/Foundation/Exceptions/Handler.php(879): Symfony\\Component\\ErrorHandler\\ErrorRenderer\\HtmlErrorRenderer->render(Object(Symfony\\Component\\ErrorHandler\\Exception\\FlattenException))
#14 /Users/ahmedmosaad/Herd/myclass2026-main/vendor/laravel/framework/src/Illuminate/Foundation/Exceptions/Handler.php(853): Illuminate\\Foundation\\Exceptions\\Handler->renderExceptionWithSymfony(Object(ErrorException), true)
#15 /Users/ahmedmosaad/Herd/myclass2026-main/vendor/laravel/framework/src/Illuminate/Foundation/Exceptions/Handler.php(828): Illuminate\\Foundation\\Exceptions\\Handler->renderExceptionContent(Object(ErrorException))
#16 /Users/ahmedmosaad/Herd/myclass2026-main/vendor/laravel/framework/src/Illuminate/Foundation/Exceptions/Handler.php(807): Illuminate\\Foundation\\Exceptions\\Handler->convertExceptionToResponse(Object(ErrorException))
#17 /Users/ahmedmosaad/Herd/myclass2026-main/vendor/laravel/framework/src/Illuminate/Foundation/Exceptions/Handler.php(706): Illuminate\\Foundation\\Exceptions\\Handler->prepareResponse(Object(Illuminate\\Http\\Request), Object(ErrorException))
#18 /Users/ahmedmosaad/Herd/myclass2026-main/vendor/laravel/framework/src/Illuminate/Foundation/Exceptions/Handler.php(594): Illuminate\\Foundation\\Exceptions\\Handler->renderExceptionResponse(Object(Illuminate\\Http\\Request), Object(ErrorException))
#19 /Users/ahmedmosaad/Herd/myclass2026-main/vendor/laravel/framework/src/Illuminate/Foundation/Bootstrap/HandleExceptions.php(219): Illuminate\\Foundation\\Exceptions\\Handler->render(Object(Illuminate\\Http\\Request), Object(ErrorException))
#20 /Users/ahmedmosaad/Herd/myclass2026-main/vendor/laravel/framework/src/Illuminate/Foundation/Bootstrap/HandleExceptions.php(196): Illuminate\\Foundation\\Bootstrap\\HandleExceptions->renderHttpResponse(Object(ErrorException))
#21 /Users/ahmedmosaad/Herd/myclass2026-main/vendor/laravel/framework/src/Illuminate/Foundation/Bootstrap/HandleExceptions.php(256): Illuminate\\Foundation\\Bootstrap\\HandleExceptions->handleException(Object(ErrorException))
#22 [internal function]: Illuminate\\Foundation\\Bootstrap\\HandleExceptions->{closure:Illuminate\\Foundation\\Bootstrap\\HandleExceptions::forwardsTo():255}(Object(ErrorException))
#23 {main}
  thrown at /Users/ahmedmosaad/Herd/myclass2026-main/vendor/symfony/error-handler/ErrorRenderer/HtmlErrorRenderer.php:341)
[stacktrace]
#0 {main}
"} 
[2026-02-07 11:51:01] local.INFO: Menu Request: {"user_id":810,"actual_role":"student","requested_role":"student","is_admin":false,"has_super_admin":false} 
[2026-02-07 11:53:51] local.INFO: Menu Request: {"user_id":810,"actual_role":"student","requested_role":"student","is_admin":false,"has_super_admin":false} 
[2026-02-07 11:54:22] local.INFO: Menu Request: {"user_id":810,"actual_role":"student","requested_role":"student","is_admin":false,"has_super_admin":false} 
[2026-02-07 11:54:40] local.INFO: Menu Request: {"user_id":810,"actual_role":"student","requested_role":"student","is_admin":false,"has_super_admin":false} 
[2026-02-07 12:00:07] local.INFO: Menu Request: {"user_id":810,"actual_role":"student","requested_role":"student","is_admin":false,"has_super_admin":false} 
[2026-02-07 12:02:39] local.INFO: Menu Request: {"user_id":810,"actual_role":"student","requested_role":"student","is_admin":false,"has_super_admin":false} 
[2026-02-07 12:02:40] local.INFO: Menu Request: {"user_id":19,"actual_role":"teacher","requested_role":"admin","is_admin":false,"has_super_admin":true} 
[2026-02-07 12:02:40] local.INFO: Role Override Applied: admin  
[2026-02-07 12:02:40] local.INFO: Menu Request: {"user_id":19,"actual_role":"teacher","requested_role":"admin","is_admin":false,"has_super_admin":true} 
[2026-02-07 12:02:40] local.INFO: Role Override Applied: admin  
